# 3ds Max Wavefront OBJ Exporter v0.99 - (c)2007 guruware
# File Created: 07.01.2025 12:59:58

#
# object BrazoIzquierdoBoss
#

v  -0.0776 -0.5902 0.9621
v  -0.1081 -0.5586 0.9656
v  -0.0895 -0.5709 0.9478
v  0.2835 -0.0302 -0.0710
v  0.2794 -0.0750 -0.0795
v  0.2833 -0.0272 -0.0722
v  0.2846 -0.0497 -0.0631
v  0.2850 -0.0523 -0.0610
v  0.2851 -0.0529 -0.0605
v  0.2591 -0.0872 -0.0757
v  0.2664 -0.0608 -0.0529
v  0.2803 -0.0551 -0.0584
v  0.1415 -0.0574 -0.0492
v  0.1440 -0.0760 -0.0337
v  0.2435 -0.1670 -0.1439
v  0.2576 -0.2329 -0.0733
v  0.2342 -0.2433 -0.0724
v  0.2962 -0.1695 0.0248
v  0.2626 -0.2438 -0.0534
v  0.2719 -0.1653 0.0113
v  0.2921 -0.1526 0.0021
v  0.2197 -0.1710 -0.1503
v  0.1930 -0.2436 -0.0705
v  0.2427 -0.0163 -0.1543
v  0.2030 -0.0988 -0.2280
v  0.2266 -0.0782 -0.2275
v  0.1479 -0.0319 -0.2988
v  0.1979 -0.0659 -0.1559
v  0.1967 -0.0548 -0.1647
v  0.1984 -0.0717 -0.1510
v  0.1828 -0.0775 -0.1486
v  0.1618 -0.0540 -0.1697
v  0.1387 -0.0765 -0.1547
v  0.1643 -0.1037 -0.2210
v  0.1041 -0.0692 -0.1662
v  0.1081 -0.0426 -0.1875
v  0.2132 -0.0197 -0.2901
v  0.2450 -0.1533 -0.1493
v  0.1867 -0.0270 -0.3058
v  0.2105 -0.1297 -0.0890
v  0.1866 -0.1052 -0.1192
v  0.1107 -0.4125 1.0160
v  0.1104 -0.3600 1.0178
v  0.0878 -0.3882 1.0173
v  0.2651 -0.0137 -0.1472
v  -0.1167 -0.0276 -0.2455
v  -0.0501 -0.0597 -0.2034
v  -0.0483 -0.0021 -0.1533
v  -0.0704 -0.1227 -0.1866
v  -0.0686 -0.0651 -0.1365
v  0.1118 -0.3892 0.6094
v  0.0896 -0.3885 0.6099
v  0.1125 -0.3659 0.6101
v  0.1349 -0.3931 0.6443
v  0.0832 -0.5656 1.0119
v  0.1045 -0.5949 1.0108
v  0.1074 -0.5425 1.0123
v  0.1409 -0.3925 1.0162
v  0.1366 -0.5641 1.0111
v  0.1342 -0.4104 0.6440
v  0.1321 -0.4663 0.6113
v  0.1095 -0.3586 0.9708
v  -0.0688 -0.3829 0.6110
v  -0.0765 -0.5919 1.0142
v  -0.0704 -0.3536 1.0215
v  -0.0492 -0.3833 1.0200
v  -0.0734 -0.4060 1.0199
v  -0.1484 -0.1260 -0.2192
v  -0.0768 -0.5394 1.0159
v  -0.1072 -0.5603 1.0158
v  -0.0539 -0.5635 1.0148
v  0.0520 -0.0655 -0.1113
v  0.0165 -0.1197 -0.0264
v  -0.0414 -0.1276 -0.0379
v  -0.0772 -0.5389 0.9949
v  -0.0542 -0.5628 0.9936
v  -0.0739 -0.4055 0.9990
v  0.1846 -0.0201 -0.0987
v  0.1404 -0.0191 -0.1048
v  -0.0496 -0.3826 0.9992
v  -0.1025 -0.3840 1.0211
v  0.1910 -0.0695 -0.0463
v  0.1213 -0.0765 -0.0869
v  0.0866 -0.0679 -0.0965
v  0.1516 -0.0930 0.0344
v  0.1458 -0.0174 0.0173
v  0.1532 -0.0838 0.0569
v  0.1542 -0.0682 0.0755
v  0.1467 -0.0889 -0.0132
v  -0.0650 -0.5865 0.6202
v  0.0768 -0.5891 0.6177
v  -0.0473 -0.5909 0.7468
v  0.1543 -0.0476 0.0883
v  -0.0899 -0.3591 0.6122
v  -0.1139 -0.3842 0.6462
v  -0.0906 -0.3823 0.6116
v  0.2860 -0.0703 -0.0445
v  -0.1146 -0.4015 0.6459
v  0.1394 -0.0349 -0.0582
v  -0.1167 -0.4597 0.6120
v  0.1379 -0.0107 -0.0598
v  0.1372 0.0129 -0.0538
v  -0.1186 -0.5383 0.6126
v  -0.0952 -0.5367 0.5682
v  -0.0961 -0.5629 0.5676
v  0.1892 -0.1271 -0.0964
v  0.1680 -0.1605 -0.0464
v  0.0818 -0.5967 0.8705
v  0.1369 -0.3963 0.7493
v  0.2144 -0.1706 -0.0222
v  0.2077 -0.1851 -0.0001
v  -0.1133 -0.5468 0.8864
v  -0.1112 -0.4682 0.8916
v  -0.0887 -0.5738 0.9288
v  -0.1097 -0.3906 0.8619
v  0.2179 -0.1483 -0.0575
v  0.1698 -0.1028 0.0037
v  0.0939 -0.1172 -0.0202
v  0.0921 -0.1748 -0.0703
v  0.0551 -0.1158 -0.0209
v  0.1493 -0.0947 0.0102
v  0.2354 -0.0868 -0.0109
v  0.0908 -0.1497 0.0126
v  0.1101 -0.1347 0.0268
v  0.0313 -0.1250 0.0308
v  0.0890 -0.2074 -0.0375
v  0.0288 -0.2051 -0.0389
v  0.0533 -0.1735 -0.0710
v  0.2198 -0.3177 0.0095
v  0.1802 -0.3152 0.0081
v  0.2095 -0.1274 0.0500
v  0.2514 -0.3072 0.0157
v  0.2156 -0.1726 -0.0186
v  -0.0482 -0.1222 0.0290
v  0.2871 -0.2427 0.1050
v  0.2763 -0.3023 0.1722
v  0.2547 -0.3194 0.0254
v  0.2578 -0.2384 0.0935
v  -0.0320 -0.2110 -0.0475
v  0.0147 -0.1774 -0.0765
v  0.2956 -0.2349 0.2653
v  0.2769 -0.3182 0.1875
v  0.2446 -0.3091 0.1731
v  -0.0432 -0.1850 -0.0879
v  -0.1441 -0.2232 -0.0653
v  0.3026 -0.0160 0.0798
v  0.2972 0.0143 0.1471
v  0.3069 -0.0394 0.0735
v  0.3103 -0.0581 0.0613
v  0.3126 -0.0705 0.0755
v  0.3099 -0.0598 0.0603
v  0.3102 -0.0585 0.0610
v  0.2943 -0.0829 0.0905
v  0.3163 -0.0909 0.0989
v  0.3012 -0.0061 0.1667
v  0.2307 -0.1165 0.0694
v  0.2387 -0.0876 0.0979
v  0.2102 -0.1040 0.0704
v  0.2849 -0.2316 0.0948
v  0.3050 -0.1523 0.1699
v  0.2900 -0.0662 0.2386
v  0.2801 -0.1544 0.1733
v  0.2632 -0.0633 0.2457
v  0.2923 -0.0751 0.2507
v  0.3063 -0.1619 0.1809
v  0.2815 -0.1326 0.3196
v  0.2955 -0.2206 0.2489
v  0.2500 -0.1317 0.3272
v  0.2672 -0.2241 0.2539
v  0.2623 -0.3801 0.2592
v  0.2822 -0.1459 0.3372
v  0.2676 -0.2078 0.4090
v  0.2807 -0.2968 0.3370
v  0.0927 -0.2820 0.1127
v  0.1031 -0.2603 0.1196
v  0.0894 -0.3306 0.1715
v  0.0992 -0.3205 0.1927
v  0.1537 -0.0240 0.0943
v  0.3000 -0.0840 0.0223
v  0.2994 -0.0850 0.0200
v  0.0241 -0.2507 0.1226
v  0.0289 -0.2741 0.1153
v  0.0198 -0.3132 0.1947
v  0.0272 -0.2635 0.1027
v  0.0946 -0.2719 0.1000
v  0.0307 -0.2103 0.0414
v  -0.0560 -0.2562 0.1304
v  -0.0786 -0.3016 0.1494
v  -0.0862 -0.2788 0.1575
v  -0.0902 -0.3390 0.2269
v  -0.0873 -0.2530 0.2997
v  0.0151 -0.2269 0.0614
v  0.0258 -0.3244 0.1733
v  0.0263 -0.3357 0.1886
v  0.2123 -0.0340 0.1313
v  0.2392 -0.0715 0.1120
v  0.2331 -0.0392 0.1366
v  0.2334 -0.0387 0.1359
v  0.1123 -0.0212 0.2107
v  0.1593 -0.0324 0.2043
v  0.1425 -0.0436 0.1932
v  0.0320 -0.0524 0.1821
v  0.0328 -0.0263 0.2047
v  0.1114 -0.0494 0.1863
v  0.1613 -0.1121 0.1411
v  0.1407 -0.1117 0.1290
v  0.1630 -0.0559 0.1938
v  0.2306 -0.1321 0.0547
v  0.2302 -0.1327 0.0553
v  0.2303 -0.1007 0.0095
v  0.1141 -0.0065 0.1382
v  0.1078 -0.1719 0.0711
v  0.1597 -0.1064 0.2497
v  0.1581 -0.1623 0.1990
v  0.1608 -0.1263 0.1300
v  0.1578 -0.1747 0.1857
v  0.1562 -0.2284 0.1373
v  -0.0507 -0.0863 0.2780
v  0.0198 -0.0308 0.2473
v  0.0289 -0.1618 0.0732
v  -0.0551 -0.2299 0.1532
v  -0.0446 -0.0048 0.1310
v  0.2107 -0.1293 0.3259
v  0.0975 -0.1214 0.3572
v  0.1085 -0.0827 0.2783
v  0.1010 -0.0685 0.2995
v  0.1386 -0.1049 0.2610
v  0.0998 -0.0591 0.2888
v  0.1306 -0.3018 0.2109
v  0.1526 -0.2893 0.2099
v  0.1542 -0.2356 0.2565
v  0.1557 -0.2412 0.1526
v  0.1590 -0.1200 0.2621
v  0.1365 -0.1728 0.1995
v  0.2458 0.0375 0.0663
v  0.2453 0.0359 0.0677
v  0.1561 -0.1676 0.3151
v  0.1575 -0.1731 0.2143
v  0.2451 0.0331 0.0700
v  0.2279 -0.2217 0.2525
v  0.1921 -0.2068 0.4157
v  0.1348 -0.1662 0.3288
v  0.1046 -0.1442 0.3458
v  0.1290 -0.0099 0.2222
v  -0.0515 -0.1125 0.2552
v  0.0291 -0.0856 0.2730
v  0.0369 -0.0119 0.2277
v  0.0340 -0.0611 0.2845
v  -0.0472 -0.0789 0.3064
v  -0.0809 -0.1106 0.3072
v  0.0331 -0.0709 0.2948
v  0.0298 -0.1216 0.3532
v  0.0250 -0.1447 0.3412
v  -0.0717 -0.0984 0.3298
v  -0.0746 -0.1440 0.3823
v  0.1501 -0.3074 0.3421
v  0.1267 -0.3624 0.2836
v  0.1290 -0.2949 0.3402
v  0.1515 -0.2817 0.3390
v  0.1310 -0.2274 0.3966
v  0.1327 -0.2339 0.2699
v  0.1544 -0.2342 0.2843
v  0.2438 -0.3803 0.0915
v  0.2067 -0.3895 0.0878
v  0.0293 -0.1297 0.3626
v  0.1672 -0.3873 0.0866
v  0.1592 -0.1808 0.0800
v  0.2052 -0.3067 0.1717
v  0.1385 -0.1805 0.0653
v  0.1070 -0.2000 0.0467
v  0.1502 -0.2118 0.0393
v  0.1508 -0.1907 0.0576
v  0.1192 -0.2105 0.0388
v  0.0280 -0.1881 0.0504
v  0.0977 -0.2207 0.0381
v  0.1346 -0.2411 0.1380
v  0.0892 -0.3419 0.1870
v  0.0953 -0.3808 0.2655
v  0.0861 -0.3895 0.2451
v  -0.0819 -0.3508 0.2061
v  0.1573 -0.1873 0.2007
v  0.1524 -0.3021 0.2236
v  0.1490 -0.3511 0.2825
v  0.1228 -0.4230 0.3562
v  0.1351 -0.4332 0.3485
v  0.1484 -0.3626 0.2954
v  0.1507 -0.2966 0.3286
v  0.0018 -0.4321 0.2981
v  0.1541 -0.2470 0.2715
v  0.1561 -0.1813 0.3303
v  0.1545 -0.2206 0.2690
v  -0.0583 -0.2205 0.3798
v  -0.0627 -0.3642 0.2549
v  -0.0619 -0.3379 0.2777
v  0.1866 -0.3843 0.2615
v  0.2318 -0.2093 0.4172
v  0.2488 -0.3014 0.3435
v  0.2093 -0.2992 0.3424
v  0.1529 -0.2290 0.3830
v  0.1518 -0.2438 0.3985
v  0.1504 -0.2950 0.3558
v  0.1134 -0.2563 0.4920
v  0.0969 -0.2674 0.4808
v  0.1437 -0.2771 0.4756
v  -0.0847 -0.1675 0.3727
v  0.1272 -0.2884 0.4646
v  -0.1358 0.0477 0.1702
v  0.1443 -0.2577 0.4925
v  0.1474 -0.3415 0.4093
v  0.1490 -0.2901 0.4500
v  0.2423 -0.1149 0.4772
v  0.2571 -0.0533 0.4058
v  0.1008 -0.2059 0.4132
v  0.2543 -0.0409 0.3865
v  0.1994 -0.1123 0.4861
v  0.0961 -0.2937 0.4580
v  0.1252 -0.3560 0.4107
v  0.2650 0.0155 0.3165
v  0.2307 0.0324 0.3138
v  0.0176 -0.2629 0.4775
v  0.1782 -0.0324 0.3950
v  0.1596 -0.1099 0.4849
v  0.2177 -0.0347 0.3962
v  0.0984 -0.1294 0.3669
v  0.0952 -0.1830 0.4254
v  0.0168 -0.2890 0.4549
v  0.2263 -0.3868 0.2630
v  0.2316 -0.4594 0.1778
v  0.2464 -0.3978 0.1064
v  0.1884 -0.4671 0.1777
v  0.1487 -0.4648 0.1765
v  0.1345 -0.4526 0.3316
v  0.1036 -0.4511 0.3310
v  0.0159 -0.3756 0.2667
v  0.0933 -0.3368 0.5062
v  0.0152 -0.3065 0.5082
v  0.1168 -0.3117 0.5092
v  -0.0862 -0.3010 0.5069
v  -0.0651 -0.3286 0.5043
v  0.1145 -0.3855 0.4451
v  0.1468 -0.3574 0.3997
v  0.1104 -0.3752 0.5474
v  -0.0885 -0.3762 0.4416
v  -0.0687 -0.4460 0.4022
v  0.0877 -0.3988 0.2605
v  0.0845 -0.4489 0.3216
v  0.0215 -0.3944 0.2615
v  0.0914 -0.4409 0.3386
v  0.0884 -0.3862 0.5358
v  -0.0703 -0.3807 0.5389
v  0.1079 -0.4729 0.5443
v  0.1090 -0.4641 0.5654
v  0.0869 -0.4634 0.5659
v  0.0120 -0.4383 0.3389
v  0.1453 -0.4124 0.3551
v  0.0922 -0.4147 0.3614
v  0.1301 -0.5429 0.6100
v  0.1065 -0.5667 0.5638
v  0.0843 -0.5388 0.5311
v  0.0849 -0.5400 0.5651
v  0.1330 -0.5469 0.7446
v  0.0051 -0.5647 0.5670
v  0.1054 -0.5705 0.5413
v  -0.0934 -0.4588 0.5670
v  -0.0718 -0.4593 0.5664
v  -0.0742 -0.5363 0.5342
v  -0.0738 -0.5372 0.5679
v  -0.0979 -0.5674 0.5454
v  -0.0528 -0.1656 0.4063
v  0.0230 -0.3855 0.2460
v  -0.0955 -0.4677 0.5484
v  -0.0928 -0.3682 0.5514
v  -0.0594 -0.3716 0.2293
v  0.0128 -0.4120 0.3617
v  0.0182 -0.4466 0.3217
v  0.1600 -0.0113 0.2226
v  0.0898 -0.4521 0.4060
v  -0.0575 -0.1943 0.4026
v  0.0261 -0.1813 0.4220
v  0.0214 -0.2037 0.4092
v  0.1122 -0.4594 0.3809
v  -0.0908 -0.4515 0.3762
v  0.0260 -0.1888 0.4307
v  0.0956 -0.1907 0.4342
v  0.0077 -0.2208 0.4663
v  0.0229 -0.2406 0.4904
v  0.0922 -0.2447 0.4932
v  0.2590 -0.0017 -0.1594
v  0.2456 0.0558 -0.2228
v  0.2646 0.1326 -0.1564
v  0.2503 0.2094 -0.0894
v  0.2492 0.1374 -0.1614
v  0.2311 0.2204 -0.0886
v  0.2638 0.1541 -0.0239
v  0.2362 0.2332 0.0433
v  0.2227 0.2875 -0.0230
v  0.1969 0.3051 -0.0172
v  0.2780 0.0762 -0.0920
v  0.2656 0.0676 -0.0817
v  0.2844 0.0845 0.0592
v  0.2867 0.0661 -0.0142
v  0.2855 0.0650 -0.0794
v  0.2869 0.0677 0.0102
v  0.2869 0.0675 0.0071
v  0.2480 0.1519 -0.0081
v  0.2699 0.1437 -0.0103
v  0.2892 0.0596 0.0373
v  0.2887 0.0619 0.0338
v  0.2408 0.0713 0.0225
v  0.1671 0.1173 -0.0208
v  0.2394 0.0820 0.0088
v  0.1138 -0.5775 0.9246
v  0.2908 0.0430 -0.0543
v  0.2903 0.0417 -0.0558
v  -0.0602 -0.5942 0.8737
v  0.1355 -0.5507 0.8792
v  0.0953 -0.3970 0.8905
v  0.1173 -0.3977 0.8899
v  0.1181 -0.3744 0.8906
v  -0.0841 -0.3679 0.8969
v  0.1387 -0.3995 0.8538
v  0.0961 -0.3983 0.9335
v  0.1208 -0.3772 0.9533
v  0.1400 -0.3909 0.9680
v  0.0874 -0.3876 0.9963
v  0.2884 0.0557 -0.0387
v  0.1163 -0.4752 0.9295
v  0.0954 -0.4745 0.9297
v  0.0954 -0.4746 0.9297
v  0.2881 0.0572 -0.0369
v  0.0954 -0.4746 0.8423
v  0.2863 0.0209 -0.0684
v  0.1374 -0.4745 0.8828
v  0.0950 -0.4722 0.9286
v  0.0944 -0.4685 0.9267
v  0.1382 -0.4166 0.8532
v  0.2839 -0.0029 -0.0740
v  0.1374 0.0335 -0.0409
v  0.2884 0.0626 0.0306
v  0.2427 0.0594 0.0382
v  0.2428 0.0596 0.0375
v  0.2404 0.0593 0.0385
v  0.2426 0.0607 0.0360
v  0.1423 0.0600 0.0243
v  0.0945 -0.4688 0.9300
v  0.0921 -0.5508 0.9259
v  0.0941 -0.4826 0.9293
v  0.1401 0.0582 0.0001
v  0.1384 0.0491 -0.0223
v  0.0915 -0.4505 0.8423
v  0.0915 -0.4505 0.9943
v  0.0805 -0.4289 0.8423
v  0.1910 0.0349 0.3124
v  0.1357 -0.5625 0.9596
v  0.0954 -0.4746 0.9306
v  0.0951 -0.4761 0.9303
v  0.0817 -0.4312 0.9951
v  0.0841 -0.4359 0.9948
v  0.1103 -0.4119 0.9951
v  0.0805 -0.4289 0.9951
v  0.0633 -0.4117 0.9960
v  0.2768 0.0559 0.0434
v  0.0828 -0.5651 0.9909
v  0.1070 -0.5419 0.9914
v  0.2644 0.0834 0.0726
v  0.2706 0.0538 0.0467
v  0.2436 0.0499 0.0533
v  0.2434 0.0518 0.0503
v  0.0954 -0.4746 0.9934
v  0.0915 -0.4986 0.9928
v  0.0633 -0.4117 0.8423
v  0.0915 -0.4986 0.8423
v  0.2370 0.0566 0.0428
v  0.2260 0.0545 -0.2328
v  0.1873 0.0498 -0.2260
v  0.2104 0.1325 -0.1544
v  0.2327 0.0021 -0.1099
v  0.2335 0.0279 -0.0874
v  0.1059 -0.0116 -0.1161
v  0.0716 -0.0079 -0.1309
v  0.1925 0.2157 -0.0818
v  0.1582 0.3002 -0.0102
v  -0.0601 -0.4746 0.8423
v  -0.0064 -0.4007 0.8423
v  0.0805 -0.5203 0.8423
v  -0.0563 -0.4986 0.8423
v  0.1747 0.2328 0.0715
v  0.2360 0.1057 -0.0198
v  0.2351 0.0797 -0.0424
v  0.0633 -0.5375 0.9921
v  0.0805 -0.5203 0.9923
v  0.0336 -0.5498 0.9260
v  0.2343 0.0539 -0.0649
v  0.1136 0.1353 -0.0329
v  0.1396 0.1035 0.0729
v  0.0633 -0.5375 0.8423
v  0.1035 -0.5931 0.9581
v  0.1154 -0.5742 0.9434
v  0.0122 -0.5756 0.9255
v  -0.0850 -0.3909 0.8959
v  -0.0633 -0.3916 0.8955
v  -0.0626 -0.3929 0.9377
v  -0.0846 -0.3698 0.9588
v  -0.0715 -0.3524 0.9752
v  -0.1035 -0.3825 0.9750
v  -0.0064 -0.4007 0.9978
v  -0.0281 -0.4117 0.9978
v  0.0603 -0.4101 0.9961
v  0.0416 -0.4007 0.9968
v  0.0176 -0.3968 0.9974
v  -0.0055 -0.4005 0.9978
v  -0.0168 -0.4075 0.9978
v  0.0176 -0.3968 0.8423
v  -0.0367 -0.4203 0.9978
v  0.0416 -0.4007 0.8423
v  -0.1098 0.1953 -0.0518
v  -0.1388 0.1840 0.0503
v  0.0317 0.1426 0.0539
v  0.0856 0.1181 0.0594
v  0.2405 0.2241 0.0574
v  0.2549 0.1659 0.1282
v  0.2134 0.2377 0.0645
v  0.2302 0.1700 0.1461
v  -0.0645 -0.4707 0.9354
v  -0.0665 -0.5482 0.9295
v  0.2537 0.1625 0.1425
v  0.2839 0.0784 0.0715
v  -0.0601 -0.4746 0.9965
v  -0.0563 -0.4505 0.9972
v  -0.0860 -0.4700 0.9359
v  -0.0453 -0.4289 0.9977
v  -0.0281 -0.4117 0.8423
v  -0.0453 -0.4289 0.8423
v  -0.0563 -0.4505 0.8423
v  0.2454 0.0361 0.0675
v  0.2930 0.0330 0.0676
v  0.2458 0.0392 0.0649
v  0.2435 0.0464 0.0589
v  0.2433 0.0488 0.0551
v  -0.0453 -0.5203 0.8423
v  -0.0281 -0.5375 0.8423
v  -0.0064 -0.5485 0.8423
v  0.0176 -0.5523 0.8423
v  0.0416 -0.5485 0.8423
v  0.0176 -0.5523 0.9925
v  -0.0064 -0.5485 0.9931
v  0.0416 -0.5485 0.9922
v  0.0176 -0.5523 0.9285
v  0.0093 -0.5510 0.9275
v  0.2835 0.0529 0.0481
v  0.2890 0.0525 0.0487
v  0.2936 0.0304 0.0697
v  0.2981 0.0081 0.0785
v  0.2976 0.0108 0.0774
v  0.2898 0.0489 0.0544
v  0.2894 0.0508 0.0514
v  0.2985 0.0059 0.0786
v  0.2435 0.0412 0.0633
v  0.2326 0.0529 0.0486
v  0.1449 0.0541 0.0478
v  -0.0022 -0.5492 0.9267
v  0.2377 0.0461 0.0595
v  0.1476 0.0413 0.0682
v  0.2333 0.0521 0.0500
v  0.1522 0.0002 0.0927
v  0.1501 0.0227 0.0837
v  0.0127 -0.5515 0.9260
v  0.0212 -0.5517 0.9260
v  0.2773 0.0075 0.1614
v  0.2449 0.1024 0.2281
v  0.2727 0.0826 0.2304
v  0.2616 0.0238 0.3033
v  0.0176 -0.5523 0.9260
v  -0.0281 -0.5375 0.9939
v  -0.0453 -0.5203 0.9948
v  -0.0464 -0.5180 0.9949
v  -0.0271 -0.5379 0.9939
v  -0.0563 -0.4986 0.9957
v  0.2679 0.1010 0.2170
v  -0.0882 -0.5475 0.9299
v  -0.1103 -0.4082 0.8613
v  0.1913 0.1654 0.1528
v  0.2037 0.1020 0.2299
v  0.0957 0.0103 0.1517
v  0.0355 0.0138 0.1514
v  -0.0247 0.0253 0.1578
v  0.0348 -0.0087 0.1318
v  0.1030 -0.0078 0.2330
v  0.2308 -0.0909 -0.2163
v  0.2789 -0.0864 -0.0717
v  0.2379 -0.0916 -0.0253
v  0.2381 -0.0846 -0.0192
v  0.2363 -0.0867 -0.0111
v  0.2947 -0.0867 -0.0009
v  0.2940 -0.0869 -0.0039
v  0.2898 -0.0820 -0.0238
v  0.2893 -0.0814 -0.0260
v  0.3049 -0.0757 0.0421
v  0.3053 -0.0743 0.0436
v  0.3054 -0.0738 0.0442
v  0.2854 -0.0684 -0.0475
v  0.2848 -0.0632 -0.0518
v  0.2891 -0.0812 -0.0271
v  0.2799 -0.0626 -0.0521
# 604 vertices

vn -0.7043 -0.6482 -0.2896
vn 0.9700 -0.0417 -0.2395
vn 0.9699 -0.0416 -0.2401
vn 0.9700 -0.0420 -0.2396
vn 0.9702 -0.0431 -0.2383
vn 0.4957 -0.6408 0.5863
vn 0.4955 -0.6409 0.5862
vn 0.5254 -0.6286 0.5735
vn 0.0398 0.6433 0.7646
vn 0.0402 0.6421 0.7656
vn 0.0404 0.6414 0.7661
vn 0.0422 0.6397 0.7675
vn 0.2732 -0.6751 -0.6852
vn 0.4825 0.5216 -0.7037
vn 0.4818 0.5219 -0.7039
vn 0.3570 -0.7579 0.5460
vn 0.6138 -0.6639 0.4273
vn -0.0250 -0.7352 -0.6774
vn 0.9454 -0.1213 -0.3025
vn 0.5828 -0.6791 0.4462
vn -0.9110 0.1935 0.3642
vn 0.1083 -0.6244 -0.7736
vn 0.0971 -0.6153 -0.7823
vn 0.0957 -0.6161 -0.7818
vn 0.0960 -0.6171 -0.7810
vn -0.9133 0.2004 0.3546
vn 0.1209 -0.6306 -0.7666
vn 0.1203 -0.6310 -0.7664
vn -0.0299 -0.7355 -0.6769
vn -0.0293 -0.7375 -0.6747
vn 0.5125 -0.5699 -0.6424
vn 0.4659 -0.7007 0.5404
vn 0.5305 -0.5644 -0.6324
vn 0.1517 -0.7072 -0.6906
vn 0.1408 -0.7110 -0.6889
vn 0.0215 -0.0324 0.9992
vn 0.1758 0.6073 -0.7747
vn 0.1541 -0.6307 -0.7606
vn -0.2179 -0.6362 0.7401
vn 0.9406 -0.2388 0.2412
vn 0.1340 -0.6734 -0.7270
vn 0.9407 -0.2386 0.2412
vn -0.0219 0.0308 -0.9993
vn 0.8333 -0.0112 -0.5528
vn 0.0112 -0.0303 0.9995
vn 0.0190 -0.0298 0.9994
vn 0.8743 0.2200 -0.4326
vn 0.8327 -0.0206 -0.5534
vn 0.7287 0.6848 0.0066
vn 0.0184 -0.0307 0.9994
vn 0.0177 -0.0324 0.9993
vn 0.0154 -0.0290 0.9995
vn -0.0058 0.0145 -0.9999
vn 0.0185 -0.0250 0.9995
vn 0.0194 -0.0382 0.9991
vn 0.0182 -0.0298 0.9994
vn 0.0282 -0.0320 0.9991
vn 0.3737 -0.3497 -0.8591
vn 0.3740 -0.3504 -0.8587
vn 0.0205 -0.0317 0.9993
vn 0.0123 -0.0317 0.9994
vn 0.1023 -0.8573 -0.5045
vn 0.0206 -0.0383 0.9991
vn 0.2212 -0.7947 -0.5653
vn 0.7239 0.6899 0.0044
vn 0.7207 0.6931 0.0121
vn -0.7197 -0.6942 -0.0072
vn -0.7178 -0.6962 -0.0098
vn 0.6824 -0.7303 -0.0328
vn -0.9952 -0.0446 0.0869
vn -0.1188 -0.6494 0.7511
vn 0.6861 -0.7264 -0.0412
vn -0.1182 -0.6492 0.7514
vn 0.0179 -0.0310 0.9994
vn 0.0176 -0.0313 0.9994
vn 0.0812 -0.7199 -0.6893
vn 0.0198 -0.0307 0.9993
vn -0.9995 0.0258 0.0194
vn 0.4909 -0.4044 -0.7717
vn 0.1691 -0.3445 -0.9234
vn 0.9939 0.0539 -0.0958
vn 0.9939 0.0534 -0.0966
vn 0.9939 0.0531 -0.0967
vn -0.0192 -0.9993 -0.0319
vn 0.9939 0.0531 -0.0969
vn -0.0088 0.0460 -0.9989
vn -0.8308 0.0421 -0.5550
vn 0.0064 0.8472 0.5312
vn 0.0398 0.6435 0.7644
vn -0.0277 0.0292 -0.9992
vn -0.8308 0.0429 -0.5549
vn 0.9940 0.0523 -0.0965
vn -0.8538 0.2847 -0.4359
vn 0.9938 0.0539 -0.0970
vn 0.9938 0.0542 -0.0970
vn 0.9938 0.0538 -0.0974
vn -0.9958 -0.0432 0.0810
vn -0.8849 0.0399 -0.4642
vn 0.0699 0.3759 0.9240
vn -0.9407 0.2383 -0.2413
vn -0.0166 -0.9994 -0.0294
vn 0.7693 0.6388 0.0048
vn 0.0907 -0.8451 -0.5269
vn -0.9995 0.0253 0.0202
vn -0.7328 -0.6804 -0.0069
vn -0.7414 -0.6711 -0.0050
vn -0.9995 0.0242 0.0214
vn -0.9995 0.0243 0.0214
vn -0.9962 -0.0381 0.0786
vn 0.0904 -0.8459 -0.5257
vn 0.0902 -0.8456 -0.5261
vn 0.0769 -0.8514 -0.5188
vn 0.1564 -0.7025 -0.6943
vn -0.9107 0.1986 0.3623
vn -0.9409 0.2383 -0.2408
vn 0.2984 -0.8475 -0.4389
vn 0.3172 -0.8620 -0.3953
vn 0.1135 0.6499 -0.7515
vn 0.1132 0.6496 -0.7518
vn -0.0211 -0.8497 -0.5269
vn -0.0286 0.9694 0.2439
vn 0.9939 0.0533 -0.0971
vn 0.9938 0.0534 -0.0980
vn -0.0429 -0.6559 0.7536
vn 0.1568 -0.8609 -0.4840
vn 0.1471 -0.8623 -0.4845
vn -0.0537 -0.8335 -0.5500
vn 0.2966 -0.6718 -0.6787
vn -0.0277 -0.7347 -0.6778
vn 0.3329 -0.6841 -0.6490
vn 0.3336 -0.6850 -0.6477
vn -0.0101 -0.7079 -0.7062
vn 0.0372 0.6550 -0.7547
vn -0.9135 0.1960 0.3566
vn -0.9231 0.1954 0.3312
vn -0.9679 0.2440 0.0596
vn -0.0249 -0.7377 -0.6746
vn -0.1149 -0.6494 0.7517
vn -0.0211 -0.7372 -0.6754
vn -0.1150 -0.6497 0.7514
vn 0.3566 -0.7167 -0.5993
vn 0.3785 -0.7172 -0.5851
vn -0.9682 0.2421 0.0627
vn 0.1527 -0.8469 -0.5093
vn -0.8495 0.2928 0.4389
vn -0.0400 -0.6546 0.7549
vn -0.0419 -0.6545 0.7549
vn 0.9505 -0.2922 -0.1058
vn -0.0420 -0.6545 0.7549
vn 0.3573 0.5954 -0.7196
vn 0.3693 0.5864 -0.7209
vn -0.0435 -0.6564 0.7531
vn 0.1623 -0.7641 -0.6244
vn 0.1669 -0.7626 -0.6250
vn -0.0129 -0.7094 -0.7047
vn 0.1239 -0.7486 0.6514
vn 0.4652 0.5464 -0.6964
vn 0.2167 -0.7926 -0.5699
vn 0.0618 0.6538 -0.7541
vn 0.0617 0.6538 -0.7542
vn 0.0413 0.6548 -0.7547
vn 0.9738 0.1314 -0.1859
vn 0.2699 -0.7788 -0.5662
vn -0.0477 -0.6567 0.7526
vn 0.1947 -0.8268 -0.5276
vn 0.1776 -0.8046 -0.5667
vn 0.9835 0.1811 -0.0032
vn 0.9835 0.1810 -0.0030
vn 0.9835 0.1810 -0.0031
vn 0.9744 -0.0636 -0.2155
vn 0.9739 -0.0657 -0.2172
vn 0.4646 0.5450 -0.6980
vn -0.1096 0.5329 -0.8391
vn 0.4662 0.6020 -0.6483
vn -0.3381 -0.6114 0.7154
vn 0.9757 -0.2161 -0.0355
vn 0.4804 0.5334 -0.6962
vn 0.6142 -0.6274 0.4786
vn 0.7208 -0.5534 0.4175
vn 0.1570 -0.5989 0.7852
vn 0.1453 -0.5992 0.7873
vn 0.9833 0.0313 0.1792
vn 0.9833 0.0273 0.1799
vn 0.3694 0.6196 -0.6925
vn 0.3800 0.6158 -0.6902
vn 0.9849 0.0211 0.1717
vn 0.1712 -0.6007 0.7810
vn 0.2093 -0.5841 0.7843
vn 0.1539 -0.6995 0.6979
vn 0.9758 -0.2162 -0.0316
vn 0.9474 -0.2974 -0.1183
vn 0.9457 -0.3031 -0.1176
vn 0.1549 -0.7465 0.6471
vn 0.3790 0.5844 -0.7175
vn 0.1413 -0.7012 0.6988
vn 0.3694 0.5863 -0.7210
vn 0.9779 -0.2076 -0.0262
vn 0.9849 0.0184 0.1723
vn 0.9747 -0.2237 0.0048
vn 0.4853 0.5306 -0.6949
vn 0.9813 -0.0078 0.1925
vn 0.9746 -0.2238 0.0092
vn 0.4874 0.5919 -0.6420
vn 0.1700 -0.7021 0.6915
vn 0.2061 -0.6951 0.6888
vn 0.9779 -0.2077 -0.0242
vn 0.4677 0.6016 -0.6476
vn -0.1106 0.5275 -0.8423
vn -0.1070 0.2402 -0.9648
vn 0.9036 -0.3537 -0.2415
vn 0.9017 -0.3561 -0.2452
vn 0.9939 0.0523 -0.0972
vn -0.0857 0.9255 -0.3690
vn -0.1109 0.5258 -0.8434
vn -0.1105 0.5282 -0.8419
vn -0.9726 -0.1441 -0.1826
vn -0.0012 0.3044 -0.9525
vn -0.0840 -0.8433 0.5308
vn -0.0000 0.2986 -0.9544
vn -0.0826 -0.8417 0.5336
vn -0.1191 -0.7466 -0.6545
vn -0.9913 -0.0665 -0.1135
vn -0.6817 0.0348 -0.7308
vn -0.9987 0.0473 -0.0165
vn -0.7076 0.0589 -0.7041
vn -0.9428 -0.2230 -0.2477
vn -0.9695 -0.1566 -0.1884
vn -0.0009 0.2634 -0.9647
vn -0.0701 -0.8926 0.4453
vn -0.3375 -0.6110 0.7161
vn 0.0288 0.7660 0.6422
vn 0.0540 0.6576 -0.7515
vn 0.0142 0.6549 -0.7556
vn 0.4033 0.6224 -0.6708
vn 0.0368 0.6853 -0.7273
vn 0.3894 0.6238 -0.6777
vn -0.2000 -0.5242 0.8278
vn -0.3377 -0.6118 0.7153
vn -0.3385 -0.6113 0.7154
vn -0.0186 -0.7450 -0.6668
vn -0.3382 -0.6116 0.7152
vn -0.3386 -0.6112 0.7154
vn -0.0566 -0.8196 -0.5702
vn -0.1283 -0.6483 0.7505
vn 0.0308 0.6839 -0.7289
vn 0.9988 -0.0446 0.0194
vn 0.9989 -0.0448 0.0154
vn 0.9989 -0.0440 0.0168
vn 0.4504 0.6617 0.5994
vn 0.9989 -0.0443 0.0162
vn -0.6449 0.7551 -0.1179
vn -0.0628 0.7460 0.6629
vn -0.0117 -0.7549 -0.6557
vn -0.0118 -0.7550 -0.6556
vn -0.9988 0.0452 -0.0163
vn -0.9860 -0.0711 -0.1508
vn 0.0143 0.6550 -0.7555
vn 0.9598 0.1760 0.2188
vn 0.0490 0.6537 -0.7552
vn 0.6825 -0.5611 -0.4683
vn 0.9387 0.2271 0.2595
vn 0.3842 0.6733 0.6317
vn 0.3879 0.6728 0.6300
vn 0.3821 -0.6127 0.6918
vn 0.3836 -0.7177 -0.5812
vn 0.4690 0.5855 -0.6613
vn 0.3280 -0.6403 0.6945
vn 0.3219 -0.6403 0.6974
vn -0.9407 0.3287 0.0840
vn 0.4524 0.6512 0.6094
vn -0.6786 0.6912 0.2486
vn 0.9990 -0.0431 0.0154
vn -0.9884 -0.0260 -0.1494
vn -0.9770 -0.0129 -0.2128
vn 0.4410 0.6532 0.6155
vn 0.6811 -0.5617 -0.4697
vn 0.9572 0.1849 0.2228
vn -0.6921 0.5529 0.4639
vn -0.7492 0.4470 -0.4887
vn -0.7492 0.4466 -0.4892
vn -0.9851 0.1529 0.0784
vn -0.9837 0.1577 0.0864
vn -0.0452 -0.4186 0.9070
vn -0.0458 -0.4172 0.9077
vn -0.0149 0.8472 -0.5311
vn 0.9041 0.2968 0.3075
vn -0.6444 0.7560 -0.1153
vn -0.6830 0.7232 -0.1020
vn 0.0072 0.8291 -0.5590
vn 0.0084 0.8317 -0.5552
vn -0.0723 0.7556 0.6510
vn -0.9845 0.1573 0.0781
vn -0.7827 0.4214 -0.4580
vn -0.6824 0.7223 -0.1118
vn 0.0228 0.7547 0.6556
vn 0.4062 0.5790 -0.7069
vn 0.3858 -0.5984 0.7023
vn 0.3826 -0.7079 -0.5938
vn 0.3818 -0.7083 -0.5938
vn 0.2457 -0.7331 -0.6342
vn 0.9522 -0.2862 -0.1068
vn 0.1774 -0.7424 0.6460
vn -0.0419 0.7378 0.6738
vn -0.9836 0.1600 0.0826
vn 0.9019 0.2986 0.3122
vn -0.0209 -0.7352 -0.6775
vn 0.0284 0.8148 -0.5790
vn -0.0212 -0.7353 -0.6774
vn -0.0486 -0.4587 0.8872
vn -0.0513 -0.4524 0.8903
vn -0.1201 -0.7621 -0.6362
vn 0.9989 -0.0441 0.0148
vn -0.9455 0.2645 0.1898
vn 0.0396 0.6546 -0.7549
vn 0.0466 0.6482 -0.7601
vn 0.0707 0.6525 -0.7545
vn 0.0393 0.6308 -0.7749
vn 0.0140 0.3781 -0.9257
vn 0.0137 0.3799 -0.9249
vn -0.1129 -0.7474 -0.6547
vn -0.1253 -0.7566 -0.6418
vn 0.0502 0.6778 -0.7335
vn 0.4625 0.5947 -0.6576
vn 0.4766 0.5861 -0.6552
vn 0.9989 -0.0438 0.0148
vn 0.9202 -0.3229 -0.2211
vn -0.7209 -0.5158 -0.4628
vn 0.9238 -0.3179 -0.2135
vn -0.7292 -0.5073 -0.4592
vn 0.4012 -0.7142 -0.5735
vn 0.0006 0.2566 -0.9665
vn 0.8983 -0.3610 -0.2505
vn -0.0908 -0.7499 -0.6553
vn -0.7279 -0.3055 -0.6138
vn -0.0741 -0.8853 0.4590
vn -0.9929 0.0932 -0.0744
vn -0.9494 0.2574 0.1802
vn -0.0126 -0.7551 -0.6555
vn 0.3847 -0.6234 0.6807
vn 0.4652 0.5850 -0.6644
vn 0.4516 0.5866 -0.6723
vn 0.4763 0.5809 -0.6601
vn 0.3940 -0.7166 -0.5756
vn 0.4033 -0.7018 -0.5872
vn 0.3375 -0.7328 -0.5908
vn 0.3421 -0.7309 -0.5906
vn 0.4480 0.6622 0.6006
vn 0.7181 0.5150 0.4681
vn 0.3862 -0.6233 0.6799
vn 0.3348 -0.7207 -0.6070
vn 0.3395 -0.7205 -0.6047
vn 0.4010 -0.7143 -0.5736
vn 0.7185 0.5148 0.4677
vn 0.0637 0.6534 -0.7544
vn -0.1483 -0.7582 -0.6349
vn -0.9908 -0.0706 -0.1155
vn 0.3425 -0.6105 0.7142
vn 0.3917 0.5869 -0.7086
vn 0.8854 -0.3741 -0.2759
vn 0.0636 0.6538 -0.7540
vn -0.7596 0.4398 -0.4793
vn -0.7808 0.4233 -0.4596
vn 0.9988 -0.0464 0.0187
vn -0.7807 0.4238 -0.4593
vn 0.3341 -0.6142 0.7149
vn -0.7031 0.0331 -0.7104
vn 0.8820 -0.3806 -0.2779
vn 0.8884 -0.3703 -0.2715
vn -0.7596 0.4398 -0.4790
vn -0.9988 0.0452 -0.0167
vn 0.9987 -0.0472 0.0187
vn -0.9423 -0.2246 -0.2483
vn 0.4563 0.5755 -0.6787
vn 0.9989 -0.0449 0.0165
vn 0.9989 -0.0449 0.0160
vn 0.9989 -0.0442 0.0155
vn 0.4308 0.6700 0.6046
vn -0.8295 -0.3442 0.4399
vn -0.8074 -0.3723 0.4577
vn 0.4310 0.6699 0.6045
vn -0.9691 0.2464 0.0125
vn -0.9791 0.1824 0.0896
vn -0.9801 0.1783 0.0872
vn 0.2423 -0.5785 0.7789
vn -0.9867 -0.0652 -0.1492
vn -0.9983 0.0525 -0.0244
vn 0.3760 0.6885 0.6202
vn 0.3839 0.6873 0.6166
vn 0.4121 0.5904 -0.6940
vn 0.4116 0.5905 -0.6942
vn 0.3831 -0.6127 0.6913
vn 0.3999 -0.6082 0.6858
vn 0.4049 -0.7016 -0.5863
vn 0.3904 -0.5960 0.7017
vn 0.4953 0.5485 -0.6737
vn 0.9990 -0.0418 0.0175
vn 0.9988 -0.0462 0.0177
vn 0.3989 -0.6087 0.6859
vn 0.4564 0.5755 -0.6786
vn -0.0575 -0.6302 0.7743
vn -0.0554 -0.6679 0.7422
vn -0.9988 0.0459 -0.0176
vn -0.0519 -0.6563 0.7527
vn -0.8072 -0.3730 0.4576
vn -0.7789 0.4304 -0.4562
vn -0.9988 0.0458 -0.0163
vn -0.0523 -0.6542 0.7545
vn -0.0392 -0.6545 0.7551
vn 0.9989 -0.0445 0.0172
vn 0.4252 -0.5701 0.7030
vn 0.9633 0.0729 0.2585
vn 0.9633 0.0693 0.2593
vn -0.6911 0.5536 0.4647
vn -0.6974 0.5479 0.4620
vn 0.9640 0.1095 0.2422
vn 0.9811 -0.0120 0.1932
vn 0.4680 0.6042 -0.6449
vn 0.1344 -0.5628 0.8156
vn 0.1821 0.7256 0.6635
vn -0.0601 -0.6216 0.7810
vn 0.2032 -0.5975 0.7757
vn 0.4176 -0.5743 0.7042
vn -0.0491 -0.6540 0.7549
vn 0.3064 0.7178 0.6252
vn -0.0685 -0.6529 0.7543
vn -0.9501 -0.1106 -0.2916
vn 0.1214 -0.5608 0.8190
vn 0.2902 0.7190 0.6316
vn 0.4486 0.6122 -0.6511
vn 0.1814 0.7261 0.6633
vn 0.1850 -0.5274 0.8292
vn 0.9717 0.1454 0.1862
vn -0.0685 -0.6530 0.7542
vn 0.2034 -0.7383 0.6430
vn 0.9518 -0.3005 -0.0621
vn 0.2007 -0.6998 0.6856
vn 0.2391 -0.6903 0.6829
vn 0.9516 -0.3002 -0.0659
vn 0.4463 0.5493 -0.7065
vn 0.1202 -0.7487 0.6520
vn 0.2516 -0.7341 -0.6307
vn 0.4660 0.5313 -0.7075
vn 0.1352 -0.7635 -0.6315
vn -0.0229 -0.7545 -0.6559
vn -0.0621 -0.7107 0.7008
vn -0.0699 -0.7104 0.7003
vn 0.1369 -0.7640 -0.6306
vn -0.0236 -0.7546 -0.6558
vn 0.1310 -0.7499 0.6484
vn -0.0690 -0.6775 0.7323
vn -0.0589 -0.6768 0.7338
vn -0.9361 0.3378 0.0981
vn 0.9036 -0.3544 -0.2405
vn -0.0931 -0.7680 -0.6336
vn 0.9988 -0.0458 0.0159
vn -0.0252 -0.7709 -0.6365
vn -0.0532 -0.9101 0.4108
vn 0.0153 0.1043 -0.9944
vn 0.0181 0.1105 -0.9937
vn 0.0203 0.7633 0.6457
vn 0.9988 -0.0453 0.0162
vn -0.5258 0.5672 -0.6339
vn 0.9988 -0.0460 0.0179
vn 0.3620 0.6937 0.6227
vn 0.3581 0.6957 0.6227
vn 0.0180 0.5142 0.8575
vn 0.4189 -0.6971 -0.5819
vn 0.0305 0.7444 0.6671
vn 0.4173 -0.6979 -0.5820
vn 0.5957 0.5162 -0.6153
vn 0.5954 0.5165 -0.6154
vn -0.0614 -0.7701 -0.6349
vn 0.9199 -0.3256 -0.2186
vn -0.9989 0.0444 -0.0157
vn 0.0179 0.1111 -0.9936
vn 0.9194 -0.3264 -0.2196
vn -0.0116 -0.7127 0.7013
vn 0.0229 0.7546 0.6557
vn -0.4589 -0.0160 0.8884
vn 0.0238 0.7547 0.6556
vn -0.0046 0.5071 -0.8619
vn -0.0284 -0.9004 0.4342
vn 0.3164 -0.7369 -0.5974
vn -0.0485 -0.6547 0.7543
vn 0.3169 -0.7367 -0.5973
vn 0.7190 0.5142 0.4675
vn 0.7188 0.5145 0.4675
vn 0.8934 -0.0145 -0.4490
vn 0.8930 -0.0151 -0.4499
vn 0.7151 0.5172 0.4703
vn 0.8757 0.2204 -0.4296
vn -0.7091 -0.5239 -0.4719
vn 0.9995 -0.0260 -0.0176
vn 0.9995 -0.0261 -0.0180
vn -0.7237 -0.5133 -0.4614
vn -0.4566 -0.0154 0.8895
vn -0.0223 0.0164 -0.9996
vn -0.0439 0.0123 -0.9990
vn 0.7418 -0.6697 -0.0351
vn -0.0304 -0.9165 -0.3988
vn -0.4545 -0.0164 0.8906
vn -0.0121 0.5034 -0.8639
vn -0.0147 0.5041 -0.8635
vn -0.9996 0.0245 0.0137
vn -0.9994 0.0272 0.0213
vn 0.0359 0.9989 0.0308
vn 0.0355 0.9989 0.0300
vn -0.9996 0.0252 0.0122
vn 0.0243 0.3211 0.9467
vn -0.0175 0.0337 -0.9993
vn -0.0324 -0.0578 -0.9978
vn -0.0054 0.0198 -0.9998
vn -0.0188 -0.9161 -0.4006
vn -0.9281 0.3052 0.2132
vn -0.9265 0.3091 0.2148
vn -0.7266 0.0297 0.6864
vn 0.0240 0.7545 0.6559
vn 0.0318 0.8214 -0.5694
vn 0.4950 0.5487 -0.6737
vn 0.9990 -0.0414 0.0170
vn 0.4542 0.6499 0.6094
vn -0.0599 -0.5930 0.8030
vn -0.0662 -0.5925 0.8029
vn 0.2120 -0.5180 0.8287
vn -0.0674 -0.6283 0.7750
vn 0.4325 0.6550 0.6196
vn -0.0192 -0.6559 0.7546
vn -0.7187 -0.5178 -0.4641
vn -0.0486 -0.6369 0.7694
vn -0.0738 -0.6533 0.7535
vn -0.0538 -0.6495 0.7584
vn -0.0242 -0.7710 -0.6364
vn -0.0584 -0.7527 -0.6558
vn -0.9515 -0.2041 -0.2302
vn 0.0032 0.2663 -0.9639
vn 0.0022 0.2714 -0.9625
vn -0.0240 -0.9134 -0.4063
vn -0.0164 -0.9995 -0.0263
vn -0.0182 -0.9993 -0.0339
vn 0.0239 0.3193 0.9474
vn 0.4698 -0.0388 0.8819
vn 0.4671 -0.0379 0.8834
vn -0.8534 0.2846 -0.4367
vn -0.8877 0.0183 -0.4600
vn -0.0110 -0.7203 0.6936
vn -0.0519 -0.9086 0.4143
vn -0.9498 -0.2091 -0.2326
vn 0.9729 0.1400 0.1837
vn 0.8845 -0.3750 -0.2775
vn -0.0188 -0.7529 -0.6578
vn -0.7273 -0.6799 0.0937
vn -0.7505 -0.6543 0.0926
vn -0.7270 -0.6789 0.1028
vn -0.8317 -0.3491 0.4318
vn -0.9478 -0.2133 -0.2371
vn -0.7493 -0.6564 0.0875
vn -0.8317 -0.3494 0.4314
vn -0.0308 -0.9040 0.4265
vn -0.0192 -0.6558 0.7547
vn -0.0281 -0.7545 -0.6557
vn -0.9463 -0.2176 -0.2393
vn 0.0195 0.5500 0.8349
vn 0.0348 0.5312 0.8465
vn -0.9942 0.0299 -0.1033
vn 0.8851 -0.3745 -0.2763
vn 0.4670 -0.0379 0.8834
vn -0.0092 -0.7552 -0.6555
vn -0.8851 0.0145 -0.4652
vn -0.0113 -0.0197 -0.9997
vn 0.4257 0.6592 0.6199
vn -0.0310 -0.0137 -0.9994
vn -0.0104 0.0241 -0.9997
vn 0.6952 -0.5524 -0.4599
vn 0.9989 -0.0447 0.0170
vn 0.9988 -0.0455 0.0164
vn 0.9963 -0.0717 0.0469
vn 0.4531 0.6506 0.6094
vn 0.6896 -0.5570 -0.4629
vn 0.3205 -0.6044 0.7294
vn 0.3297 -0.6004 0.7286
vn -0.0380 -0.6295 0.7761
vn -0.0597 -0.6215 0.7811
vn 0.6891 -0.5580 -0.4624
vn -0.6884 0.5550 0.4670
vn 0.0231 0.7376 0.6748
vn -0.8257 -0.3514 0.4414
vn -0.8279 -0.3532 0.4356
vn -0.7266 0.0288 0.6864
vn -0.0552 -0.4845 0.8731
vn -0.0575 -0.4788 0.8761
vn 0.9990 -0.0419 0.0177
vn 0.9988 -0.0456 0.0172
vn 0.9985 -0.0500 0.0224
vn 0.9987 -0.0271 0.0425
vn -0.5255 0.5672 -0.6342
vn 0.9988 -0.0452 0.0161
vn -0.0277 -0.7651 -0.6433
vn 0.9994 -0.0262 0.0244
vn -0.0441 0.7559 0.6533
vn -0.0140 0.7373 0.6754
vn 0.5951 0.5165 -0.6157
vn -0.9836 0.1589 0.0851
vn -0.9837 0.1588 0.0850
vn 0.0516 0.8140 -0.5786
vn 0.0518 0.8144 -0.5780
vn -0.8038 -0.3756 0.4614
vn -0.8037 -0.3761 0.4611
vn 0.0378 0.7538 0.6560
vn -0.9814 0.1686 0.0920
vn 0.9059 0.2938 0.3049
vn 0.9051 0.2959 0.3053
vn -0.6948 0.0194 0.7190
vn 0.0309 0.7542 0.6559
vn -0.0126 0.7554 0.6551
vn 0.9076 0.2910 0.3026
vn -0.6927 0.0285 0.7206
vn -0.0187 -0.8213 -0.5702
vn 0.0431 0.9690 -0.2431
vn 0.0432 0.9694 -0.2418
vn -0.0116 -0.7551 -0.6555
vn -0.0133 -0.7533 -0.6575
vn -0.9987 0.0250 -0.0439
vn -0.9985 0.0503 -0.0223
vn -0.9990 0.0420 -0.0127
vn -0.0242 -0.8242 -0.5658
vn -0.0640 -0.4891 0.8699
vn -0.0641 -0.4887 0.8701
vn 0.9803 0.1150 0.1605
vn 0.9808 0.1126 0.1594
vn 0.0165 0.7367 0.6761
vn -0.9794 0.1745 0.1018
vn -0.9131 0.1856 0.3631
vn 0.9709 -0.0352 -0.2370
vn 0.3527 0.6591 -0.6643
vn 0.4062 0.6431 -0.6491
vn 0.9782 0.2058 -0.0276
vn 0.9540 0.2960 0.0481
vn 0.9554 0.2912 0.0491
vn 0.5700 0.6887 0.4482
vn 0.9790 0.2021 -0.0270
vn 0.7257 -0.5427 0.4229
vn 0.9776 0.2096 -0.0216
vn 0.9776 0.2092 -0.0214
vn 0.6713 -0.4145 0.6144
vn 0.7302 -0.3564 0.5830
vn 0.1751 0.6684 -0.7229
vn 0.9769 0.2125 -0.0220
vn 0.9776 0.2095 -0.0216
vn 0.0882 0.7539 0.6511
vn 0.1398 0.7881 0.5995
vn 0.5574 -0.8295 -0.0362
vn 0.5605 -0.8274 -0.0357
vn 0.9717 -0.0354 -0.2335
vn 0.1735 0.6686 -0.7231
vn 0.9702 -0.0403 -0.2387
vn -0.0358 -0.9989 -0.0296
vn 0.9995 -0.0254 -0.0195
vn 0.9994 -0.0254 -0.0218
vn 0.9994 -0.0249 -0.0222
vn 0.9991 -0.0376 -0.0204
vn 0.9994 -0.0253 -0.0220
vn 0.0237 -0.0308 0.9992
vn 0.0334 0.9990 0.0302
vn 0.0342 0.9990 0.0296
vn 0.7759 0.6309 0.0054
vn 0.7713 0.6364 0.0039
vn 0.8585 -0.0440 0.5109
vn 0.6156 0.0178 -0.7879
vn -0.0008 0.6844 -0.7291
vn 0.6885 0.6734 -0.2691
vn 0.7273 0.6863 0.0087
vn -0.7278 -0.6858 -0.0042
vn 0.9776 0.2094 -0.0216
vn 0.0096 -0.0765 0.9970
vn -0.9849 -0.1731 -0.0000
vn 0.9699 -0.0417 -0.2401
vn 0.9107 -0.0422 0.4110
vn 0.0366 0.4518 0.8914
vn 0.0279 0.4544 0.8904
vn 0.0278 0.4540 0.8905
vn 0.8924 0.1955 0.4067
vn 0.8931 0.1958 0.4050
vn -0.9875 -0.1575 -0.0000
vn -0.9874 -0.1583 0.0000
vn 0.8583 -0.0476 0.5109
vn 0.9699 -0.0417 -0.2399
vn 0.9700 -0.0417 -0.2397
vn 0.0354 0.4521 0.8912
vn 0.1032 -0.7638 0.6372
vn 0.9993 -0.0333 -0.0188
vn 0.9996 -0.0220 -0.0166
vn 0.9996 -0.0241 -0.0179
vn 0.1070 -0.2401 0.9648
vn 0.0930 0.0710 0.9931
vn 0.9778 0.2087 -0.0209
vn 0.0285 -0.9691 -0.2450
vn 0.1389 0.7886 0.5990
vn 0.9775 0.2096 -0.0216
vn 0.9995 -0.0225 -0.0205
vn 0.9775 0.2097 -0.0216
vn 0.0284 -0.9695 -0.2436
vn 0.0284 -0.9691 -0.2451
vn 0.9995 -0.0224 -0.0214
vn 0.0105 -0.0505 0.9987
vn 0.0860 -0.9252 0.3696
vn -0.9875 -0.1579 -0.0000
vn -0.9875 -0.1578 -0.0000
vn -0.9871 -0.1600 0.0006
vn -0.8912 -0.4536 -0.0000
vn -0.8840 -0.4180 -0.2094
vn -0.8890 -0.4098 -0.2042
vn 0.6149 0.0234 -0.7882
vn 0.9995 -0.0242 -0.0185
vn 0.6191 0.0251 -0.7849
vn 0.6185 0.0248 -0.7854
vn 0.6161 0.0230 -0.7873
vn 0.0209 -0.0325 0.9993
vn 0.0200 -0.0311 0.9993
vn 0.0200 -0.0312 0.9993
vn -0.8913 -0.4534 -0.0000
vn 0.4994 -0.5143 0.6972
vn 0.0084 -0.0289 0.9995
vn 0.5290 -0.4935 0.6904
vn -0.0063 -0.8470 -0.5315
vn -0.0060 -0.8472 -0.5313
vn -0.0061 -0.8473 -0.5311
vn 0.0285 -0.9692 -0.2448
vn 0.0195 -0.0309 0.9993
vn -0.8897 -0.4083 -0.2043
vn 0.0192 -0.0308 0.9993
vn -0.8886 -0.4107 -0.2042
vn -0.9873 0.1586 -0.0000
vn -0.9875 0.1578 -0.0000
vn -0.8912 -0.4536 0.0000
vn -0.8911 -0.4538 -0.0000
vn -0.7071 -0.7071 -0.0000
vn 0.1399 0.7881 0.5994
vn -0.9875 0.1579 -0.0000
vn -0.9874 0.1579 -0.0000
vn -0.9995 0.0245 0.0211
vn -0.9995 0.0245 0.0210
vn 0.1394 0.7879 0.5999
vn 0.0284 -0.9692 -0.2447
vn -0.2068 0.6729 -0.7102
vn -0.2117 0.7054 -0.6765
vn -0.2127 0.6714 -0.7099
vn 0.4026 0.5303 -0.7461
vn -0.2051 0.7063 -0.6775
vn 0.3445 0.5636 -0.7508
vn 0.3051 0.5573 -0.7722
vn 0.3595 0.5208 -0.7743
vn -0.9146 0.0899 0.3942
vn -0.9042 0.2196 0.3662
vn 0.1215 0.6479 -0.7520
vn 0.1200 0.6490 -0.7513
vn -0.3628 -0.6051 0.7087
vn -0.3621 -0.6050 0.7091
vn -0.3702 -0.6030 0.7066
vn 0.3259 -0.4079 -0.8529
vn 0.2084 -0.3839 -0.8996
vn -0.1787 -0.5603 0.8088
vn 0.1609 -0.3030 -0.9393
vn 0.3357 -0.4043 -0.8508
vn 0.1884 -0.3736 -0.9083
vn -0.2144 0.6170 -0.7572
vn 0.7484 -0.6624 -0.0331
vn -0.2084 0.6169 -0.7589
vn -0.2088 0.5798 -0.7875
vn -0.2149 0.5792 -0.7863
vn 0.0000 0.0000 1.0000
vn 0.0104 -0.0503 0.9987
vn 0.9107 -0.0421 0.4110
vn 0.9995 -0.0241 -0.0188
vn 0.3160 0.6829 -0.6587
vn 0.3621 0.6741 -0.6438
vn -0.9244 -0.3640 -0.1136
vn -0.9294 -0.3312 -0.1626
vn -0.8280 -0.3527 0.4359
vn -0.9448 -0.3186 -0.0762
vn 0.6150 0.0222 -0.7882
vn 0.0193 -0.0308 0.9993
vn 0.0188 -0.0307 0.9993
vn -0.9875 0.1579 0.0000
vn -0.6901 0.7229 0.0341
vn 0.0159 0.9995 0.0256
vn -0.6907 0.7224 0.0328
vn -0.8912 0.4536 -0.0000
vn 0.0016 -0.0481 0.9988
vn 0.1212 0.7712 0.6249
vn -0.9364 -0.2131 0.2788
vn -0.9683 -0.2461 0.0423
vn 0.2657 0.9393 0.2171
vn 0.1200 0.6489 -0.7514
vn 0.1206 0.6496 -0.7506
vn 0.1196 0.6490 -0.7513
vn -0.9365 -0.2126 0.2787
vn -0.9490 -0.0079 0.3152
vn -0.9802 -0.1123 0.1629
vn 0.3637 0.6046 -0.7086
vn 0.3633 0.6048 -0.7087
vn 0.1198 0.6491 -0.7512
vn -0.7071 0.7071 -0.0000
vn 0.6910 -0.7220 -0.0353
vn 0.6898 -0.7230 -0.0367
vn 0.6146 0.0219 -0.7885
vn -0.0174 -0.9993 -0.0336
vn -0.0124 -0.6075 -0.7943
vn 0.6569 -0.6739 -0.3383
vn 0.6146 0.0218 -0.7885
vn 0.0019 -0.0478 0.9989
vn -0.0145 -0.9398 0.3414
vn 0.0144 -0.0444 0.9989
vn 0.0600 -0.9960 0.0665
vn 0.0601 -0.9961 0.0650
vn 0.1032 -0.7631 0.6379
vn 0.1034 -0.7648 0.6359
vn 0.1033 -0.7645 0.6363
vn 0.1105 -0.5286 0.8416
vn 0.1070 -0.2400 0.9649
vn 0.0930 0.0709 0.9931
vn 0.9938 0.0535 -0.0972
vn 0.9938 0.0535 -0.0974
vn 0.0600 -0.9960 0.0667
vn 0.9939 0.0537 -0.0966
vn 0.9938 0.0537 -0.0970
vn 0.0301 -0.0308 0.9991
vn 0.0307 -0.0380 0.9988
vn 0.0349 0.9990 0.0290
vn 0.0098 0.6792 -0.7339
vn -0.6664 0.0453 -0.7443
vn 0.0361 0.9990 0.0251
vn -0.6873 0.7255 0.0344
vn -0.6672 0.7105 -0.2238
vn 0.9995 -0.0247 -0.0210
vn 0.0347 0.9990 0.0297
vn 0.4536 -0.8912 -0.0000
vn 0.0037 0.6785 -0.7346
vn 0.0060 0.6832 -0.7302
vn 0.0354 0.9990 0.0283
vn 0.0198 -0.0312 0.9993
vn 0.0200 -0.0323 0.9993
vn 0.0199 -0.0321 0.9993
vn 0.0200 -0.0328 0.9993
vn 0.0200 -0.0325 0.9993
vn -0.1580 -0.9874 -0.0000
vn 0.1580 -0.9874 -0.0000
vn -0.4536 -0.8912 -0.0000
vn -0.4536 -0.8912 0.0000
vn 0.1577 -0.9875 -0.0000
vn 0.2292 0.9583 0.1709
vn 0.2448 0.9579 0.1498
vn 0.2325 0.6339 -0.7377
vn 0.2327 0.6339 -0.7376
vn 0.3741 0.8847 0.2780
vn 0.1766 0.6715 -0.7196
vn 0.9518 0.3018 0.0550
vn 0.4900 0.7176 0.4949
vn 0.4806 0.7226 0.4969
vn 0.5608 0.6907 0.4566
vn 0.0000 0.0000 -1.0000
vn 0.9530 0.2979 0.0558
vn -0.0373 -0.9986 -0.0365
vn 0.4662 -0.4679 0.7508
vn -0.0356 -0.9990 -0.0270
vn 0.5231 -0.4216 0.7407
vn -0.6675 0.0386 -0.7436
vn -0.6207 0.0758 -0.7804
vn 0.1272 0.6662 -0.7348
vn 0.1281 0.6689 -0.7322
vn 0.0325 0.4499 0.8925
vn 0.1001 0.6662 -0.7390
vn 0.0304 0.4504 0.8923
vn -0.9995 0.0244 0.0182
vn 0.0200 -0.0314 0.9993
vn 0.0201 -0.0310 0.9993
vn 0.7071 -0.7071 0.0000
vn 0.9877 -0.1564 -0.0000
vn -0.4539 -0.8910 -0.0000
vn 0.7070 -0.7072 -0.0000
vn 0.7072 -0.7071 -0.0000
vn 0.8912 -0.4536 -0.0000
vn -0.9358 0.3391 0.0968
vn -0.0398 -0.6432 -0.7646
vn -0.0398 -0.6427 -0.7651
vn -0.0087 -0.9375 0.3478
vn -0.5994 -0.8004 -0.0129
vn -0.8235 -0.4955 -0.2762
vn -0.8234 -0.4956 -0.2762
vn -0.0181 -0.9994 -0.0278
vn 0.0174 0.9993 0.0343
vn 0.0193 -0.0309 0.9993
vn 0.0193 -0.0310 0.9993
vn 0.0194 -0.0306 0.9993
vn -0.0137 -0.6442 -0.7647
vn -0.0134 -0.6447 -0.7643
vn -0.0136 -0.6444 -0.7646
vn -0.9774 -0.0619 -0.2021
vn -0.9774 -0.0628 -0.2021
vn 0.4993 -0.5143 0.6973
vn 0.1279 0.6690 -0.7322
vn 0.1347 0.6683 -0.7316
vn 0.9804 0.1970 -0.0052
vn 0.9805 0.1966 -0.0051
vn 0.9805 0.1966 -0.0045
vn 0.9804 0.1971 -0.0052
vn 0.9804 0.1970 -0.0044
vn 0.9804 0.1970 -0.0053
vn -0.0062 -0.8476 -0.5306
vn -0.0061 -0.8488 -0.5287
vn -0.0060 -0.8475 -0.5308
vn -0.0060 -0.8471 -0.5315
vn -0.0061 -0.8472 -0.5312
vn -0.0064 -0.8474 -0.5308
vn -0.0399 -0.6436 -0.7643
vn 0.4521 0.6626 0.5971
vn -0.0060 -0.8476 -0.5305
vn 0.1428 0.7892 0.5973
vn -0.0060 -0.8474 -0.5310
vn -0.0116 0.6774 0.7356
vn -0.9929 0.0923 -0.0749
vn 0.1564 0.9877 0.0000
vn 0.1563 0.9877 -0.0000
vn -0.1564 0.9877 -0.0000
vn -0.1563 0.9877 -0.0000
vn -0.0061 -0.8479 -0.5301
vn -0.0060 -0.8466 -0.5322
vn -0.0930 -0.0710 -0.9931
vn -0.0932 -0.0697 -0.9932
vn -0.0699 -0.3757 -0.9241
vn -0.0699 -0.3753 -0.9243
vn -0.0699 -0.3747 -0.9245
vn -0.0399 -0.6435 -0.7644
vn -0.0402 -0.6483 -0.7604
vn -0.0399 -0.6433 -0.7646
vn -0.4536 0.8912 -0.0000
vn 0.1564 0.9877 -0.0000
vn 0.1565 0.9877 -0.0000
vn 0.0015 -0.0484 0.9988
vn 0.4822 0.5952 -0.6429
vn 0.6175 -0.4394 0.6524
vn 0.7241 -0.3359 0.6024
vn 0.3275 0.7571 0.5653
vn 0.4846 0.6075 -0.6293
vn 0.9637 0.1151 0.2407
vn 0.4007 0.6762 0.6182
vn 0.0093 -0.0225 0.9997
vn 0.0088 -0.0224 0.9997
vn 0.0088 -0.0223 0.9997
vn 0.1561 0.9877 -0.0000
vn -0.1563 0.9877 0.0000
vn -0.1559 0.9878 -0.0000
vn -0.1564 0.9877 0.0000
vn -0.6627 0.0571 -0.7467
vn 0.0213 -0.0330 0.9992
vn 0.0206 -0.0319 0.9993
vn 0.0204 -0.0321 0.9993
vn 0.0200 -0.0310 0.9993
vn 0.0201 -0.0311 0.9993
vn 0.9877 0.1564 -0.0000
vn 0.4261 0.6709 0.6070
vn 0.3478 -0.5141 0.7841
vn 0.3181 0.7602 0.5665
vn 0.8912 0.4536 -0.0000
vn 0.9542 0.2931 0.0593
vn 0.7071 0.7071 -0.0000
vn 0.4535 0.8913 -0.0000
vn 0.4858 0.6071 -0.6288
vn 0.0152 -0.0773 0.9969
vn 0.9599 0.2732 0.0630
vn 0.4536 0.8912 -0.0000
vn 0.0173 -0.0779 0.9968
vn -0.8692 -0.0136 0.4943
vn 0.8911 0.4538 -0.0000
vn 0.0166 -0.0387 0.9991
vn -0.8661 -0.0039 0.4999
vn -0.8661 -0.0100 0.4998
vn -0.0427 -0.6061 -0.7942
vn 0.8912 0.4536 0.0000
vn 0.0422 -0.0231 0.9988
vn 0.0421 -0.0232 0.9988
vn -0.6640 0.0702 -0.7444
vn -0.0168 -0.9994 -0.0317
vn -0.0275 -0.6098 -0.7920
vn -0.0427 -0.6061 -0.7943
vn -0.0345 -0.6076 -0.7935
vn -0.0059 -0.9388 0.3444
vn -0.5925 -0.8055 -0.0122
vn 0.0321 -0.0521 0.9981
vn -0.6920 0.7210 0.0364
vn -0.6985 0.7147 0.0351
vn -0.9994 0.0248 0.0227
vn -0.6848 0.7278 0.0377
vn -0.8097 0.0109 0.5868
vn -0.8097 0.0071 0.5868
vn -0.8369 0.2559 0.4839
vn -0.8358 0.2554 0.4861
vn -0.9995 0.0245 0.0204
vn -0.9992 0.0371 0.0138
vn -0.9991 0.0377 0.0207
vn 0.3686 0.6164 -0.6958
vn 0.9596 0.1284 0.2504
vn 0.9600 0.1225 0.2519
vn 0.3593 0.6190 -0.6984
vn 0.1266 -0.5526 0.8238
vn 0.1633 -0.5346 0.8291
vn 0.6209 -0.2977 0.7252
vn 0.1497 0.6730 -0.7243
vn 0.0182 0.7712 0.6363
vn 0.0180 0.7711 0.6364
vn 0.5822 -0.3987 0.7086
vn 0.6981 -0.2775 0.6600
vn 0.0169 0.7729 0.6343
vn 0.0174 0.7731 0.6341
vn -0.9290 -0.3551 -0.1047
vn -0.9428 -0.3025 -0.1398
vn -0.9371 -0.3283 -0.1190
vn -0.9534 -0.2284 -0.1973
vn -0.9413 -0.3149 -0.1217
vn 0.5130 0.8143 0.2715
vn 0.5130 0.8144 0.2714
vn -0.0134 0.6499 0.7599
vn 0.1987 0.9509 0.2371
vn 0.4540 0.6661 0.5918
vn 0.5130 0.8144 0.2713
vn -0.1515 -0.7144 0.6831
vn 0.3710 0.5228 0.7675
vn 0.3336 0.5130 0.7909
vn 0.1853 0.6118 0.7690
vn -0.0061 -0.8470 -0.5316
vn 0.0284 -0.9691 -0.2450
vn -0.0930 -0.0709 -0.9931
vn -0.0399 -0.6427 -0.7651
vn -0.0400 -0.6420 -0.7657
vn 0.9939 0.0536 -0.0965
vn 0.9938 0.0541 -0.0970
vn 0.9938 0.0540 -0.0970
vn 0.0321 0.6521 0.7574
vn 0.1974 0.5949 0.7792
vn 0.1920 0.5955 0.7801
vn 0.1341 0.6200 0.7731
vn 0.0311 0.7541 0.6560
vn 0.0312 0.7542 0.6559
vn -0.0744 0.7554 0.6510
vn -0.0420 -0.6552 0.7543
vn -0.0399 -0.6511 0.7580
vn -0.0439 -0.6552 0.7542
vn -0.0429 -0.6539 0.7554
vn -0.0521 -0.6541 0.7546
vn -0.0980 0.7540 0.6495
vn -0.0667 0.7364 0.6732
vn 0.9408 0.2210 0.2569
vn -0.0115 0.8543 -0.5197
vn -0.6918 0.5531 0.4642
vn 0.0528 0.6542 -0.7545
vn 0.0401 0.6839 -0.7284
vn -0.9602 -0.1573 -0.2309
vn -0.9599 -0.1587 -0.2311
vn -0.9813 -0.0446 -0.1873
vn 0.0221 0.7729 0.6342
vn 0.0255 0.7733 0.6335
vn 0.0246 0.7729 0.6340
vn 0.0255 0.7731 0.6338
vn 0.0221 0.7734 0.6336
vn 0.0172 0.7742 0.6327
vn 0.2122 0.6480 0.7315
vn -0.0465 -0.6484 0.7599
vn 0.4485 -0.6046 -0.6583
vn 0.9383 -0.1299 -0.3204
vn 0.4494 -0.6044 -0.6578
vn 0.0992 0.6391 -0.7627
vn 0.1291 0.6249 -0.7699
vn 0.5101 -0.6860 0.5188
vn 0.9690 -0.0416 -0.2434
vn 0.9394 -0.1301 -0.3173
vn 0.1719 0.6170 -0.7680
vn 0.1457 0.6232 -0.7683
vn 0.9427 -0.1225 -0.3102
vn 0.9411 -0.1220 -0.3154
vn 0.1726 0.6169 -0.7679
vn 0.6679 -0.5824 0.4633
vn 0.6811 -0.6261 0.3797
vn 0.9407 -0.2386 0.2411
vn 0.9407 -0.2380 0.2416
vn 0.9408 -0.2378 0.2415
vn -0.0578 -0.8192 -0.5706
vn -0.0580 -0.8192 -0.5706
vn -0.0110 0.9511 0.3087
vn -0.0286 0.9694 0.2440
vn -0.0603 0.9960 -0.0664
vn -0.0600 0.9960 -0.0655
vn -0.0598 0.9961 -0.0648
vn -0.9307 0.2758 0.2403
vn 0.0697 0.3766 0.9237
vn 0.0699 0.3760 0.9240
vn -0.9706 0.1739 -0.1666
vn -0.9707 0.1734 -0.1665
vn -0.9623 0.2600 0.0795
vn -0.9713 0.1685 -0.1679
vn 0.9747 -0.0488 -0.2181
vn 0.9750 -0.0484 -0.2170
vn 0.9747 -0.0489 -0.2182
vn 0.9747 -0.0489 -0.2180
vn 0.9745 -0.0489 -0.2191
vn 0.9744 -0.0485 -0.2194
vn 0.9747 -0.0489 -0.2181
vn 0.9747 -0.0474 -0.2183
vn 0.9747 -0.0462 -0.2185
vn 0.9430 -0.1457 -0.2993
vn 0.9742 -0.0642 -0.2166
vn 0.9742 -0.0646 -0.2163
vn 0.9744 -0.0580 -0.2171
vn 0.9742 -0.0648 -0.2163
vn 0.1334 0.6266 -0.7679
vn 0.1286 0.6271 -0.7682
vn 0.1285 0.6271 -0.7683
vn 0.0403 0.6417 0.7659
vn 0.0403 0.6418 0.7658
vn 0.0405 0.6420 0.7657
vn 0.0058 0.8484 0.5294
vn 0.0064 0.8468 0.5319
vn -0.0287 0.9696 0.2429
vn -0.0286 0.9696 0.2432
vn -0.0287 0.9696 0.2430
vn -0.0285 0.9693 0.2442
vn -0.0311 0.9716 0.2344
vn -0.0281 0.9690 0.2455
vn -0.0861 0.9248 -0.3705
vn -0.0858 0.9253 -0.3694
vn -0.1033 0.7638 -0.6372
vn -0.1033 0.7639 -0.6370
vn -0.1031 0.7645 -0.6363
vn -0.1030 0.7650 -0.6357
vn -0.9408 0.2385 -0.2409
vn -0.9406 0.2387 -0.2413
vn -0.9995 0.0045 0.0303
vn -0.9995 0.0044 0.0305
# 1136 vertex normals

vt 0.4855 0.8665 0.0000
vt 0.4803 0.8669 0.0000
vt 0.4824 0.8640 0.0000
vt 0.1358 0.8518 0.0000
vt 0.1315 0.8455 0.0000
vt 0.1363 0.8520 0.0000
vt 0.1326 0.8505 0.0000
vt 0.1320 0.8504 0.0000
vt 0.1319 0.8504 0.0000
vt 0.2984 0.4004 0.0000
vt 0.2951 0.3984 0.0000
vt 0.2972 0.3961 0.0000
vt 0.2949 0.3951 0.0000
vt 0.2941 0.3948 0.0000
vt 0.2942 0.3943 0.0000
vt 0.3178 0.3955 0.0000
vt 0.2941 0.3947 0.0000
vt 0.3174 0.3986 0.0000
vt 0.0594 0.4029 0.0000
vt 0.0570 0.3920 0.0000
vt 0.0609 0.3903 0.0000
vt 0.0507 0.4025 0.0000
vt 0.0562 0.3902 0.0000
vt 0.0547 0.4032 0.0000
vt 0.2918 0.2367 0.0000
vt 0.2886 0.2219 0.0000
vt 0.2923 0.2226 0.0000
vt 0.2953 0.2359 0.0000
vt 0.0633 0.4022 0.0000
vt 0.0677 0.3903 0.0000
vt 0.6771 0.2846 0.0000
vt 0.6610 0.2854 0.0000
vt 0.6769 0.2656 0.0000
vt 0.2927 0.2090 0.0000
vt 0.2889 0.1958 0.0000
vt 0.2926 0.1967 0.0000
vt 0.0929 0.7292 0.0000
vt 0.0821 0.7508 0.0000
vt 0.0816 0.7485 0.0000
vt 0.6610 0.3371 0.0000
vt 0.6584 0.3381 0.0000
vt 0.6609 0.3362 0.0000
vt 0.6550 0.3342 0.0000
vt 0.6512 0.3379 0.0000
vt 0.6607 0.3344 0.0000
vt 0.0937 0.7466 0.0000
vt 0.0823 0.7520 0.0000
vt 0.6455 0.3367 0.0000
vt 0.6461 0.3323 0.0000
vt 0.0724 0.4133 0.0000
vt 0.0660 0.4141 0.0000
vt 0.0751 0.4251 0.0000
vt 0.0621 0.4175 0.0000
vt 0.0643 0.4271 0.0000
vt 0.3007 0.4113 0.0000
vt 0.3049 0.4142 0.0000
vt 0.0687 0.4259 0.0000
vt 0.6630 0.3467 0.0000
vt 0.6591 0.3427 0.0000
vt 0.4549 0.9221 0.0000
vt 0.4463 0.9217 0.0000
vt 0.4510 0.9182 0.0000
vt 0.0595 0.4277 0.0000
vt 0.0558 0.4281 0.0000
vt 0.6091 0.3299 0.0000
vt 0.3446 0.8040 0.0000
vt 0.3700 0.8042 0.0000
vt 0.3442 0.8134 0.0000
vt 0.3488 0.3666 0.0000
vt 0.3492 0.3553 0.0000
vt 0.3596 0.3601 0.0000
vt 0.6201 0.3352 0.0000
vt 0.3600 0.3488 0.0000
vt 0.6968 0.9763 0.0000
vt 0.7005 0.9765 0.0000
vt 0.6967 0.9802 0.0000
vt 0.6472 0.4471 0.0000
vt 0.6416 0.4427 0.0000
vt 0.6473 0.4433 0.0000
vt 0.4802 0.9184 0.0000
vt 0.4849 0.9221 0.0000
vt 0.4763 0.9223 0.0000
vt 0.4514 0.9269 0.0000
vt 0.4797 0.9272 0.0000
vt 0.6416 0.4398 0.0000
vt 0.6470 0.4306 0.0000
vt 0.3414 0.8073 0.0000
vt 0.3411 0.8150 0.0000
vt 0.3358 0.8148 0.0000
vt 0.7265 0.9774 0.0000
vt 0.4855 0.8923 0.0000
vt 0.4462 0.8919 0.0000
vt 0.4510 0.8956 0.0000
vt 0.4549 0.8918 0.0000
vt 0.6039 0.3461 0.0000
vt 0.6168 0.3455 0.0000
vt 0.4769 0.8920 0.0000
vt 0.4805 0.8871 0.0000
vt 0.4807 0.8959 0.0000
vt 0.6369 0.3361 0.0000
vt 0.6311 0.3450 0.0000
vt 0.6171 0.3361 0.0000
vt 0.6215 0.3463 0.0000
vt 0.3356 0.5390 0.0000
vt 0.3390 0.5391 0.0000
vt 0.3389 0.5428 0.0000
vt 0.3354 0.5428 0.0000
vt 0.4855 0.8750 0.0000
vt 0.4803 0.8751 0.0000
vt 0.4593 0.6306 0.0000
vt 0.4556 0.6271 0.0000
vt 0.4594 0.6271 0.0000
vt 0.3937 0.6924 0.0000
vt 0.3939 0.7050 0.0000
vt 0.3873 0.7053 0.0000
vt 0.3830 0.8037 0.0000
vt 0.3827 0.8132 0.0000
vt 0.3754 0.8128 0.0000
vt 0.4555 0.6305 0.0000
vt 0.3758 0.8034 0.0000
vt 0.4514 0.8868 0.0000
vt 0.6598 0.3368 0.0000
vt 0.6515 0.3285 0.0000
vt 0.6587 0.3286 0.0000
vt 0.4512 0.8750 0.0000
vt 0.6483 0.3379 0.0000
vt 0.6426 0.3365 0.0000
vt 0.3510 0.6278 0.0000
vt 0.3568 0.6165 0.0000
vt 0.3548 0.6291 0.0000
vt 0.3588 0.6291 0.0000
vt 0.3442 0.6185 0.0000
vt 0.3454 0.6223 0.0000
vt 0.5298 0.3954 0.0000
vt 0.5294 0.4188 0.0000
vt 0.5089 0.3976 0.0000
vt 0.3626 0.6278 0.0000
vt 0.7300 0.9813 0.0000
vt 0.7340 0.9772 0.0000
vt 0.7301 0.9775 0.0000
vt 0.2940 0.3977 0.0000
vt 0.3169 0.4007 0.0000
vt 0.7341 0.9743 0.0000
vt 0.3442 0.6145 0.0000
vt 0.3455 0.6107 0.0000
vt 0.4625 0.3340 0.0000
vt 0.4572 0.3242 0.0000
vt 0.4630 0.3212 0.0000
vt 0.3478 0.6075 0.0000
vt 0.3511 0.6052 0.0000
vt 0.3819 0.6931 0.0000
vt 0.4619 0.3469 0.0000
vt 0.4692 0.3469 0.0000
vt 0.4692 0.3512 0.0000
vt 0.2944 0.3911 0.0000
vt 0.3181 0.3918 0.0000
vt 0.3821 0.7057 0.0000
vt 0.3722 0.7046 0.0000
vt 0.4878 0.4181 0.0000
vt 0.6243 0.4421 0.0000
vt 0.6636 0.3534 0.0000
vt 0.6625 0.3558 0.0000
vt 0.6560 0.3518 0.0000
vt 0.4168 0.3467 0.0000
vt 0.4164 0.3338 0.0000
vt 0.4792 0.3898 0.0000
vt 0.4863 0.3859 0.0000
vt 0.5314 0.3866 0.0000
vt 0.5386 0.3906 0.0000
vt 0.4218 0.3212 0.0000
vt 0.6595 0.3463 0.0000
vt 0.6642 0.3497 0.0000
vt 0.0954 0.7804 0.0000
vt 0.0830 0.7660 0.0000
vt 0.3720 0.6920 0.0000
vt 0.2920 0.7813 0.0000
vt 0.3080 0.7770 0.0000
vt 0.3045 0.7852 0.0000
vt 0.2965 0.7703 0.0000
vt 0.6435 0.3541 0.0000
vt 0.6438 0.3446 0.0000
vt 0.6563 0.3423 0.0000
vt 0.6374 0.3444 0.0000
vt 0.3095 0.7463 0.0000
vt 0.2953 0.7428 0.0000
vt 0.3100 0.7424 0.0000
vt 0.3478 0.6255 0.0000
vt 0.5617 0.3496 0.0000
vt 0.5643 0.3465 0.0000
vt 0.5654 0.3596 0.0000
vt 0.2856 0.7811 0.0000
vt 0.2793 0.7802 0.0000
vt 0.2851 0.7663 0.0000
vt 0.2908 0.7687 0.0000
vt 0.6430 0.3595 0.0000
vt 0.6331 0.3591 0.0000
vt 0.6371 0.3539 0.0000
vt 0.0820 0.7719 0.0000
vt 0.0811 0.7787 0.0000
vt 0.0633 0.3781 0.0000
vt 0.5522 0.3496 0.0000
vt 0.5566 0.3302 0.0000
vt 0.0698 0.3785 0.0000
vt 0.5661 0.3302 0.0000
vt 0.0581 0.3798 0.0000
vt 0.0962 0.7978 0.0000
vt 0.6813 0.7292 0.0000
vt 0.6822 0.7330 0.0000
vt 0.6689 0.7307 0.0000
vt 0.6638 0.3537 0.0000
vt 0.0810 0.7794 0.0000
vt 0.5655 0.3727 0.0000
vt 0.5522 0.3595 0.0000
vt 0.7905 0.4884 0.0000
vt 0.7756 0.4890 0.0000
vt 0.7904 0.4694 0.0000
vt 0.0575 0.3778 0.0000
vt 0.0522 0.3904 0.0000
vt 0.0570 0.3911 0.0000
vt 0.5509 0.3695 0.0000
vt 0.6308 0.3545 0.0000
vt 0.6231 0.3601 0.0000
vt 0.5172 0.0441 0.0000
vt 0.5189 0.0389 0.0000
vt 0.5303 0.0379 0.0000
vt 0.0508 0.3917 0.0000
vt 0.0539 0.3780 0.0000
vt 0.0592 0.3795 0.0000
vt 0.6212 0.3558 0.0000
vt 0.3599 0.3790 0.0000
vt 0.5483 0.3879 0.0000
vt 0.6046 0.3621 0.0000
vt 0.6699 0.2411 0.0000
vt 0.6738 0.2306 0.0000
vt 0.6720 0.2442 0.0000
vt 0.6729 0.2475 0.0000
vt 0.6760 0.2473 0.0000
vt 0.6729 0.2478 0.0000
vt 0.6729 0.2476 0.0000
vt 0.0510 0.4167 0.0000
vt 0.0474 0.4154 0.0000
vt 0.2945 0.7895 0.0000
vt 0.2909 0.8149 0.0000
vt 0.2945 0.7894 0.0000
vt 0.0499 0.4294 0.0000
vt 0.5680 0.3268 0.0000
vt 0.5728 0.3257 0.0000
vt 0.5699 0.3303 0.0000
vt 0.6811 0.2469 0.0000
vt 0.6965 0.2648 0.0000
vt 0.6815 0.2648 0.0000
vt 0.2927 0.2502 0.0000
vt 0.2961 0.2484 0.0000
vt 0.5444 0.0301 0.0000
vt 0.5586 0.0325 0.0000
vt 0.5441 0.0342 0.0000
vt 0.5591 0.0370 0.0000
vt 0.6785 0.2306 0.0000
vt 0.6935 0.2302 0.0000
vt 0.6961 0.2467 0.0000
vt 0.0561 0.4200 0.0000
vt 0.0513 0.4180 0.0000
vt 0.0533 0.4050 0.0000
vt 0.0490 0.4037 0.0000
vt 0.7911 0.5068 0.0000
vt 0.7924 0.5236 0.0000
vt 0.7776 0.5246 0.0000
vt 0.5332 0.0316 0.0000
vt 0.5477 0.0339 0.0000
vt 0.5478 0.0391 0.0000
vt 0.5326 0.0363 0.0000
vt 0.5314 0.0334 0.0000
vt 0.6957 0.2836 0.0000
vt 0.6807 0.2834 0.0000
vt 0.7762 0.5076 0.0000
vt 0.0698 0.6643 0.0000
vt 0.0868 0.6820 0.0000
vt 0.0710 0.6833 0.0000
vt 0.0555 0.3935 0.0000
vt 0.0681 0.6462 0.0000
vt 0.0838 0.6449 0.0000
vt 0.0855 0.6631 0.0000
vt 0.0530 0.4064 0.0000
vt 0.5197 0.0348 0.0000
vt 0.5186 0.0400 0.0000
vt 0.0583 0.4087 0.0000
vt 0.2943 0.8152 0.0000
vt 0.2947 0.7895 0.0000
vt 0.2913 0.7898 0.0000
vt 0.2875 0.7902 0.0000
vt 0.6920 0.7013 0.0000
vt 0.6937 0.7051 0.0000
vt 0.6795 0.7020 0.0000
vt 0.6781 0.7060 0.0000
vt 0.3658 0.6255 0.0000
vt 0.2847 0.7483 0.0000
vt 0.2848 0.7479 0.0000
vt 0.3089 0.7540 0.0000
vt 0.2871 0.8148 0.0000
vt 0.5947 0.7099 0.0000
vt 0.5962 0.7062 0.0000
vt 0.6104 0.7096 0.0000
vt 0.7902 0.8072 0.0000
vt 0.8024 0.8050 0.0000
vt 0.8007 0.8085 0.0000
vt 0.9842 0.8438 0.0000
vt 0.9849 0.8405 0.0000
vt 0.9960 0.8405 0.0000
vt 0.7894 0.8034 0.0000
vt 0.9972 0.8437 0.0000
vt 0.4935 0.5810 0.0000
vt 0.4833 0.5915 0.0000
vt 0.4847 0.5804 0.0000
vt 0.7681 0.6865 0.0000
vt 0.7536 0.6830 0.0000
vt 0.7669 0.6828 0.0000
vt 0.2559 0.3387 0.0000
vt 0.2522 0.3315 0.0000
vt 0.2559 0.3329 0.0000
vt 0.2557 0.3178 0.0000
vt 0.2742 0.3177 0.0000
vt 0.2523 0.3505 0.0000
vt 0.6088 0.7060 0.0000
vt 0.8999 0.7999 0.0000
vt 0.8879 0.8024 0.0000
vt 0.8868 0.7987 0.0000
vt 0.8776 0.7968 0.0000
vt 0.8812 0.7848 0.0000
vt 0.8811 0.7979 0.0000
vt 0.5815 0.3303 0.0000
vt 0.5754 0.3257 0.0000
vt 0.5807 0.3269 0.0000
vt 0.7033 0.5793 0.0000
vt 0.7033 0.5792 0.0000
vt 0.7068 0.5784 0.0000
vt 0.5246 0.5944 0.0000
vt 0.5228 0.6021 0.0000
vt 0.5209 0.5994 0.0000
vt 0.5195 0.5812 0.0000
vt 0.5238 0.5813 0.0000
vt 0.5200 0.5942 0.0000
vt 0.5097 0.6025 0.0000
vt 0.5097 0.5991 0.0000
vt 0.5189 0.6027 0.0000
vt 0.9155 0.7570 0.0000
vt 0.9148 0.7605 0.0000
vt 0.9147 0.7604 0.0000
vt 0.5653 0.3268 0.0000
vt 0.9222 0.7604 0.0000
vt 0.5854 0.3466 0.0000
vt 0.4998 0.5937 0.0000
vt 0.7470 0.8160 0.0000
vt 0.7346 0.8169 0.0000
vt 0.7338 0.8045 0.0000
vt 0.7464 0.8034 0.0000
vt 0.7653 0.8155 0.0000
vt 0.7532 0.8166 0.0000
vt 0.7523 0.8047 0.0000
vt 0.1367 0.7363 0.0000
vt 0.1400 0.7364 0.0000
vt 0.1365 0.7455 0.0000
vt 0.8646 0.6993 0.0000
vt 0.8915 0.6874 0.0000
vt 0.8923 0.6980 0.0000
vt 0.2929 0.3381 0.0000
vt 0.2967 0.3478 0.0000
vt 0.2927 0.3537 0.0000
vt 0.5774 0.3599 0.0000
vt 0.5783 0.3468 0.0000
vt 0.5080 0.5680 0.0000
vt 0.5015 0.5807 0.0000
vt 0.4903 0.5668 0.0000
vt 0.5075 0.5811 0.0000
vt 0.2621 0.3657 0.0000
vt 0.2616 0.3386 0.0000
vt 0.2877 0.3652 0.0000
vt 0.0391 0.8182 0.0000
vt 0.0477 0.7848 0.0000
vt 0.0544 0.7851 0.0000
vt 0.7119 0.7433 0.0000
vt 0.7256 0.7384 0.0000
vt 0.7248 0.7427 0.0000
vt 0.1012 0.6671 0.0000
vt 0.0984 0.6653 0.0000
vt 0.1018 0.6559 0.0000
vt 0.7121 0.7247 0.0000
vt 0.7106 0.7205 0.0000
vt 0.7256 0.7199 0.0000
vt 0.1356 0.7467 0.0000
vt 0.1390 0.7469 0.0000
vt 0.1355 0.7560 0.0000
vt 0.1388 0.7581 0.0000
vt 0.8405 0.7338 0.0000
vt 0.8440 0.7360 0.0000
vt 0.8440 0.7448 0.0000
vt 0.6291 0.6599 0.0000
vt 0.6370 0.6604 0.0000
vt 0.6391 0.6640 0.0000
vt 0.9081 0.7023 0.0000
vt 0.9056 0.7057 0.0000
vt 0.8969 0.7020 0.0000
vt 0.7903 0.7234 0.0000
vt 0.7802 0.7234 0.0000
vt 0.7886 0.7199 0.0000
vt 0.7802 0.7199 0.0000
vt 0.0455 0.7679 0.0000
vt 0.0456 0.7682 0.0000
vt 0.9519 0.7894 0.0000
vt 0.9553 0.7895 0.0000
vt 0.9518 0.7982 0.0000
vt 0.0477 0.7847 0.0000
vt 0.7894 0.7580 0.0000
vt 0.8020 0.7689 0.0000
vt 0.7903 0.7697 0.0000
vt 0.0457 0.7688 0.0000
vt 0.0585 0.8188 0.0000
vt 0.0394 0.8378 0.0000
vt 0.9551 0.8007 0.0000
vt 0.1024 0.6448 0.0000
vt 0.7106 0.7392 0.0000
vt 0.1408 0.7518 0.0000
vt 0.1436 0.7612 0.0000
vt 0.1434 0.7724 0.0000
vt 0.2872 0.3382 0.0000
vt 0.2871 0.3538 0.0000
vt 0.7060 0.7572 0.0000
vt 0.7208 0.7570 0.0000
vt 0.7073 0.7615 0.0000
vt 0.7197 0.7613 0.0000
vt 0.8582 0.7918 0.0000
vt 0.8625 0.7802 0.0000
vt 0.8621 0.7932 0.0000
vt 0.8585 0.7810 0.0000
vt 0.5262 0.5820 0.0000
vt 0.7654 0.5947 0.0000
vt 0.7597 0.5994 0.0000
vt 0.7505 0.5954 0.0000
vt 0.2969 0.3353 0.0000
vt 0.2929 0.3318 0.0000
vt 0.8672 0.8165 0.0000
vt 0.8637 0.8155 0.0000
vt 0.8672 0.8034 0.0000
vt 0.8637 0.8043 0.0000
vt 0.7351 0.7923 0.0000
vt 0.7346 0.7840 0.0000
vt 0.7463 0.7927 0.0000
vt 0.7426 0.7106 0.0000
vt 0.7428 0.7255 0.0000
vt 0.7384 0.7118 0.0000
vt 0.2969 0.3303 0.0000
vt 0.3587 0.2051 0.0000
vt 0.3551 0.1924 0.0000
vt 0.3588 0.1965 0.0000
vt 0.8629 0.7359 0.0000
vt 0.8590 0.7449 0.0000
vt 0.8594 0.7338 0.0000
vt 0.8733 0.7050 0.0000
vt 0.8645 0.7013 0.0000
vt 0.8756 0.7014 0.0000
vt 0.4235 0.7021 0.0000
vt 0.4257 0.7058 0.0000
vt 0.4157 0.7052 0.0000
vt 0.4157 0.7016 0.0000
vt 0.0593 0.3678 0.0000
vt 0.0654 0.3663 0.0000
vt 0.7755 0.4698 0.0000
vt 0.5069 0.0402 0.0000
vt 0.7457 0.7840 0.0000
vt 0.7386 0.7245 0.0000
vt 0.7357 0.5961 0.0000
vt 0.7744 0.7423 0.0000
vt 0.7709 0.7413 0.0000
vt 0.7745 0.7292 0.0000
vt 0.0719 0.3666 0.0000
vt 0.7338 0.7802 0.0000
vt 0.7469 0.7803 0.0000
vt 0.8002 0.8165 0.0000
vt 0.7645 0.8034 0.0000
vt 0.0778 0.8176 0.0000
vt 0.0681 0.7843 0.0000
vt 0.0690 0.7753 0.0000
vt 0.4984 0.5987 0.0000
vt 0.4952 0.5935 0.0000
vt 0.4932 0.6006 0.0000
vt 0.4967 0.6007 0.0000
vt 0.4935 0.5955 0.0000
vt 0.4971 0.5805 0.0000
vt 0.4918 0.5920 0.0000
vt 0.5059 0.5940 0.0000
vt 0.5073 0.6024 0.0000
vt 0.4983 0.6021 0.0000
vt 0.8637 0.6899 0.0000
vt 0.6552 0.7338 0.0000
vt 0.6566 0.7375 0.0000
vt 0.6420 0.7346 0.0000
vt 0.1077 0.6792 0.0000
vt 0.1050 0.6925 0.0000
vt 0.1083 0.6672 0.0000
vt 0.6410 0.7385 0.0000
vt 0.1070 0.6912 0.0000
vt 0.4884 0.5981 0.0000
vt 0.4905 0.6016 0.0000
vt 0.8983 0.8035 0.0000
vt 0.7123 0.6967 0.0000
vt 0.7108 0.7004 0.0000
vt 0.6967 0.6975 0.0000
vt 0.7897 0.8155 0.0000
vt 0.0681 0.7845 0.0000
vt 0.8777 0.7863 0.0000
vt 0.0646 0.7845 0.0000
vt 0.0969 0.8154 0.0000
vt 0.3210 0.2474 0.0000
vt 0.3215 0.2381 0.0000
vt 0.3370 0.2236 0.0000
vt 0.7962 0.7234 0.0000
vt 0.7941 0.7199 0.0000
vt 0.8042 0.7199 0.0000
vt 0.6291 0.6633 0.0000
vt 0.6178 0.6630 0.0000
vt 0.6202 0.6596 0.0000
vt 0.8968 0.7054 0.0000
vt 0.8868 0.7013 0.0000
vt 0.5015 0.6615 0.0000
vt 0.5009 0.6696 0.0000
vt 0.4979 0.6615 0.0000
vt 0.4973 0.6715 0.0000
vt 0.1399 0.7480 0.0000
vt 0.1405 0.7619 0.0000
vt 0.1403 0.7739 0.0000
vt 0.1384 0.7725 0.0000
vt 0.8042 0.7235 0.0000
vt 0.5014 0.6019 0.0000
vt 0.4997 0.5984 0.0000
vt 0.1409 0.7379 0.0000
vt 0.1392 0.7245 0.0000
vt 0.1411 0.7259 0.0000
vt 0.7523 0.6868 0.0000
vt 0.9445 0.7709 0.0000
vt 0.9536 0.7745 0.0000
vt 0.9425 0.7745 0.0000
vt 0.8626 0.7449 0.0000
vt 0.6824 0.4295 0.0000
vt 0.6781 0.4195 0.0000
vt 0.6821 0.4138 0.0000
vt 0.2560 0.3560 0.0000
vt 0.7288 0.8197 0.0000
vt 0.7163 0.8211 0.0000
vt 0.7276 0.8080 0.0000
vt 0.2617 0.3559 0.0000
vt 0.9535 0.7709 0.0000
vt 0.6827 0.4452 0.0000
vt 0.6791 0.4711 0.0000
vt 0.7152 0.8091 0.0000
vt 0.2520 0.3192 0.0000
vt 0.4070 0.7013 0.0000
vt 0.8336 0.8034 0.0000
vt 0.8349 0.8156 0.0000
vt 0.8230 0.8165 0.0000
vt 0.8219 0.8044 0.0000
vt 0.8010 0.7570 0.0000
vt 0.8347 0.7362 0.0000
vt 0.8312 0.7454 0.0000
vt 0.8314 0.7338 0.0000
vt 0.2868 0.3110 0.0000
vt 0.2554 0.3116 0.0000
vt 0.2612 0.3115 0.0000
vt 0.8346 0.7454 0.0000
vt 0.0780 0.8371 0.0000
vt 0.0579 0.7851 0.0000
vt 0.5207 0.0341 0.0000
vt 0.5351 0.0421 0.0000
vt 0.5199 0.0393 0.0000
vt 0.0588 0.8383 0.0000
vt 0.9334 0.7884 0.0000
vt 0.9240 0.7883 0.0000
vt 0.9239 0.7848 0.0000
vt 0.9355 0.7850 0.0000
vt 0.4982 0.6503 0.0000
vt 0.5018 0.6525 0.0000
vt 0.8405 0.7450 0.0000
vt 0.8812 0.7249 0.0000
vt 0.8776 0.7250 0.0000
vt 0.8812 0.7152 0.0000
vt 0.8890 0.7049 0.0000
vt 0.8646 0.7049 0.0000
vt 0.9313 0.7709 0.0000
vt 0.9397 0.7711 0.0000
vt 0.9397 0.7746 0.0000
vt 0.9332 0.7999 0.0000
vt 0.9444 0.7987 0.0000
vt 0.9455 0.8106 0.0000
vt 0.9340 0.8116 0.0000
vt 0.8776 0.7174 0.0000
vt 0.4045 0.7048 0.0000
vt 0.5203 0.0458 0.0000
vt 0.1060 0.6179 0.0000
vt 0.1087 0.6198 0.0000
vt 0.1010 0.6206 0.0000
vt 0.2927 0.3176 0.0000
vt 0.1037 0.6224 0.0000
vt 0.5929 0.3880 0.0000
vt 0.1009 0.6178 0.0000
vt 0.7862 0.7570 0.0000
vt 0.7873 0.7686 0.0000
vt 0.7755 0.7584 0.0000
vt 0.1004 0.6315 0.0000
vt 0.1001 0.6248 0.0000
vt 0.0816 0.6271 0.0000
vt 0.0659 0.6284 0.0000
vt 0.1433 0.7835 0.0000
vt 0.1431 0.7946 0.0000
vt 0.1403 0.7963 0.0000
vt 0.7795 0.5410 0.0000
vt 0.0571 0.4216 0.0000
vt 0.5506 0.0404 0.0000
vt 0.5510 0.0475 0.0000
vt 0.5353 0.0362 0.0000
vt 0.5607 0.0380 0.0000
vt 0.1088 0.6235 0.0000
vt 0.1040 0.6313 0.0000
vt 0.5721 0.0367 0.0000
vt 0.5748 0.0423 0.0000
vt 0.5628 0.0384 0.0000
vt 0.1217 0.6203 0.0000
vt 0.0196 0.8167 0.0000
vt 0.0198 0.8362 0.0000
vt 0.5638 0.0445 0.0000
vt 0.0636 0.4247 0.0000
vt 0.7256 0.7292 0.0000
vt 0.7249 0.7335 0.0000
vt 0.7119 0.7341 0.0000
vt 0.1219 0.6240 0.0000
vt 0.5069 0.0371 0.0000
vt 0.5058 0.0430 0.0000
vt 0.4939 0.0422 0.0000
vt 0.0875 0.7013 0.0000
vt 0.0718 0.7025 0.0000
vt 0.0589 0.3649 0.0000
vt 0.5054 0.0463 0.0000
vt 0.0684 0.3535 0.0000
vt 0.5063 0.0496 0.0000
vt 0.4930 0.0558 0.0000
vt 0.4926 0.0493 0.0000
vt 0.0613 0.3547 0.0000
vt 0.0750 0.3539 0.0000
vt 0.0972 0.8349 0.0000
vt 0.6985 0.7011 0.0000
vt 0.8977 0.8113 0.0000
vt 0.6759 0.4947 0.0000
vt 0.6689 0.4327 0.0000
vt 0.6802 0.4943 0.0000
vt 0.1025 0.6443 0.0000
vt 0.1076 0.6444 0.0000
vt 0.0999 0.6924 0.0000
vt 0.9787 0.8405 0.0000
vt 0.9672 0.8440 0.0000
vt 0.9657 0.8407 0.0000
vt 0.3176 0.5846 0.0000
vt 0.3126 0.5975 0.0000
vt 0.3135 0.5807 0.0000
vt 0.3117 0.6141 0.0000
vt 0.3163 0.6107 0.0000
vt 0.2840 0.8335 0.0000
vt 0.3101 0.8411 0.0000
vt 0.2970 0.8409 0.0000
vt 0.6734 0.4323 0.0000
vt 0.3257 0.5811 0.0000
vt 0.7199 0.7816 0.0000
vt 0.7328 0.7929 0.0000
vt 0.7210 0.7941 0.0000
vt 0.3156 0.8312 0.0000
vt 0.3192 0.8312 0.0000
vt 0.3191 0.8394 0.0000
vt 0.3155 0.8413 0.0000
vt 0.3767 0.8828 0.0000
vt 0.3934 0.8825 0.0000
vt 0.3774 0.8933 0.0000
vt 0.1034 0.6429 0.0000
vt 0.3101 0.8340 0.0000
vt 0.0999 0.6403 0.0000
vt 0.3241 0.6145 0.0000
vt 0.3356 0.6113 0.0000
vt 0.9636 0.8350 0.0000
vt 0.9631 0.8432 0.0000
vt 0.9527 0.8343 0.0000
vt 0.7386 0.6967 0.0000
vt 0.7401 0.6997 0.0000
vt 0.7256 0.6976 0.0000
vt 0.2607 0.2844 0.0000
vt 0.2863 0.2839 0.0000
vt 0.7245 0.7007 0.0000
vt 0.3809 0.8952 0.0000
vt 0.4070 0.8952 0.0000
vt 0.5642 0.0510 0.0000
vt 0.3772 0.9094 0.0000
vt 0.5514 0.0540 0.0000
vt 0.6973 0.9640 0.0000
vt 0.7009 0.9641 0.0000
vt 0.1107 0.6460 0.0000
vt 0.1096 0.6432 0.0000
vt 0.1227 0.6431 0.0000
vt 0.1007 0.6405 0.0000
vt 0.1044 0.6403 0.0000
vt 0.1038 0.6522 0.0000
vt 0.1094 0.6394 0.0000
vt 0.1002 0.6503 0.0000
vt 0.1407 0.7499 0.0000
vt 0.6546 0.4310 0.0000
vt 0.6472 0.4180 0.0000
vt 0.6549 0.4141 0.0000
vt 0.1089 0.6552 0.0000
vt 0.7852 0.8265 0.0000
vt 0.7975 0.8338 0.0000
vt 0.7848 0.8387 0.0000
vt 0.8099 0.8395 0.0000
vt 0.8101 0.8339 0.0000
vt 0.3807 0.9203 0.0000
vt 0.6977 0.9471 0.0000
vt 0.7012 0.9515 0.0000
vt 0.6251 0.4173 0.0000
vt 0.5382 0.4073 0.0000
vt 0.5381 0.4240 0.0000
vt 0.3771 0.9255 0.0000
vt 0.7306 0.9649 0.0000
vt 0.7270 0.9648 0.0000
vt 0.3418 0.4776 0.0000
vt 0.3468 0.4648 0.0000
vt 0.3467 0.4905 0.0000
vt 0.3349 0.4648 0.0000
vt 0.4818 0.6041 0.0000
vt 0.4816 0.6163 0.0000
vt 0.4558 0.6039 0.0000
vt 0.4555 0.6158 0.0000
vt 0.3411 0.4904 0.0000
vt 0.4068 0.9208 0.0000
vt 0.4105 0.9261 0.0000
vt 0.7274 0.9520 0.0000
vt 0.7144 0.9475 0.0000
vt 0.7310 0.9478 0.0000
vt 0.2967 0.3188 0.0000
vt 0.2965 0.3135 0.0000
vt 0.3548 0.2088 0.0000
vt 0.7710 0.7299 0.0000
vt 0.9286 0.7743 0.0000
vt 0.7763 0.7698 0.0000
vt 0.3188 0.8423 0.0000
vt 0.3187 0.8499 0.0000
vt 0.3151 0.8423 0.0000
vt 0.5355 0.0487 0.0000
vt 0.8567 0.7052 0.0000
vt 0.1024 0.6415 0.0000
vt 0.8874 0.8106 0.0000
vt 0.6166 0.7060 0.0000
vt 0.6134 0.7200 0.0000
vt 0.6132 0.7075 0.0000
vt 0.9518 0.8312 0.0000
vt 0.9648 0.8320 0.0000
vt 0.4556 0.6178 0.0000
vt 0.4817 0.6182 0.0000
vt 0.4555 0.6234 0.0000
vt 0.4816 0.6238 0.0000
vt 0.4107 0.9097 0.0000
vt 0.4108 0.8933 0.0000
vt 0.4699 0.3341 0.0000
vt 0.9776 0.8439 0.0000
vt 0.6169 0.7216 0.0000
vt 0.7106 0.7299 0.0000
vt 0.6830 0.4609 0.0000
vt 0.3247 0.2512 0.0000
vt 0.2518 0.3140 0.0000
vt 0.2514 0.2989 0.0000
vt 0.2550 0.2932 0.0000
vt 0.5836 0.7013 0.0000
vt 0.5839 0.7171 0.0000
vt 0.5810 0.7157 0.0000
vt 0.2607 0.2931 0.0000
vt 0.1216 0.6460 0.0000
vt 0.1225 0.6394 0.0000
vt 0.9521 0.8429 0.0000
vt 0.5807 0.7026 0.0000
vt 0.4101 0.8822 0.0000
vt 0.3355 0.6874 0.0000
vt 0.3126 0.7040 0.0000
vt 0.3228 0.6912 0.0000
vt 0.6833 0.4767 0.0000
vt 0.3348 0.2626 0.0000
vt 0.7309 0.9521 0.0000
vt 0.8544 0.7016 0.0000
vt 0.1031 0.6336 0.0000
vt 0.6726 0.4970 0.0000
vt 0.6684 0.4974 0.0000
vt 0.6642 0.4374 0.0000
vt 0.6688 0.4370 0.0000
vt 0.3160 0.6828 0.0000
vt 0.3133 0.6947 0.0000
vt 0.3000 0.6842 0.0000
vt 0.3366 0.5852 0.0000
vt 0.3151 0.8524 0.0000
vt 0.1005 0.6331 0.0000
vt 0.3174 0.8882 0.0000
vt 0.3123 0.8881 0.0000
vt 0.3176 0.8475 0.0000
vt 0.3125 0.8474 0.0000
vt 0.2925 0.3109 0.0000
vt 0.9315 0.8303 0.0000
vt 0.9201 0.8306 0.0000
vt 0.9193 0.8269 0.0000
vt 0.9324 0.8265 0.0000
vt 0.7315 0.7802 0.0000
vt 0.3906 0.7302 0.0000
vt 0.4034 0.7544 0.0000
vt 0.3928 0.7552 0.0000
vt 0.2839 0.6856 0.0000
vt 0.3017 0.7059 0.0000
vt 0.3378 0.5815 0.0000
vt 0.4001 0.7292 0.0000
vt 0.1098 0.6321 0.0000
vt 0.2902 0.7171 0.0000
vt 0.9320 0.8392 0.0000
vt 0.9206 0.8391 0.0000
vt 0.3365 0.6149 0.0000
vt 0.7479 0.7200 0.0000
vt 0.7477 0.7071 0.0000
vt 0.7521 0.7208 0.0000
vt 0.7519 0.7060 0.0000
vt 0.7896 0.7924 0.0000
vt 0.7894 0.7809 0.0000
vt 0.7929 0.7802 0.0000
vt 0.7931 0.7933 0.0000
vt 0.2861 0.2943 0.0000
vt 0.2918 0.2942 0.0000
vt 0.3442 0.2180 0.0000
vt 0.3447 0.1819 0.0000
vt 0.7333 0.7245 0.0000
vt 0.7336 0.7394 0.0000
vt 0.7292 0.7256 0.0000
vt 0.7060 0.5975 0.0000
vt 0.7208 0.5968 0.0000
vt 0.7120 0.6016 0.0000
vt 0.2959 0.3001 0.0000
vt 0.2839 0.8513 0.0000
vt 0.2975 0.8490 0.0000
vt 0.3088 0.8580 0.0000
vt 0.2974 0.8575 0.0000
vt 0.3313 0.5437 0.0000
vt 0.2978 0.5429 0.0000
vt 0.2990 0.5165 0.0000
vt 0.9795 0.5660 0.0000
vt 0.9792 0.5921 0.0000
vt 0.9750 0.5956 0.0000
vt 0.9754 0.5622 0.0000
vt 0.1359 0.6327 0.0000
vt 0.1348 0.6532 0.0000
vt 0.3025 0.7169 0.0000
vt 0.3358 0.7038 0.0000
vt 0.3361 0.7202 0.0000
vt 0.3324 0.5158 0.0000
vt 0.3089 0.8491 0.0000
vt 0.2969 0.8452 0.0000
vt 0.3099 0.8454 0.0000
vt 0.7025 0.7527 0.0000
vt 0.7013 0.7486 0.0000
vt 0.7164 0.7477 0.0000
vt 0.7157 0.7520 0.0000
vt 0.7294 0.7387 0.0000
vt 0.3905 0.2480 0.0000
vt 0.3894 0.2338 0.0000
vt 0.4063 0.2326 0.0000
vt 0.0582 0.4648 0.0000
vt 0.0584 0.4530 0.0000
vt 0.0614 0.4667 0.0000
vt 0.0559 0.4522 0.0000
vt 0.4223 0.2307 0.0000
vt 0.4239 0.2449 0.0000
vt 0.4397 0.2424 0.0000
vt 0.4379 0.2283 0.0000
vt 0.6566 0.6475 0.0000
vt 0.6457 0.6453 0.0000
vt 0.6466 0.6410 0.0000
vt 0.4077 0.2468 0.0000
vt 0.2939 0.2215 0.0000
vt 0.2955 0.2088 0.0000
vt 0.2963 0.2203 0.0000
vt 0.1347 0.8797 0.0000
vt 0.1407 0.8693 0.0000
vt 0.1479 0.8618 0.0000
vt 0.1382 0.8723 0.0000
vt 0.1385 0.8719 0.0000
vt 0.3548 0.4198 0.0000
vt 0.3525 0.4326 0.0000
vt 0.3499 0.4323 0.0000
vt 0.3528 0.4184 0.0000
vt 0.0550 0.4540 0.0000
vt 0.0557 0.4415 0.0000
vt 0.0586 0.4554 0.0000
vt 0.1499 0.8781 0.0000
vt 0.1341 0.8745 0.0000
vt 0.1348 0.8744 0.0000
vt 0.7021 0.5605 0.0000
vt 0.7142 0.5534 0.0000
vt 0.7023 0.5583 0.0000
vt 0.5955 0.4123 0.0000
vt 0.6044 0.4091 0.0000
vt 0.6460 0.4104 0.0000
vt 0.0524 0.4411 0.0000
vt 0.1424 0.8623 0.0000
vt 0.1424 0.8619 0.0000
vt 0.4881 0.3948 0.0000
vt 0.6029 0.4167 0.0000
vt 0.6217 0.9763 0.0000
vt 0.6217 0.9799 0.0000
vt 0.6178 0.9799 0.0000
vt 0.3638 0.9343 0.0000
vt 0.3296 0.9801 0.0000
vt 0.3306 0.9332 0.0000
vt 0.3629 0.9804 0.0000
vt 0.6071 0.4416 0.0000
vt 0.6011 0.4457 0.0000
vt 0.6012 0.4419 0.0000
vt 0.3348 0.8012 0.0000
vt 0.3383 0.8044 0.0000
vt 0.3360 0.8069 0.0000
vt 0.4667 0.8166 0.0000
vt 0.4648 0.8137 0.0000
vt 0.4689 0.8105 0.0000
vt 0.7703 0.6692 0.0000
vt 0.7740 0.6726 0.0000
vt 0.7703 0.6726 0.0000
vt 0.1422 0.8654 0.0000
vt 0.6344 0.9802 0.0000
vt 0.6344 0.9767 0.0000
vt 0.1422 0.8658 0.0000
vt 0.3842 0.6271 0.0000
vt 0.3842 0.6415 0.0000
vt 0.1415 0.8580 0.0000
vt 0.6023 0.4293 0.0000
vt 0.5947 0.4291 0.0000
vt 0.6341 0.9766 0.0000
vt 0.6334 0.9765 0.0000
vt 0.6072 0.4388 0.0000
vt 0.3838 0.6413 0.0000
vt 0.3832 0.6410 0.0000
vt 0.1393 0.8546 0.0000
vt 0.2936 0.3769 0.0000
vt 0.3184 0.3806 0.0000
vt 0.2932 0.3790 0.0000
vt 0.2939 0.3826 0.0000
vt 0.3185 0.3840 0.0000
vt 0.2943 0.3866 0.0000
vt 0.2944 0.3906 0.0000
vt 0.3183 0.3878 0.0000
vt 0.1353 0.8741 0.0000
vt 0.5798 0.7490 0.0000
vt 0.5798 0.7491 0.0000
vt 0.5722 0.7492 0.0000
vt 0.7021 0.5631 0.0000
vt 0.7018 0.5630 0.0000
vt 0.7018 0.5627 0.0000
vt 0.3350 0.7941 0.0000
vt 0.3233 0.8001 0.0000
vt 0.5722 0.7531 0.0000
vt 0.5722 0.7497 0.0000
vt 0.5961 0.7524 0.0000
vt 0.3232 0.8006 0.0000
vt 0.6470 0.9766 0.0000
vt 0.6358 0.9766 0.0000
vt 0.5720 0.7571 0.0000
vt 0.5962 0.7564 0.0000
vt 0.5962 0.7601 0.0000
vt 0.5715 0.7608 0.0000
vt 0.3802 0.6271 0.0000
vt 0.3802 0.6521 0.0000
vt 0.3832 0.6416 0.0000
vt 0.3767 0.6271 0.0000
vt 0.0458 0.7619 0.0000
vt 0.0457 0.7620 0.0000
vt 0.0458 0.7616 0.0000
vt 0.0198 0.7992 0.0000
vt 0.3078 0.8055 0.0000
vt 0.3223 0.8007 0.0000
vt 0.3220 0.8006 0.0000
vt 0.9519 0.6529 0.0000
vt 0.9515 0.6537 0.0000
vt 0.9473 0.6496 0.0000
vt 0.7741 0.6691 0.0000
vt 0.9521 0.6525 0.0000
vt 0.9551 0.6498 0.0000
vt 0.3767 0.6523 0.0000
vt 0.3771 0.6523 0.0000
vt 0.5721 0.7486 0.0000
vt 0.5732 0.7450 0.0000
vt 0.5742 0.7477 0.0000
vt 0.9510 0.6749 0.0000
vt 0.9471 0.6710 0.0000
vt 0.5049 0.6970 0.0000
vt 0.5029 0.7015 0.0000
vt 0.5039 0.6967 0.0000
vt 0.2749 0.7915 0.0000
vt 0.2754 0.7936 0.0000
vt 0.2745 0.7916 0.0000
vt 0.2744 0.7992 0.0000
vt 0.2756 0.7947 0.0000
vt 0.9502 0.6560 0.0000
vt 0.0453 0.7649 0.0000
vt 0.0454 0.7643 0.0000
vt 0.9494 0.6600 0.0000
vt 0.9499 0.6640 0.0000
vt 0.3844 0.6416 0.0000
vt 0.3842 0.6520 0.0000
vt 0.3842 0.6417 0.0000
vt 0.3855 0.6414 0.0000
vt 0.3881 0.6519 0.0000
vt 0.3778 0.6522 0.0000
vt 0.4769 0.7387 0.0000
vt 0.4769 0.7640 0.0000
vt 0.4741 0.7389 0.0000
vt 0.3881 0.6271 0.0000
vt 0.4741 0.7640 0.0000
vt 0.3720 0.5947 0.0000
vt 0.3755 0.5947 0.0000
vt 0.3726 0.6162 0.0000
vt 0.3761 0.6161 0.0000
vt 0.7027 0.5638 0.0000
vt 0.5802 0.7490 0.0000
vt 0.0622 0.4393 0.0000
vt 0.0686 0.4386 0.0000
vt 0.0648 0.4522 0.0000
vt 0.0590 0.4396 0.0000
vt 0.0686 0.7494 0.0000
vt 0.0749 0.7297 0.0000
vt 0.6667 0.3250 0.0000
vt 0.6668 0.3207 0.0000
vt 0.3696 0.8136 0.0000
vt 0.3640 0.8139 0.0000
vt 0.6401 0.3266 0.0000
vt 0.6458 0.3272 0.0000
vt 0.6204 0.3257 0.0000
vt 0.0678 0.4659 0.0000
vt 0.0670 0.4806 0.0000
vt 0.0734 0.4798 0.0000
vt 0.3502 0.4993 0.0000
vt 0.3741 0.5075 0.0000
vt 0.3489 0.5031 0.0000
vt 0.3526 0.4961 0.0000
vt 0.3675 0.4940 0.0000
vt 0.3488 0.5071 0.0000
vt 0.3500 0.5109 0.0000
vt 0.3728 0.5113 0.0000
vt 0.3075 0.8139 0.0000
vt 0.0628 0.4777 0.0000
vt 0.0203 0.7478 0.0000
vt 0.0205 0.7304 0.0000
vt 0.0460 0.7498 0.0000
vt 0.0460 0.7559 0.0000
vt 0.0517 0.7497 0.0000
vt 0.0387 0.7303 0.0000
vt 0.3210 0.8005 0.0000
vt 0.9544 0.6705 0.0000
vt 0.9516 0.6676 0.0000
vt 0.3350 0.5693 0.0000
vt 0.3384 0.5654 0.0000
vt 0.3385 0.5694 0.0000
vt 0.3349 0.5653 0.0000
vt 0.3917 0.6518 0.0000
vt 0.6472 0.9670 0.0000
vt 0.6513 0.9803 0.0000
vt 0.7029 0.5535 0.0000
vt 0.0573 0.7496 0.0000
vt 0.0569 0.7300 0.0000
vt 0.7230 0.5514 0.0000
vt 0.7187 0.5688 0.0000
vt 0.6672 0.3079 0.0000
vt 0.6671 0.3122 0.0000
vt 0.6559 0.3060 0.0000
vt 0.6669 0.3165 0.0000
vt 0.0630 0.7495 0.0000
vt 0.6471 0.3031 0.0000
vt 0.6033 0.7960 0.0000
vt 0.6033 0.7713 0.0000
vt 0.6061 0.7960 0.0000
vt 0.3917 0.6271 0.0000
vt 0.3025 0.8139 0.0000
vt 0.3028 0.8052 0.0000
vt 0.3097 0.7999 0.0000
vt 0.3268 0.6384 0.0000
vt 0.3355 0.6386 0.0000
vt 0.3350 0.6684 0.0000
vt 0.3214 0.6401 0.0000
vt 0.3244 0.6364 0.0000
vt 0.3059 0.8028 0.0000
vt 0.4791 0.4064 0.0000
vt 0.4787 0.4231 0.0000
vt 0.6179 0.9466 0.0000
vt 0.6217 0.9466 0.0000
vt 0.6217 0.9501 0.0000
vt 0.5722 0.7536 0.0000
vt 0.2933 0.3792 0.0000
vt 0.2936 0.3767 0.0000
vt 0.3183 0.3780 0.0000
vt 0.3549 0.6039 0.0000
vt 0.3589 0.6039 0.0000
vt 0.3627 0.6052 0.0000
vt 0.3659 0.6075 0.0000
vt 0.4690 0.8034 0.0000
vt 0.4951 0.8042 0.0000
vt 0.3559 0.4938 0.0000
vt 0.4950 0.8111 0.0000
vt 0.4986 0.8146 0.0000
vt 0.4964 0.8173 0.0000
vt 0.4513 0.8674 0.0000
vt 0.4493 0.8647 0.0000
vt 0.4532 0.8613 0.0000
vt 0.4963 0.8249 0.0000
vt 0.4665 0.8243 0.0000
vt 0.4463 0.8673 0.0000
vt 0.4462 0.8749 0.0000
vt 0.4813 0.6278 0.0000
vt 0.4884 0.7384 0.0000
vt 0.4919 0.7384 0.0000
vt 0.4884 0.7640 0.0000
vt 0.9513 0.6457 0.0000
vt 0.9738 0.6457 0.0000
vt 0.9777 0.6496 0.0000
vt 0.9556 0.6496 0.0000
vt 0.9587 0.6481 0.0000
vt 0.9627 0.6476 0.0000
vt 0.9665 0.6484 0.0000
vt 0.9683 0.6496 0.0000
vt 0.4844 0.7385 0.0000
vt 0.4844 0.7640 0.0000
vt 0.4805 0.7386 0.0000
vt 0.4882 0.7384 0.0000
vt 0.9715 0.6518 0.0000
vt 0.4805 0.7640 0.0000
vt 0.4774 0.7387 0.0000
vt 0.7598 0.5483 0.0000
vt 0.7646 0.5651 0.0000
vt 0.7365 0.5657 0.0000
vt 0.6103 0.2932 0.0000
vt 0.7276 0.5666 0.0000
vt 0.0598 0.4673 0.0000
vt 0.1524 0.8940 0.0000
vt 0.1373 0.8959 0.0000
vt 0.6589 0.6482 0.0000
vt 0.6601 0.6437 0.0000
vt 0.6735 0.6465 0.0000
vt 0.6706 0.6506 0.0000
vt 0.9936 0.8094 0.0000
vt 0.9936 0.8073 0.0000
vt 0.9936 0.8093 0.0000
vt 0.7477 0.6723 0.0000
vt 0.7478 0.6689 0.0000
vt 0.5013 0.7151 0.0000
vt 0.4973 0.7158 0.0000
vt 0.5062 0.7017 0.0000
vt 0.4660 0.8614 0.0000
vt 0.4788 0.8609 0.0000
vt 0.2576 0.7962 0.0000
vt 0.2717 0.7922 0.0000
vt 0.2707 0.7954 0.0000
vt 0.9750 0.6609 0.0000
vt 0.9745 0.6569 0.0000
vt 0.6347 0.9469 0.0000
vt 0.6347 0.9504 0.0000
vt 0.2561 0.8000 0.0000
vt 0.4532 0.8544 0.0000
vt 0.9728 0.6533 0.0000
vt 0.4919 0.7640 0.0000
vt 0.4934 0.7384 0.0000
vt 0.4948 0.7640 0.0000
vt 0.5141 0.7686 0.0000
vt 0.5101 0.7686 0.0000
vt 0.5141 0.7433 0.0000
vt 0.9940 0.8053 0.0000
vt 0.9935 0.8034 0.0000
vt 0.4948 0.7384 0.0000
vt 0.5065 0.7431 0.0000
vt 0.5101 0.7431 0.0000
vt 0.5065 0.7686 0.0000
vt 0.3730 0.4997 0.0000
vt 0.3707 0.4964 0.0000
vt 0.3742 0.5035 0.0000
vt 0.3597 0.4926 0.0000
vt 0.3637 0.4927 0.0000
vt 0.0456 0.7681 0.0000
vt 0.2782 0.7990 0.0000
vt 0.2780 0.7989 0.0000
vt 0.2793 0.7912 0.0000
vt 0.2777 0.7989 0.0000
vt 0.0455 0.7675 0.0000
vt 0.0452 0.7660 0.0000
vt 0.0453 0.7653 0.0000
vt 0.3704 0.5145 0.0000
vt 0.3671 0.5168 0.0000
vt 0.3633 0.5180 0.0000
vt 0.3593 0.5179 0.0000
vt 0.3555 0.5166 0.0000
vt 0.3523 0.5142 0.0000
vt 0.9735 0.6753 0.0000
vt 0.9618 0.6732 0.0000
vt 0.9658 0.6727 0.0000
vt 0.9579 0.6724 0.0000
vt 0.3214 0.6524 0.0000
vt 0.3264 0.6682 0.0000
vt 0.3212 0.6538 0.0000
vt 0.3211 0.6498 0.0000
vt 0.5766 0.7431 0.0000
vt 0.2759 0.7926 0.0000
vt 0.2761 0.7917 0.0000
vt 0.6574 0.2322 0.0000
vt 0.6631 0.2374 0.0000
vt 0.6668 0.2387 0.0000
vt 0.6663 0.2386 0.0000
vt 0.6591 0.2371 0.0000
vt 0.6585 0.2372 0.0000
vt 0.6580 0.2374 0.0000
vt 0.6671 0.2389 0.0000
vt 0.6625 0.2373 0.0000
vt 0.2765 0.7992 0.0000
vt 0.2761 0.7992 0.0000
vt 0.2766 0.7916 0.0000
vt 0.2760 0.7992 0.0000
vt 0.2763 0.7916 0.0000
vt 0.2756 0.7992 0.0000
vt 0.7016 0.5672 0.0000
vt 0.7013 0.5679 0.0000
vt 0.7034 0.5648 0.0000
vt 0.2748 0.8002 0.0000
vt 0.2753 0.8009 0.0000
vt 0.2741 0.8153 0.0000
vt 0.7014 0.5683 0.0000
vt 0.5925 0.7821 0.0000
vt 0.5918 0.7712 0.0000
vt 0.5944 0.7820 0.0000
vt 0.5957 0.7818 0.0000
vt 0.5957 0.7713 0.0000
vt 0.5997 0.7960 0.0000
vt 0.5984 0.7822 0.0000
vt 0.5997 0.7713 0.0000
vt 0.2765 0.8002 0.0000
vt 0.2763 0.8150 0.0000
vt 0.2755 0.8008 0.0000
vt 0.2838 0.7906 0.0000
vt 0.2835 0.7907 0.0000
vt 0.2831 0.8147 0.0000
vt 0.2830 0.7907 0.0000
vt 0.2794 0.8148 0.0000
vt 0.2797 0.7912 0.0000
vt 0.2774 0.7993 0.0000
vt 0.6061 0.7713 0.0000
vt 0.5949 0.7822 0.0000
vt 0.5918 0.7960 0.0000
vt 0.6476 0.9650 0.0000
vt 0.0538 0.4316 0.0000
vt 0.5579 0.0288 0.0000
vt 0.5719 0.0314 0.0000
vt 0.5707 0.0346 0.0000
vt 0.5559 0.0318 0.0000
vt 0.5963 0.0385 0.0000
vt 0.5975 0.0424 0.0000
vt 0.5864 0.0400 0.0000
vt 0.0546 0.4440 0.0000
vt 0.0591 0.4472 0.0000
vt 0.7944 0.5397 0.0000
vt 0.5734 0.0372 0.0000
vt 0.6477 0.9644 0.0000
vt 0.6476 0.9636 0.0000
vt 0.6516 0.9636 0.0000
vt 0.5957 0.7960 0.0000
vt 0.5957 0.7822 0.0000
vt 0.5963 0.7822 0.0000
vt 0.4812 0.6312 0.0000
vt 0.9694 0.6710 0.0000
vt 0.9723 0.6683 0.0000
vt 0.9725 0.6679 0.0000
vt 0.9775 0.6715 0.0000
vt 0.9692 0.6711 0.0000
vt 0.9743 0.6648 0.0000
vt 0.5180 0.7434 0.0000
vt 0.5831 0.0354 0.0000
vt 0.5861 0.0362 0.0000
vt 0.5180 0.7686 0.0000
vt 0.5212 0.7435 0.0000
vt 0.6549 0.2164 0.0000
vt 0.6709 0.2146 0.0000
vt 0.5882 0.7960 0.0000
vt 0.5854 0.7960 0.0000
vt 0.5882 0.7710 0.0000
vt 0.5884 0.7711 0.0000
vt 0.6475 0.9505 0.0000
vt 0.6475 0.9469 0.0000
vt 0.4097 0.3466 0.0000
vt 0.4091 0.3338 0.0000
vt 0.5216 0.7435 0.0000
vt 0.5216 0.7686 0.0000
vt 0.6518 0.9470 0.0000
vt 0.4097 0.3509 0.0000
vt 0.3210 0.6556 0.0000
vt 0.5854 0.7709 0.0000
vt 0.6473 0.9611 0.0000
vt 0.3211 0.6662 0.0000
vt 0.3240 0.6701 0.0000
vt 0.3264 0.9390 0.0000
vt 0.3257 0.9745 0.0000
vt 0.6218 0.9425 0.0000
vt 0.6247 0.9425 0.0000
vt 0.4218 0.3241 0.0000
vt 0.4162 0.3210 0.0000
vt 0.4573 0.3214 0.0000
vt 0.0558 0.4329 0.0000
vt 0.6747 0.2150 0.0000
vt 0.6896 0.2143 0.0000
vt 0.0615 0.4357 0.0000
vt 0.0643 0.4695 0.0000
vt 0.6078 0.0515 0.0000
vt 0.5967 0.0488 0.0000
vt 0.6086 0.0452 0.0000
vt 0.3442 0.4464 0.0000
vt 0.3480 0.4457 0.0000
vt 0.6197 0.0479 0.0000
vt 0.6189 0.0542 0.0000
vt 0.0202 0.7652 0.0000
vt 0.0459 0.7588 0.0000
vt 0.0201 0.7817 0.0000
vt 0.7026 0.5666 0.0000
vt 0.7033 0.5650 0.0000
vt 0.7260 0.5818 0.0000
vt 0.5881 0.3497 0.0000
vt 0.2744 0.7996 0.0000
vt 0.5960 0.7485 0.0000
vt 0.3682 0.6107 0.0000
vt 0.3695 0.6145 0.0000
vt 0.3695 0.6185 0.0000
vt 0.3682 0.6223 0.0000
vt 0.7359 0.5817 0.0000
vt 0.7458 0.5828 0.0000
vt 0.5848 0.3727 0.0000
vt 0.5670 0.3733 0.0000
vt 0.5846 0.3596 0.0000
vt 0.5883 0.3597 0.0000
vt 0.5898 0.3696 0.0000
vt 0.8497 0.7923 0.0000
vt 0.8504 0.7815 0.0000
vt 0.7245 0.7243 0.0000
vt 0.5268 0.5929 0.0000
vt 0.1437 0.7501 0.0000
vt 0.5262 0.6022 0.0000
vt 0.5265 0.5971 0.0000
vt 0.5863 0.0468 0.0000
vt 0.5753 0.0488 0.0000
vt 0.7641 0.5848 0.0000
vt 0.0615 0.4154 0.0000
vt 0.0591 0.4051 0.0000
vt 0.1461 0.8265 0.0000
vt 0.1467 0.8444 0.0000
vt 0.1309 0.8275 0.0000
vt 0.2882 0.7328 0.0000
vt 0.2940 0.7209 0.0000
vt 0.2979 0.7199 0.0000
vt 0.2914 0.7322 0.0000
vt 0.3729 0.2487 0.0000
vt 0.3720 0.2345 0.0000
vt 0.6741 0.7442 0.0000
vt 0.6718 0.7431 0.0000
vt 0.6726 0.7444 0.0000
vt 0.9256 0.7612 0.0000
vt 0.9256 0.7614 0.0000
vt 0.2952 0.7428 0.0000
vt 0.2949 0.7415 0.0000
vt 0.2856 0.7445 0.0000
vt 0.3091 0.7503 0.0000
vt 0.2857 0.7440 0.0000
vt 0.0715 0.7700 0.0000
vt 0.0700 0.7700 0.0000
vt 0.0694 0.7712 0.0000
vt 0.6685 0.2587 0.0000
vt 0.6656 0.2605 0.0000
vt 0.6653 0.2607 0.0000
vt 0.6605 0.2667 0.0000
vt 0.6689 0.2583 0.0000
vt 0.6711 0.2556 0.0000
vt 0.6713 0.2552 0.0000
vt 0.6726 0.2519 0.0000
vt 0.6727 0.2515 0.0000
vt 0.6727 0.2514 0.0000
vt 0.6612 0.2617 0.0000
vt 0.6618 0.2616 0.0000
vt 0.6601 0.2616 0.0000
vt 0.6651 0.2608 0.0000
vt 0.2880 0.7360 0.0000
vt 0.2872 0.7361 0.0000
vt 0.2903 0.7359 0.0000
vt 0.2941 0.3973 0.0000
vt 0.2942 0.3965 0.0000
vt 0.2950 0.3964 0.0000
vt 0.2935 0.3994 0.0000
vt 0.2865 0.7403 0.0000
vt 0.2865 0.7402 0.0000
vt 0.2864 0.7407 0.0000
vt 0.2839 0.7515 0.0000
vt 0.2970 0.7904 0.0000
vt 0.2971 0.7905 0.0000
vt 0.2969 0.8155 0.0000
vt 0.2973 0.7905 0.0000
vt 0.1680 0.9260 0.0000
vt 0.1688 0.8774 0.0000
vt 0.1829 0.8683 0.0000
vt 0.1817 0.9359 0.0000
vt 0.2124 0.8733 0.0000
vt 0.2114 0.9324 0.0000
# 1410 texture coords

o BrazoIzquierdoBoss
g BrazoIzquierdoBoss
s off
f 1/1/1 2/2/1 3/3/1 
f 4/4/2 5/5/2 6/6/2 
f 7/7/3 5/5/3 4/4/3 
f 8/8/4 5/5/4 7/7/4 
f 9/9/5 5/5/5 8/8/5 
f 10/10/6 5/11/6 11/12/6 
f 12/13/7 11/12/7 5/11/7 
f 9/14/8 12/13/8 5/11/8 
f 7/15/9 13/16/9 8/17/9 
f 11/12/10 12/13/10 14/18/10 
f 8/17/11 14/18/11 12/13/11 
f 8/17/12 12/13/12 9/14/12 
f 15/19/13 16/20/13 17/21/13 
f 18/22/14 19/23/14 20/24/14 
f 19/23/15 17/21/15 20/24/15 
f 20/25/16 17/26/16 16/27/16 
f 21/28/17 20/25/17 16/27/17 
f 22/29/18 17/21/18 23/30/18 
f 16/31/19 15/32/19 21/33/19 
f 24/34/20 25/35/20 26/36/20 
f 27/37/21 28/38/21 29/39/21 
f 30/40/22 31/41/22 28/42/22 
f 32/43/23 28/42/23 31/41/23 
f 31/41/24 33/44/24 32/43/24 
f 28/42/25 32/43/25 29/45/25 
f 34/46/26 30/47/26 28/38/26 
f 33/44/27 35/48/27 36/49/27 
f 32/43/28 33/44/28 36/49/28 
f 22/29/29 34/50/29 25/51/29 
f 34/50/30 27/52/30 25/51/30 
f 26/53/31 25/51/31 37/54/31 
f 38/55/32 10/10/32 22/56/32 
f 37/54/33 25/51/33 39/57/33 
f 31/41/34 30/40/34 40/58/34 
f 40/58/35 41/59/35 31/41/35 
f 42/60/36 43/61/36 44/62/36 
f 24/63/37 45/64/37 25/51/37 
f 35/48/38 46/65/38 36/49/38 
f 47/66/39 35/67/39 48/68/39 
f 49/69/40 47/70/40 50/71/40 
f 35/48/41 47/72/41 46/65/41 
f 47/70/42 48/73/42 50/71/42 
f 51/74/43 52/75/43 53/76/43 
f 53/77/44 54/78/44 51/79/44 
f 55/80/45 56/81/45 57/82/45 
f 58/83/46 57/82/46 59/84/46 
f 60/85/47 61/86/47 51/79/47 
f 54/78/48 60/85/48 51/79/48 
f 62/87/49 43/88/49 58/89/49 
f 57/82/50 56/81/50 59/84/50 
f 58/83/51 43/61/51 42/60/51 
f 58/83/52 42/60/52 57/82/52 
f 52/75/53 63/90/53 53/76/53 
f 55/80/54 64/91/54 56/81/54 
f 43/61/55 65/92/55 66/93/55 
f 44/62/56 43/61/56 66/93/56 
f 66/93/57 65/92/57 67/94/57 
f 47/72/58 68/95/58 46/65/58 
f 49/96/59 68/95/59 47/72/59 
f 69/97/60 70/98/60 64/91/60 
f 71/99/61 69/97/61 64/91/61 
f 72/100/62 73/101/62 50/102/62 
f 55/80/63 71/99/63 64/91/63 
f 73/101/64 74/103/64 50/102/64 
f 75/104/65 69/105/65 71/106/65 
f 76/107/66 75/104/66 71/106/66 
f 2/2/67 1/1/67 64/108/67 
f 70/109/68 2/2/68 64/108/68 
f 77/110/69 66/111/69 67/112/69 
f 78/113/70 31/114/70 41/115/70 
f 31/116/71 78/117/71 79/118/71 
f 77/110/72 80/119/72 66/111/72 
f 79/118/73 33/120/73 31/116/73 
f 81/121/74 69/97/74 67/94/74 
f 65/92/75 81/121/75 67/94/75 
f 82/122/76 79/123/76 78/124/76 
f 69/97/77 81/121/77 70/98/77 
f 81/125/78 2/2/78 70/109/78 
f 83/126/79 79/123/79 82/122/79 
f 83/126/80 84/127/80 79/123/80 
f 85/128/81 86/129/81 87/130/81 
f 87/130/82 86/129/82 88/131/82 
f 14/132/83 86/129/83 89/133/83 
f 90/134/84 91/135/84 92/136/84 
f 88/131/85 86/129/85 93/137/85 
f 94/138/86 53/76/86 63/90/86 
f 95/139/87 94/138/87 96/140/87 
f 97/141/88 14/18/88 89/142/88 
f 14/18/89 8/17/89 13/16/89 
f 96/140/90 94/138/90 63/90/90 
f 95/139/91 96/140/91 98/143/91 
f 13/144/92 99/145/92 86/129/92 
f 100/146/93 98/147/93 96/148/93 
f 101/149/94 102/150/94 86/129/94 
f 86/129/95 99/145/95 101/149/95 
f 86/129/96 14/132/96 13/144/96 
f 78/113/97 41/115/97 82/151/97 
f 103/152/98 104/153/98 105/154/98 
f 13/16/99 4/155/99 99/156/99 
f 106/157/100 107/158/100 82/151/100 
f 108/159/101 92/136/101 91/135/101 
f 54/78/102 53/77/102 109/160/102 
f 110/161/103 111/162/103 107/163/103 
f 103/152/104 112/164/104 113/165/104 
f 114/166/105 112/167/105 103/168/105 
f 114/166/106 103/168/106 105/169/106 
f 115/170/107 98/147/107 100/146/107 
f 103/152/108 115/170/108 100/146/108 
f 82/151/109 41/115/109 106/157/109 
f 107/163/110 106/171/110 116/172/110 
f 110/161/111 107/163/111 116/172/111 
f 106/171/112 40/58/112 116/172/112 
f 106/171/113 41/59/113 40/58/113 
f 30/47/114 23/173/114 40/174/114 
f 82/151/115 107/158/115 117/175/115 
f 118/176/116 82/177/116 117/178/116 
f 118/176/117 83/179/117 82/177/117 
f 107/163/118 119/180/118 118/181/118 
f 107/163/119 118/181/119 117/182/119 
f 118/181/120 120/183/120 83/126/120 
f 121/184/121 122/185/121 89/186/121 
f 89/133/122 86/129/122 121/187/122 
f 121/187/123 86/129/123 85/128/123 
f 123/188/124 124/189/124 125/190/124 
f 120/191/125 73/192/125 72/193/125 
f 120/191/126 72/193/126 84/194/126 
f 83/126/127 120/183/127 84/127/127 
f 17/21/128 22/29/128 15/19/128 
f 23/30/129 34/50/129 22/29/129 
f 107/163/130 111/162/130 126/195/130 
f 107/163/131 126/195/131 119/180/131 
f 127/196/132 128/197/132 126/195/132 
f 120/183/133 118/181/133 119/180/133 
f 23/173/134 30/47/134 34/46/134 
f 40/174/135 23/173/135 116/198/135 
f 23/173/136 110/199/136 116/198/136 
f 129/200/137 23/30/137 17/21/137 
f 123/188/138 126/201/138 111/202/138 
f 129/200/139 130/203/139 23/30/139 
f 111/202/140 131/204/140 123/188/140 
f 19/23/141 132/205/141 129/200/141 
f 17/21/142 19/23/142 129/200/142 
f 23/173/143 130/206/143 110/199/143 
f 111/207/40 133/208/40 131/209/40 
f 133/210/144 111/162/144 110/161/144 
f 110/199/145 130/206/145 133/211/145 
f 125/190/146 134/212/146 127/213/146 
f 123/188/147 125/190/147 127/213/147 
f 135/214/148 136/215/148 137/216/148 
f 127/213/149 126/201/149 123/188/149 
f 137/217/150 129/200/150 135/218/150 
f 129/200/151 138/219/151 135/218/151 
f 139/220/152 127/213/152 134/212/152 
f 140/221/153 127/196/153 139/222/153 
f 140/221/154 128/197/154 127/196/154 
f 119/180/155 126/195/155 128/197/155 
f 129/223/156 132/224/156 138/225/156 
f 141/226/157 142/227/157 143/228/157 
f 144/229/158 140/221/158 139/222/158 
f 120/183/133 119/180/133 128/197/133 
f 140/221/159 144/229/159 74/103/159 
f 140/221/160 74/103/160 73/101/160 
f 140/221/161 73/101/161 128/197/161 
f 120/183/161 128/197/161 73/101/161 
f 144/230/162 49/69/162 50/71/162 
f 144/229/163 68/95/163 49/96/163 
f 134/212/164 145/231/164 139/220/164 
f 144/229/165 145/232/165 68/95/165 
f 145/232/166 144/229/166 139/222/166 
f 146/233/167 147/234/167 148/235/167 
f 149/236/168 148/235/168 150/237/168 
f 150/237/169 148/235/169 147/234/169 
f 151/238/170 152/239/170 150/237/170 
f 149/236/171 150/237/171 152/239/171 
f 153/240/172 154/241/172 20/24/172 
f 152/242/173 93/243/173 149/244/173 
f 154/241/174 153/240/174 155/245/174 
f 156/246/175 157/247/175 158/248/175 
f 154/249/176 159/250/176 18/251/176 
f 20/24/177 154/241/177 18/22/177 
f 21/28/178 153/252/178 20/25/178 
f 21/28/179 150/253/179 153/252/179 
f 160/254/180 161/255/180 162/256/180 
f 161/255/181 163/257/181 162/256/181 
f 155/258/182 161/259/182 154/249/182 
f 161/259/183 160/260/183 154/249/183 
f 163/261/184 164/262/184 162/263/184 
f 164/262/185 165/264/185 162/263/185 
f 165/265/186 164/266/186 166/267/186 
f 167/268/187 166/269/187 168/270/187 
f 168/270/188 169/271/188 167/268/188 
f 159/272/189 160/254/189 162/256/189 
f 159/250/190 154/249/190 160/260/190 
f 159/250/191 132/273/191 19/274/191 
f 159/250/192 19/274/192 18/251/192 
f 138/225/193 132/224/193 159/272/193 
f 165/264/194 135/218/194 162/263/194 
f 159/272/195 162/256/195 138/225/195 
f 135/218/196 138/219/196 162/263/196 
f 136/215/197 135/214/197 165/265/197 
f 165/265/198 166/267/198 167/275/198 
f 141/276/199 170/277/199 142/278/199 
f 169/279/200 141/226/200 143/228/200 
f 141/276/201 171/280/201 172/281/201 
f 173/282/202 170/277/202 141/276/202 
f 171/283/203 141/226/203 169/279/203 
f 136/284/204 169/271/204 143/285/204 
f 136/284/205 167/268/205 169/271/205 
f 136/215/206 165/265/206 167/275/206 
f 171/283/207 169/279/207 168/286/207 
f 88/287/208 93/243/208 151/288/208 
f 148/289/209 93/243/209 146/290/209 
f 174/291/210 175/292/210 176/293/210 
f 177/294/211 176/293/211 175/292/211 
f 93/137/212 86/129/212 178/295/212 
f 179/296/213 180/297/213 87/298/213 
f 152/242/214 151/288/214 93/243/214 
f 148/289/215 149/244/215 93/243/215 
f 178/299/209 146/290/209 93/243/209 
f 181/300/216 182/301/216 183/302/216 
f 182/303/217 175/304/217 174/305/217 
f 181/306/218 184/307/218 185/308/218 
f 175/304/219 182/303/219 181/309/219 
f 181/306/220 185/308/220 175/310/220 
f 186/311/221 185/312/221 184/313/221 
f 181/314/222 186/315/222 184/316/222 
f 187/317/223 188/318/223 189/319/223 
f 189/319/224 190/320/224 191/321/224 
f 192/322/225 188/318/225 187/317/225 
f 189/319/226 188/318/226 190/320/226 
f 193/323/227 183/302/227 182/301/227 
f 177/324/228 194/325/228 183/326/228 
f 193/327/229 177/328/229 183/329/229 
f 195/330/230 196/331/230 197/332/230 
f 197/333/231 198/334/231 195/335/231 
f 199/336/232 200/337/232 201/338/232 
f 202/339/233 203/340/233 204/341/233 
f 205/342/234 206/343/234 201/338/234 
f 201/338/235 206/343/235 204/341/235 
f 201/338/236 207/344/236 205/342/236 
f 124/189/237 123/188/237 158/248/237 
f 196/331/238 158/248/238 157/247/238 
f 196/331/239 195/330/239 158/248/239 
f 131/345/240 208/346/240 209/347/240 
f 158/248/140 123/188/140 131/204/140 
f 158/248/241 131/204/241 156/246/241 
f 156/246/242 131/204/242 209/348/242 
f 208/346/243 131/345/243 210/349/243 
f 124/189/244 158/248/244 211/350/244 
f 204/341/245 206/343/245 212/351/245 
f 207/352/246 213/353/246 214/354/246 
f 205/355/247 207/352/247 214/354/247 
f 215/356/248 216/357/248 217/358/248 
f 215/359/249 206/360/249 216/361/249 
f 212/362/250 211/363/250 204/364/250 
f 218/365/251 219/366/251 203/367/251 
f 202/368/252 204/369/252 211/350/252 
f 134/370/253 220/371/253 221/372/253 
f 125/373/254 220/371/254 134/370/254 
f 134/374/255 221/375/255 222/376/255 
f 223/377/256 197/378/256 196/379/256 
f 199/336/257 204/341/257 203/340/257 
f 224/380/258 225/381/258 226/382/258 
f 201/338/259 204/341/259 199/336/259 
f 201/383/260 200/384/260 227/385/260 
f 228/386/261 225/387/261 199/388/261 
f 207/389/262 201/390/262 213/391/262 
f 213/391/263 201/390/263 227/392/263 
f 229/393/264 230/394/264 231/395/264 
f 232/396/265 230/397/265 229/398/265 
f 227/399/266 233/400/266 234/401/266 
f 227/402/267 234/403/267 213/404/267 
f 234/403/268 214/405/268 213/404/268 
f 223/377/269 235/406/269 236/407/269 
f 233/408/270 227/409/270 237/410/270 
f 198/411/271 197/378/271 223/377/271 
f 237/412/272 238/413/272 233/414/272 
f 223/377/273 236/407/273 239/415/273 
f 223/377/274 240/416/274 241/417/274 
f 242/418/275 237/410/275 227/409/275 
f 242/419/276 227/385/276 200/384/276 
f 243/420/277 225/381/277 224/380/277 
f 244/421/278 225/422/278 243/423/278 
f 218/365/279 203/367/279 245/424/279 
f 245/424/280 203/367/280 202/425/280 
f 203/426/281 246/427/281 247/428/281 
f 248/429/282 247/428/282 246/427/282 
f 228/430/283 246/431/283 225/432/283 
f 248/433/284 246/431/284 228/430/284 
f 199/336/285 203/340/285 247/434/285 
f 203/435/286 219/436/286 246/437/286 
f 249/438/287 219/366/287 218/365/287 
f 249/438/288 218/365/288 250/439/288 
f 246/440/289 251/441/289 225/442/289 
f 225/442/290 251/441/290 226/443/290 
f 251/444/291 252/445/291 226/446/291 
f 246/447/292 253/448/292 251/449/292 
f 218/365/293 245/424/293 250/439/293 
f 249/438/294 250/439/294 254/450/294 
f 255/451/295 249/452/295 254/453/295 
f 256/454/296 257/455/296 258/456/296 
f 259/457/297 260/458/297 258/459/297 
f 259/460/298 258/461/298 261/462/298 
f 261/462/299 262/463/299 259/460/299 
f 263/464/300 264/465/300 137/217/300 
f 137/216/301 136/215/301 263/466/301 
f 136/284/302 143/285/302 263/467/302 
f 252/445/303 224/468/303 226/446/303 
f 252/469/304 251/449/304 253/448/304 
f 253/470/305 246/437/305 219/436/305 
f 264/465/306 130/203/306 129/200/306 
f 253/471/307 265/472/307 243/473/307 
f 264/465/308 266/474/308 130/203/308 
f 224/468/309 253/475/309 243/476/309 
f 252/445/310 253/475/310 224/468/310 
f 174/305/311 176/477/311 182/303/311 
f 215/356/312 217/358/312 267/478/312 
f 268/479/313 208/480/313 210/481/313 
f 269/482/314 270/483/314 212/351/314 
f 269/482/315 271/484/315 270/483/315 
f 272/485/316 271/484/316 269/482/316 
f 271/484/317 273/486/317 270/483/317 
f 186/311/318 274/487/318 270/483/318 
f 275/488/319 186/311/319 270/483/319 
f 212/351/320 220/371/320 125/373/320 
f 124/489/321 212/351/321 125/373/321 
f 206/343/322 269/482/322 212/351/322 
f 215/490/323 269/482/323 206/343/323 
f 215/490/324 267/491/324 269/482/324 
f 124/492/325 211/363/325 212/362/325 
f 275/493/326 270/494/326 185/495/326 
f 175/496/327 273/497/327 177/498/327 
f 175/499/328 185/495/328 270/494/328 
f 270/500/329 273/497/329 175/496/329 
f 276/501/330 267/491/330 217/502/330 
f 194/325/331 177/324/331 277/503/331 
f 278/504/332 279/505/332 177/506/332 
f 176/477/333 193/507/333 182/303/333 
f 268/479/334 209/508/334 208/480/334 
f 193/327/335 176/509/335 177/328/335 
f 209/508/336 268/479/336 156/510/336 
f 268/479/337 210/481/337 266/511/337 
f 280/512/338 188/513/338 192/514/338 
f 216/515/339 234/516/339 276/517/339 
f 232/396/340 276/518/340 234/519/340 
f 281/520/341 232/396/341 234/519/341 
f 234/401/342 233/400/342 238/521/342 
f 276/518/343 232/396/343 229/398/343 
f 238/521/344 261/522/344 234/401/344 
f 282/523/345 283/524/345 229/525/345 
f 229/525/346 283/524/346 257/526/346 
f 234/527/347 216/361/347 206/360/347 
f 257/528/348 284/529/348 285/530/348 
f 216/515/349 276/517/349 217/531/349 
f 205/342/350 214/532/350 234/533/350 
f 234/533/351 206/343/351 205/342/351 
f 276/501/352 269/482/352 267/491/352 
f 276/534/353 272/535/353 269/536/353 
f 274/487/354 212/351/354 270/483/354 
f 275/488/355 185/312/355 186/311/355 
f 181/314/356 274/537/356 186/315/356 
f 283/538/357 258/539/357 257/540/357 
f 256/454/358 286/541/358 257/455/358 
f 181/542/359 192/543/359 274/544/359 
f 220/371/360 212/351/360 274/487/360 
f 187/317/361 189/319/361 221/375/361 
f 274/545/362 187/317/362 221/375/362 
f 283/546/363 282/547/363 287/548/363 
f 274/545/364 221/375/364 220/549/364 
f 258/539/365 283/538/365 287/550/365 
f 274/545/366 192/322/366 187/317/366 
f 181/542/367 183/551/367 192/543/367 
f 183/551/368 288/552/368 192/543/368 
f 221/375/369 189/319/369 245/424/369 
f 245/424/370 222/376/370 221/375/370 
f 287/548/371 282/547/371 289/553/371 
f 190/320/372 188/318/372 280/554/372 
f 261/462/373 290/555/373 262/463/373 
f 230/556/374 232/557/374 281/558/374 
f 281/558/375 231/559/375 230/556/375 
f 238/413/376 237/412/376 291/560/376 
f 231/561/377 234/562/377 261/563/377 
f 292/564/378 191/321/378 190/320/378 
f 190/320/379 293/565/379 294/566/379 
f 281/567/380 234/562/380 231/561/380 
f 268/479/381 295/568/381 240/416/381 
f 240/416/382 157/569/382 156/510/382 
f 240/416/383 156/510/383 268/479/383 
f 173/570/384 296/571/384 297/572/384 
f 223/377/385 196/379/385 240/416/385 
f 196/379/386 157/569/386 240/416/386 
f 298/573/274 241/417/274 240/416/274 
f 287/574/387 289/575/387 261/576/387 
f 258/577/388 287/574/388 261/576/388 
f 282/523/389 229/525/389 261/578/389 
f 261/578/390 289/579/390 282/523/390 
f 229/393/391 231/395/391 261/580/391 
f 261/581/392 291/582/392 242/583/392 
f 238/521/393 291/584/393 261/522/393 
f 259/457/394 299/585/394 260/458/394 
f 300/586/395 301/587/395 258/588/395 
f 299/589/396 259/590/396 262/591/396 
f 262/591/397 290/592/397 299/589/397 
f 242/583/398 291/582/398 237/593/398 
f 261/462/399 242/594/399 290/555/399 
f 298/595/400 297/572/400 296/571/400 
f 302/596/401 303/597/401 304/598/401 
f 191/321/402 305/599/402 250/439/402 
f 303/597/403 306/600/403 304/598/403 
f 292/564/404 190/320/404 294/566/404 
f 189/319/405 250/439/405 245/424/405 
f 191/321/406 250/439/406 189/319/406 
f 307/601/407 145/231/407 134/212/407 
f 304/598/408 308/602/408 302/596/408 
f 309/603/409 301/604/409 310/605/409 
f 306/600/410 309/606/410 310/607/410 
f 311/608/411 172/281/411 171/280/411 
f 312/609/412 311/608/412 171/280/412 
f 313/610/413 303/611/413 302/612/413 
f 243/423/414 313/610/414 302/612/414 
f 166/267/415 164/266/415 314/613/415 
f 172/281/416 173/282/416 141/276/416 
f 171/283/417 168/286/417 312/614/417 
f 311/615/418 315/616/418 172/617/418 
f 312/618/419 315/616/419 311/615/419 
f 306/600/420 316/619/420 317/620/420 
f 296/571/421 173/570/421 172/617/421 
f 306/600/422 317/620/422 309/606/422 
f 316/619/423 306/600/423 303/597/423 
f 318/621/424 319/622/424 314/623/424 
f 316/619/425 303/597/425 320/624/425 
f 321/625/426 223/377/426 322/626/426 
f 314/623/427 323/627/427 166/269/427 
f 319/622/428 323/627/428 314/623/428 
f 312/614/429 168/286/429 323/628/429 
f 315/616/430 312/618/430 323/627/430 
f 323/627/431 168/270/431 166/269/431 
f 243/629/432 324/630/432 325/631/432 
f 316/619/433 320/624/433 326/632/433 
f 170/633/434 327/634/434 328/635/434 
f 142/278/435 328/636/435 329/637/435 
f 327/634/436 170/633/436 297/572/436 
f 170/633/437 173/570/437 297/572/437 
f 328/636/438 142/278/438 170/277/438 
f 142/227/439 329/638/439 264/465/439 
f 263/467/440 143/285/440 264/639/440 
f 129/200/441 137/217/441 264/465/441 
f 264/465/442 143/228/442 142/227/442 
f 329/638/443 330/640/443 264/465/443 
f 266/474/444 264/465/444 330/640/444 
f 295/641/445 331/642/445 330/643/445 
f 330/643/446 327/634/446 295/641/446 
f 329/638/447 328/644/447 330/640/447 
f 330/640/448 331/645/448 266/474/448 
f 328/635/449 327/634/449 330/643/449 
f 327/634/450 298/595/450 295/641/450 
f 297/572/451 298/595/451 327/634/451 
f 298/573/381 240/416/381 295/568/381 
f 295/568/452 268/479/452 331/646/452 
f 277/647/453 177/506/453 279/505/453 
f 277/503/454 279/648/454 194/325/454 
f 332/649/455 271/650/455 285/651/455 
f 332/652/456 333/653/456 271/654/456 
f 334/655/457 279/656/457 278/657/457 
f 335/658/458 336/659/458 337/660/458 
f 338/661/459 336/659/459 339/662/459 
f 339/663/460 316/664/460 326/665/460 
f 285/651/461 271/650/461 272/666/461 
f 340/667/462 335/658/462 337/660/462 
f 341/668/463 286/669/463 256/670/463 
f 317/671/464 341/672/464 256/673/464 
f 256/673/465 258/674/465 317/671/465 
f 337/675/466 336/676/466 342/677/466 
f 309/606/467 317/620/467 258/678/467 
f 316/664/468 339/663/468 335/679/468 
f 266/511/452 331/646/452 268/479/452 
f 301/680/469 309/606/469 258/678/469 
f 343/681/470 338/661/470 339/662/470 
f 344/682/471 343/681/471 339/662/471 
f 345/683/472 346/684/472 347/685/472 
f 345/686/473 278/687/473 346/688/473 
f 344/689/474 339/690/474 292/564/474 
f 336/659/475 335/658/475 339/662/475 
f 278/687/476 348/691/476 346/688/476 
f 349/692/477 342/677/477 350/693/477 
f 315/616/478 323/627/478 321/694/478 
f 342/677/479 349/692/479 351/695/479 
f 315/616/480 321/694/480 322/696/480 
f 51/74/481 352/697/481 353/698/481 
f 346/699/482 348/700/482 354/701/482 
f 355/702/483 284/703/483 257/704/483 
f 348/700/484 284/703/484 356/705/484 
f 355/702/485 257/704/485 286/706/485 
f 272/535/486 276/534/486 285/530/486 
f 229/707/487 257/528/487 285/530/487 
f 52/75/481 51/74/481 353/698/481 
f 352/708/488 357/709/488 358/710/488 
f 352/708/489 61/86/489 357/709/489 
f 285/530/490 276/534/490 229/707/490 
f 352/708/491 51/79/491 61/86/491 
f 333/653/492 278/711/492 177/498/492 
f 52/712/493 353/713/493 349/714/493 
f 353/713/494 359/715/494 349/714/494 
f 360/716/494 359/715/494 353/713/494 
f 333/653/495 177/498/495 273/497/495 
f 351/695/496 349/692/496 359/717/496 
f 358/718/497 353/698/497 352/697/497 
f 358/718/498 360/719/498 353/698/498 
f 357/709/499 361/720/499 358/710/499 
f 362/721/500 358/722/500 91/135/500 
f 363/723/501 351/695/501 359/717/501 
f 364/724/502 96/140/502 63/90/502 
f 365/725/503 364/724/503 63/90/503 
f 365/726/504 350/727/504 366/728/504 
f 365/726/505 63/729/505 350/727/505 
f 52/730/506 349/731/506 63/732/506 
f 349/731/507 350/733/507 63/732/507 
f 366/728/508 367/734/508 365/726/508 
f 363/723/509 366/735/509 368/736/509 
f 360/719/510 358/718/510 367/737/510 
f 358/718/511 362/738/511 367/737/511 
f 105/739/512 367/737/512 362/738/512 
f 90/134/513 105/169/513 362/721/513 
f 254/450/514 250/439/514 255/740/514 
f 250/439/515 305/599/515 255/740/515 
f 255/740/516 305/599/516 369/741/516 
f 369/742/517 249/452/517 255/451/517 
f 265/472/518 324/743/518 243/473/518 
f 300/586/519 258/588/519 260/744/519 
f 300/745/520 310/605/520 301/604/520 
f 310/746/521 300/747/521 306/748/521 
f 223/377/426 241/417/426 322/626/426 
f 241/749/522 315/616/522 322/696/522 
f 315/616/523 241/749/523 296/571/523 
f 296/571/524 172/617/524 315/616/524 
f 241/749/525 298/595/525 296/571/525 
f 260/458/526 299/585/526 290/750/526 
f 348/700/527 356/705/527 354/701/527 
f 333/653/528 348/700/528 278/711/528 
f 332/652/529 348/700/529 333/653/529 
f 332/652/530 285/751/530 284/703/530 
f 284/703/531 348/700/531 332/652/531 
f 271/654/532 333/653/532 273/497/532 
f 370/752/533 194/325/533 279/648/533 
f 334/753/534 194/754/534 370/755/534 
f 347/685/535 334/756/535 278/757/535 
f 347/685/536 278/757/536 345/683/536 
f 91/135/537 90/134/537 362/721/537 
f 366/758/538 359/759/538 367/760/538 
f 360/761/539 367/760/539 359/759/539 
f 359/717/540 366/735/540 363/723/540 
f 371/762/541 350/693/541 372/763/541 
f 366/735/542 350/693/542 371/762/542 
f 100/146/543 96/148/543 364/764/543 
f 103/152/544 100/146/544 364/764/544 
f 372/763/545 350/693/545 342/677/545 
f 334/655/546 370/765/546 279/656/546 
f 183/766/547 194/754/547 334/753/547 
f 243/629/548 325/631/548 313/767/548 
f 183/551/549 334/768/549 288/552/549 
f 280/512/550 192/514/550 373/769/550 
f 280/554/551 373/770/551 190/320/551 
f 373/770/552 288/771/552 293/565/552 
f 373/770/553 293/565/553 190/320/553 
f 294/566/554 293/565/554 354/772/554 
f 354/773/555 334/774/555 347/775/555 
f 293/565/556 288/771/556 354/772/556 
f 354/772/557 374/776/557 294/566/557 
f 354/701/558 375/777/558 346/699/558 
f 354/701/559 356/705/559 374/778/559 
f 347/685/560 346/684/560 375/779/560 
f 354/773/561 347/775/561 375/780/561 
f 336/676/562 338/781/562 372/763/562 
f 336/676/563 372/763/563 342/677/563 
f 338/782/564 371/783/564 372/784/564 
f 288/552/565 334/768/565 354/785/565 
f 368/736/566 366/735/566 371/762/566 
f 288/786/567 373/769/567 192/514/567 
f 364/764/568 104/153/568 103/152/568 
f 104/787/569 365/725/569 367/737/569 
f 290/750/570 242/788/570 260/458/570 
f 104/787/571 364/724/571 365/725/571 
f 104/787/572 367/737/572 105/739/572 
f 260/789/573 242/419/573 304/598/573 
f 308/790/574 304/791/574 200/792/574 
f 308/790/575 200/792/575 376/793/575 
f 337/794/576 342/795/576 340/796/576 
f 377/797/462 335/658/462 340/667/462 
f 300/747/577 260/798/577 306/748/577 
f 242/419/578 200/384/578 304/598/578 
f 317/620/579 284/703/579 355/702/579 
f 317/620/580 355/702/580 341/799/580 
f 356/705/581 284/703/581 317/620/581 
f 317/620/582 316/619/582 356/705/582 
f 260/789/583 304/598/583 306/600/583 
f 302/612/584 244/421/584 243/423/584 
f 376/800/585 244/801/585 308/802/585 
f 302/803/585 308/802/585 244/801/585 
f 305/599/586 191/321/586 292/564/586 
f 292/564/587 378/804/587 305/599/587 
f 305/599/588 378/804/588 369/741/588 
f 325/805/589 379/806/589 380/807/589 
f 313/808/590 325/805/590 380/807/590 
f 341/668/591 355/809/591 286/669/591 
f 377/810/592 316/811/592 335/812/592 
f 381/813/593 340/796/593 351/814/593 
f 340/796/594 342/795/594 351/814/594 
f 340/667/595 381/815/595 377/797/595 
f 356/816/596 316/811/596 377/810/596 
f 374/778/597 356/705/597 377/817/597 
f 381/813/598 351/814/598 363/818/598 
f 379/806/599 324/819/599 265/820/599 
f 379/806/600 325/805/600 324/819/600 
f 344/682/601 382/821/601 343/681/601 
f 379/822/602 265/823/602 380/824/602 
f 265/823/603 253/825/603 380/824/603 
f 344/689/474 292/564/474 294/566/474 
f 383/826/604 384/827/604 313/828/604 
f 383/826/605 313/828/605 380/829/605 
f 292/564/606 326/830/606 320/831/606 
f 378/804/607 292/564/607 320/831/607 
f 385/832/608 219/833/608 249/452/608 
f 380/834/609 320/835/609 383/836/609 
f 320/837/610 380/838/610 385/839/610 
f 249/452/608 369/742/608 385/832/608 
f 385/839/611 380/838/611 253/470/611 
f 385/840/612 369/741/612 378/804/612 
f 339/663/613 326/665/613 292/841/613 
f 386/842/614 384/843/614 383/844/614 
f 385/839/615 253/470/615 219/436/615 
f 385/840/616 378/804/616 320/831/616 
f 382/845/617 381/846/617 363/847/617 
f 344/848/618 377/849/618 381/850/618 
f 382/851/619 344/848/619 381/850/619 
f 344/852/620 294/853/620 374/778/620 
f 344/852/621 374/778/621 377/817/621 
f 368/854/622 371/783/622 343/855/622 
f 338/782/623 343/855/623 371/783/623 
f 343/855/624 382/856/624 368/854/624 
f 382/845/625 363/847/625 368/857/625 
f 387/858/626 320/859/626 303/860/626 
f 320/859/627 387/858/627 386/842/627 
f 387/861/628 303/862/628 313/863/628 
f 387/861/629 313/863/629 384/864/629 
f 387/858/630 384/843/630 386/842/630 
f 320/835/631 386/865/631 383/836/631 
f 27/37/632 34/46/632 28/38/632 
f 39/57/30 25/51/30 27/52/30 
f 388/866/633 389/867/633 390/868/633 
f 391/869/634 392/870/634 393/871/634 
f 391/869/635 390/872/635 392/870/635 
f 391/873/636 394/874/636 390/868/636 
f 395/875/637 391/873/637 396/876/637 
f 395/875/638 394/874/638 391/873/638 
f 395/877/639 396/878/639 397/879/639 
f 390/868/640 394/874/640 398/880/640 
f 399/881/641 388/882/641 398/883/641 
f 400/884/642 401/885/642 402/886/642 
f 403/887/643 404/888/643 400/884/643 
f 398/889/644 394/890/644 405/891/644 
f 398/889/645 405/891/645 399/892/645 
f 406/893/646 399/894/646 405/895/646 
f 402/886/647 406/896/647 400/884/647 
f 407/897/648 408/898/648 400/884/648 
f 409/899/649 409/899/649 410/900/649 
f 411/901/650 410/900/650 409/899/650 
f 412/902/651 108/903/651 358/710/651 
f 91/904/652 358/710/652 108/903/652 
f 398/880/653 388/866/653 390/868/653 
f 399/894/654 406/893/654 402/905/654 
f 413/906/655 414/907/655 402/886/655 
f 415/908/656 90/134/656 92/136/656 
f 109/160/657 416/909/657 361/720/657 
f 109/160/658 361/720/658 357/709/658 
f 109/160/659 357/709/659 61/86/659 
f 60/85/660 54/78/660 109/160/660 
f 109/160/661 61/86/661 60/85/661 
f 417/910/662 418/911/662 419/912/662 
f 419/913/663 94/914/663 420/915/663 
f 419/913/664 53/916/664 94/914/664 
f 421/917/665 109/160/665 419/918/665 
f 109/160/666 53/77/666 419/918/666 
f 421/917/667 419/918/667 418/919/667 
f 422/920/668 423/921/668 424/922/668 
f 62/923/669 423/924/669 422/925/669 
f 62/87/670 424/922/670 423/921/670 
f 58/89/671 424/922/671 62/87/671 
f 425/926/672 42/927/672 44/928/672 
f 413/906/673 402/886/673 426/929/673 
f 427/930/674 428/931/674 429/931/674 
f 430/932/642 426/929/642 402/886/642 
f 431/933/675 429/934/675 428/934/675 
f 402/886/676 414/907/676 432/935/676 
f 416/909/677 433/936/677 427/937/677 
f 434/938/678 418/911/678 435/939/678 
f 428/931/679 427/930/679 434/938/679 
f 418/911/680 434/938/680 427/930/680 
f 433/936/681 418/919/681 427/937/681 
f 436/940/682 418/919/682 433/936/682 
f 428/934/683 434/941/683 431/933/683 
f 431/933/684 434/941/684 435/942/684 
f 436/940/685 421/917/685 418/919/685 
f 6/6/686 5/5/686 437/943/686 
f 5/5/687 402/886/687 437/943/687 
f 432/935/686 437/943/686 402/886/686 
f 417/910/688 435/939/688 418/911/688 
f 426/944/689 438/945/689 413/946/689 
f 109/160/690 421/917/690 436/940/690 
f 433/936/691 109/160/691 436/940/691 
f 433/936/692 416/909/692 109/160/692 
f 432/947/693 102/948/693 437/949/693 
f 99/156/694 6/950/694 101/951/694 
f 439/952/695 400/884/695 408/898/695 
f 440/953/696 441/954/696 408/955/696 
f 442/956/697 441/957/697 443/958/697 
f 403/887/698 400/884/698 439/952/698 
f 417/959/699 422/920/699 435/960/699 
f 404/888/700 401/885/700 400/884/700 
f 430/932/648 402/886/648 401/885/648 
f 403/961/701 439/962/701 444/963/701 
f 444/963/702 439/962/702 441/954/702 
f 445/964/703 435/960/703 422/920/703 
f 446/965/704 427/930/704 447/966/704 
f 401/967/705 448/968/705 449/969/705 
f 430/970/705 401/967/705 449/969/705 
f 431/933/706 435/942/706 450/971/706 
f 451/972/707 450/971/707 435/942/707 
f 451/972/708 435/942/708 445/973/708 
f 451/972/709 452/974/709 450/971/709 
f 441/975/710 440/976/710 443/977/710 
f 453/978/711 443/977/711 440/976/711 
f 424/922/712 454/979/712 422/920/712 
f 424/922/713 58/89/713 454/979/713 
f 445/964/714 454/979/714 455/980/714 
f 422/920/715 454/979/715 445/964/715 
f 456/981/716 455/980/716 454/979/716 
f 457/982/717 458/983/717 459/984/717 
f 42/927/672 425/926/672 459/985/672 
f 460/986/718 457/982/718 459/984/718 
f 461/987/719 460/986/719 459/984/719 
f 460/988/720 452/974/720 457/989/720 
f 407/990/721 400/991/721 462/992/721 
f 463/993/722 464/994/722 459/984/722 
f 462/995/723 465/996/723 466/997/723 
f 407/998/724 462/999/724 408/1000/724 
f 440/1001/725 408/1000/725 462/999/725 
f 462/999/726 466/1002/726 440/1001/726 
f 439/962/727 408/955/727 441/954/727 
f 458/983/728 451/1003/728 459/984/728 
f 467/1004/729 453/978/729 468/1005/729 
f 459/984/730 451/1003/730 469/1006/730 
f 469/1006/728 470/1007/728 459/984/728 
f 440/976/731 468/1005/731 453/978/731 
f 456/1008/732 469/1009/732 455/1010/732 
f 447/1011/733 470/1012/733 456/1008/733 
f 451/972/706 445/973/706 469/1009/706 
f 451/972/734 458/1013/734 452/974/734 
f 458/1013/735 457/989/735 452/974/735 
f 461/1014/736 471/1015/736 460/1016/736 
f 410/900/737 443/958/737 409/899/737 
f 447/1011/738 431/933/738 472/1017/738 
f 429/934/739 431/933/739 447/1011/739 
f 455/1010/707 469/1009/707 445/973/707 
f 452/1018/736 460/1016/736 471/1015/736 
f 42/1019/740 459/1020/740 57/1021/740 
f 464/1022/741 57/1021/741 459/1020/741 
f 473/1023/742 442/956/742 410/900/742 
f 443/958/650 410/900/650 442/956/650 
f 444/963/743 441/954/743 442/1024/743 
f 474/1025/744 475/1026/744 476/1027/744 
f 39/57/745 27/52/745 475/1026/745 
f 392/870/746 474/1025/746 476/1027/746 
f 392/870/747 390/872/747 474/1025/747 
f 474/1025/748 39/57/748 475/1026/748 
f 390/872/749 389/1028/749 474/1025/749 
f 39/57/750 389/1028/750 37/54/750 
f 474/1025/751 389/1028/751 39/57/751 
f 477/1029/752 475/1030/752 27/37/752 
f 477/1029/753 27/37/753 29/39/753 
f 32/43/754 477/1031/754 29/45/754 
f 478/1032/755 477/1031/755 32/43/755 
f 35/67/756 33/120/756 479/1033/756 
f 33/120/757 79/118/757 479/1033/757 
f 480/1034/758 35/67/758 479/1033/758 
f 480/1035/759 479/1036/759 84/127/759 
f 479/1036/760 79/123/760 84/127/760 
f 48/68/761 35/67/761 480/1034/761 
f 48/1037/762 480/1035/762 50/102/762 
f 84/127/763 72/100/763 480/1035/763 
f 480/1035/764 72/100/764 50/102/764 
f 393/871/765 392/870/765 476/1027/765 
f 416/909/766 412/902/766 361/720/766 
f 476/1027/767 481/1038/767 393/871/767 
f 397/1039/768 393/871/768 481/1038/768 
f 481/1038/769 482/1040/769 397/1039/769 
f 450/1041/770 483/1042/770 431/1043/770 
f 452/1044/770 484/1045/770 450/1041/770 
f 472/1046/770 431/1043/770 483/1042/770 
f 485/1047/770 472/1046/770 486/1048/770 
f 429/931/771 447/966/771 427/930/771 
f 416/909/772 427/937/772 412/902/772 
f 59/1049/773 454/979/773 58/89/773 
f 396/1050/774 393/871/774 397/1039/774 
f 391/869/775 393/871/775 396/1050/775 
f 487/1051/776 482/1052/776 488/1053/776 
f 411/1054/777 487/1051/777 488/1053/777 
f 488/1053/778 482/1052/778 489/1055/778 
f 489/1055/779 482/1052/779 481/1056/779 
f 456/981/780 454/979/780 447/1057/780 
f 490/1058/781 463/993/781 491/1059/781 
f 470/1007/781 491/1059/781 463/993/781 
f 463/993/782 459/984/782 470/1007/782 
f 469/1009/783 456/1008/783 470/1012/783 
f 464/1060/784 55/1061/784 57/1062/784 
f 463/1063/785 71/106/785 55/1061/785 
f 464/1060/786 463/1063/786 55/1061/786 
f 472/1017/787 491/1064/787 470/1012/787 
f 492/1065/788 412/1066/788 446/965/788 
f 488/1067/789 410/900/789 411/901/789 
f 489/1055/790 481/1056/790 493/1068/790 
f 481/1056/791 476/1069/791 493/1068/791 
f 494/1070/792 495/1071/792 410/900/792 
f 488/1072/793 489/1073/793 410/1074/793 
f 493/1075/794 410/1074/794 489/1073/794 
f 493/1075/795 478/1032/795 410/1074/795 
f 475/1030/796 477/1029/796 478/1076/796 
f 475/1030/797 478/1076/797 476/1069/797 
f 478/1076/798 493/1068/798 476/1069/798 
f 410/1074/799 32/43/799 36/49/799 
f 36/49/800 494/1077/800 410/1074/800 
f 410/1074/801 478/1032/801 32/43/801 
f 470/1012/738 447/1011/738 472/1017/738 
f 496/1078/802 490/1079/802 485/1080/802 
f 491/1064/787 472/1017/787 485/1081/787 
f 56/1082/803 454/979/803 59/1049/803 
f 56/1082/804 497/1083/804 454/979/804 
f 446/1084/805 447/1057/805 454/979/805 
f 497/1085/806 56/1086/806 64/1087/806 
f 446/1088/807 498/1089/807 497/1085/807 
f 498/1090/808 454/979/808 497/1083/808 
f 446/1084/809 454/979/809 498/1090/809 
f 427/930/810 446/965/810 412/1066/810 
f 358/710/499 361/720/499 412/902/499 
f 499/1091/811 108/159/811 412/1092/811 
f 420/1093/812 500/1094/812 501/1095/812 
f 444/963/813 448/968/813 403/961/813 
f 404/1096/814 448/968/814 401/967/814 
f 414/1097/815 413/946/815 438/945/815 
f 426/944/816 430/1098/816 438/945/816 
f 449/1099/817 438/945/817 430/1098/817 
f 102/948/818 432/947/818 438/945/818 
f 414/1097/818 438/945/818 432/947/818 
f 101/951/819 437/949/819 102/948/819 
f 437/949/820 101/951/820 6/950/820 
f 438/1100/821 86/129/821 102/150/821 
f 449/1101/822 448/1102/822 86/129/822 
f 404/1096/823 403/961/823 448/968/823 
f 86/129/824 448/1102/824 444/1103/824 
f 86/129/825 438/1100/825 449/1101/825 
f 419/912/826 420/1093/826 501/1095/826 
f 417/910/827 419/912/827 501/1095/827 
f 422/925/828 417/1104/828 501/1105/828 
f 452/1044/770 471/1106/770 484/1045/770 
f 502/1107/829 503/1108/829 504/1109/829 
f 505/1110/830 503/1111/830 502/1112/830 
f 504/1109/831 65/1113/831 43/1114/831 
f 504/1115/832 81/125/832 65/1116/832 
f 505/1110/833 504/1115/833 503/1111/833 
f 67/112/834 69/1117/834 77/110/834 
f 501/1105/835 502/1107/835 422/925/835 
f 506/1118/836 507/1119/836 484/1120/836 
f 504/1109/837 422/925/837 502/1107/837 
f 504/1109/838 62/923/838 422/925/838 
f 62/923/839 504/1109/839 43/1114/839 
f 425/1121/840 80/1122/840 77/1123/840 
f 459/984/841 425/1121/841 508/1124/841 
f 509/1125/842 508/1124/842 425/1121/842 
f 510/1126/843 77/1123/843 511/1127/843 
f 510/1126/844 509/1125/844 425/1121/844 
f 77/1123/841 510/1126/841 425/1121/841 
f 77/1123/841 512/1128/841 511/1127/841 
f 510/1129/845 513/1130/845 509/1131/845 
f 511/1132/846 484/1120/846 510/1129/846 
f 512/1128/718 77/1123/718 514/1133/718 
f 509/1131/847 515/1134/847 508/1135/847 
f 471/1015/848 508/1135/848 515/1134/848 
f 515/1134/845 509/1131/845 513/1130/845 
f 506/1118/849 484/1120/849 511/1132/849 
f 513/1130/846 510/1129/846 484/1120/846 
f 516/1136/850 517/1137/850 518/1138/850 
f 516/1136/851 518/1138/851 494/1070/851 
f 516/1139/852 36/49/852 46/65/852 
f 36/49/853 516/1139/853 494/1077/853 
f 518/1138/854 519/1140/854 494/1070/854 
f 406/893/855 405/895/855 520/1141/855 
f 520/1142/856 521/1143/856 406/896/856 
f 520/1144/857 522/1145/857 523/1146/857 
f 520/1144/858 523/1146/858 521/1147/858 
f 397/879/859 522/1145/859 395/877/859 
f 511/1148/860 512/1149/860 506/1150/860 
f 400/884/861 406/896/861 521/1143/861 
f 66/1151/862 80/1152/862 425/926/862 
f 521/1153/863 523/1154/863 400/1155/863 
f 44/928/864 66/1151/864 425/926/864 
f 465/996/865 400/1155/865 523/1154/865 
f 505/1110/866 502/1112/866 524/1156/866 
f 525/1157/867 505/1110/867 524/1156/867 
f 526/1158/868 527/1159/868 465/1160/868 
f 466/1002/869 465/1160/869 527/1159/869 
f 528/1161/718 529/1162/718 77/1123/718 
f 530/1163/870 524/1164/870 501/1095/870 
f 465/1160/871 523/1165/871 526/1158/871 
f 501/1095/872 500/1094/872 530/1163/872 
f 502/1112/873 501/1166/873 524/1156/873 
f 508/1124/874 461/987/874 459/984/874 
f 514/1133/718 77/1123/718 531/1167/718 
f 529/1162/875 531/1167/875 77/1123/875 
f 532/1168/876 514/1169/876 533/1170/876 
f 483/1171/877 534/1172/877 528/1173/877 
f 506/1150/860 512/1149/860 507/1174/860 
f 514/1175/860 507/1174/860 512/1149/860 
f 461/1014/878 508/1135/878 471/1015/878 
f 532/1168/836 484/1120/836 507/1119/836 
f 507/1119/879 514/1169/879 532/1168/879 
f 531/1176/880 533/1170/880 514/1169/880 
f 531/1177/881 529/1178/881 533/1179/881 
f 529/1178/881 534/1172/881 533/1179/881 
f 529/1178/877 528/1173/877 534/1172/877 
f 533/1180/770 450/1041/770 532/1181/770 
f 534/1182/770 450/1041/770 533/1180/770 
f 483/1042/770 450/1041/770 534/1182/770 
f 486/1048/770 472/1046/770 483/1042/770 
f 532/1181/770 450/1041/770 484/1045/770 
f 515/1183/770 484/1045/770 471/1106/770 
f 513/1184/770 484/1045/770 515/1183/770 
f 535/1185/882 236/407/882 235/406/882 
f 535/1186/883 235/1187/883 536/1188/883 
f 537/1189/884 536/1188/884 235/1187/884 
f 499/1091/885 415/908/885 108/159/885 
f 114/166/886 90/134/886 415/908/886 
f 537/1190/887 321/625/887 538/1191/887 
f 539/1192/888 538/1191/888 321/625/888 
f 92/136/889 108/159/889 415/908/889 
f 540/1193/770 541/1194/770 486/1048/770 
f 541/1194/770 542/1195/770 486/1048/770 
f 542/1195/770 543/1196/770 486/1048/770 
f 486/1048/770 543/1196/770 544/1197/770 
f 486/1048/770 544/1197/770 496/1198/770 
f 496/1198/770 485/1047/770 486/1048/770 
f 71/106/890 463/1063/890 76/107/890 
f 76/1199/891 463/993/891 545/1200/891 
f 546/1201/892 76/1199/892 545/1200/892 
f 547/1202/893 545/1200/893 463/993/893 
f 490/1058/781 547/1202/781 463/993/781 
f 548/1203/894 1/1204/894 549/1205/894 
f 548/1203/895 492/1206/895 1/1204/895 
f 446/1088/896 1/1204/896 492/1206/896 
f 321/625/897 453/978/897 539/1192/897 
f 467/1004/898 539/1192/898 453/978/898 
f 465/1207/899 462/992/899 400/991/899 
f 466/1002/900 527/1159/900 550/1208/900 
f 551/1209/901 550/1208/901 527/1159/901 
f 527/1210/902 147/234/902 552/1211/902 
f 553/1212/903 554/1213/903 147/234/903 
f 555/1214/904 556/1215/904 527/1210/904 
f 551/1216/905 527/1210/905 556/1215/905 
f 554/1213/902 552/1211/902 147/234/902 
f 557/1217/905 553/1212/905 147/234/905 
f 552/1211/906 536/1218/906 527/1210/906 
f 536/1218/907 555/1214/907 527/1210/907 
f 557/1217/167 147/234/167 146/233/167 
f 538/1219/908 539/1220/908 555/1221/908 
f 539/1220/909 467/1222/909 555/1221/909 
f 556/1223/910 555/1221/910 467/1222/910 
f 556/1223/911 468/1224/911 466/1002/911 
f 556/1223/912 466/1002/912 550/1208/912 
f 556/1223/913 550/1208/913 551/1209/913 
f 538/1219/914 555/1221/914 537/1189/914 
f 536/1188/914 537/1189/914 555/1221/914 
f 558/1225/915 495/1071/915 535/1226/915 
f 468/1224/916 556/1223/916 467/1222/916 
f 468/1224/725 440/1001/725 466/1002/725 
f 473/1023/917 410/900/917 559/1227/917 
f 473/1228/918 559/1229/918 560/1230/918 
f 239/1231/919 195/335/919 198/334/919 
f 198/411/920 223/377/920 239/415/920 
f 561/1232/921 546/1233/921 549/1234/921 
f 548/1235/922 549/1234/922 545/1236/922 
f 544/1237/923 492/1238/923 547/1239/923 
f 545/1236/924 547/1239/924 548/1235/924 
f 562/1240/925 563/1241/925 564/1242/925 
f 564/1242/926 560/1230/926 559/1229/926 
f 557/1243/927 146/290/927 178/299/927 
f 553/1244/928 557/1243/928 178/299/928 
f 553/1244/929 565/1245/929 554/1246/929 
f 566/1247/930 554/1246/930 565/1245/930 
f 552/1248/931 554/1246/931 566/1247/931 
f 535/1186/932 563/1241/932 558/1249/932 
f 536/1188/933 563/1241/933 535/1186/933 
f 558/1249/934 563/1241/934 562/1240/934 
f 496/1078/935 544/1237/935 490/1079/935 
f 547/1239/935 490/1079/935 544/1237/935 
f 491/1250/802 485/1080/802 490/1079/802 
f 546/1233/936 545/1236/936 549/1234/936 
f 548/1235/924 547/1239/924 492/1238/924 
f 561/1232/937 567/1251/937 542/1252/937 
f 568/1253/938 412/1066/938 492/1065/938 
f 155/245/939 153/240/939 569/1254/939 
f 150/1255/940 147/1256/940 569/1257/940 
f 569/1257/941 153/1258/941 150/1255/941 
f 526/1259/942 523/1260/942 570/1261/942 
f 571/1262/943 569/1254/943 570/1263/943 
f 314/613/944 164/266/944 318/1264/944 
f 319/622/945 572/1265/945 570/1261/945 
f 573/1266/946 567/1267/946 499/1268/946 
f 573/1266/947 499/1268/947 568/1253/947 
f 568/1253/948 499/1268/948 412/1066/948 
f 542/1252/921 567/1251/921 543/1269/921 
f 546/1233/949 561/1232/949 542/1252/949 
f 573/1270/949 543/1269/949 567/1251/949 
f 543/1269/950 492/1238/950 544/1237/950 
f 573/1270/951 568/1271/951 543/1269/951 
f 568/1271/952 492/1238/952 543/1269/952 
f 2/2/953 505/1110/953 525/1157/953 
f 77/110/834 69/1117/834 75/1272/834 
f 574/1273/954 575/1274/954 76/1199/954 
f 576/1275/955 75/1276/955 575/1274/955 
f 577/1277/956 574/1273/956 76/1199/956 
f 575/1274/954 75/1276/954 76/1199/954 
f 77/1123/957 75/1276/957 528/1161/957 
f 578/1278/958 528/1161/958 75/1276/958 
f 576/1275/957 578/1278/957 75/1276/957 
f 528/1173/959 578/1279/959 483/1171/959 
f 572/1265/960 571/1280/960 570/1261/960 
f 570/1261/961 147/1256/961 579/1281/961 
f 577/1277/891 76/1199/891 546/1201/891 
f 486/1282/959 483/1171/959 578/1279/959 
f 579/1281/962 526/1259/962 570/1261/962 
f 578/1279/963 576/1283/963 486/1282/963 
f 527/1210/964 526/1284/964 579/1285/964 
f 541/1286/965 540/1287/965 574/1288/965 
f 541/1286/966 574/1288/966 577/1289/966 
f 155/245/967 569/1254/967 571/1262/967 
f 525/1290/968 524/1164/968 580/1291/968 
f 147/234/969 527/1210/969 579/1285/969 
f 577/1289/970 546/1233/970 541/1286/970 
f 530/1163/971 580/1291/971 524/1164/971 
f 580/1292/972 530/1293/972 113/165/972 
f 575/1294/973 540/1295/973 576/1283/973 
f 580/1291/974 114/1296/974 525/1290/974 
f 112/164/975 114/1297/975 580/1292/975 
f 580/1292/976 113/165/976 112/164/976 
f 549/1205/977 1/1204/977 561/1298/977 
f 486/1282/978 576/1283/978 540/1295/978 
f 575/1299/965 574/1288/965 540/1287/965 
f 546/1233/970 542/1252/970 541/1286/970 
f 561/1300/979 525/1290/979 499/1268/979 
f 567/1267/980 561/1300/980 499/1268/980 
f 2/2/981 525/1157/981 3/3/981 
f 497/1085/982 64/1087/982 1/1204/982 
f 1/1204/983 446/1088/983 497/1085/983 
f 525/1301/984 561/1298/984 1/1204/984 
f 3/1302/985 525/1301/985 1/1204/985 
f 114/166/986 415/908/986 499/1091/986 
f 90/134/987 114/166/987 105/169/987 
f 499/1268/988 525/1290/988 114/1296/988 
f 420/915/989 94/914/989 115/1303/989 
f 115/1303/990 94/914/990 95/1304/990 
f 505/1110/991 2/2/991 81/125/991 
f 505/1110/992 81/125/992 504/1115/992 
f 115/1305/993 581/1306/993 500/1094/993 
f 500/1094/994 420/1093/994 115/1305/994 
f 581/1307/995 113/165/995 500/1308/995 
f 500/1308/996 113/165/996 530/1293/996 
f 103/152/997 113/165/997 581/1307/997 
f 103/152/998 581/1307/998 115/170/998 
f 115/170/999 95/1309/999 98/147/999 
f 318/1310/1000 164/262/1000 163/261/1000 
f 571/1311/1001 572/1312/1001 155/258/1001 
f 161/259/1002 155/258/1002 572/1312/1002 
f 318/1310/1003 163/261/1003 319/1313/1003 
f 572/1265/1004 319/622/1004 161/255/1004 
f 161/255/1005 319/622/1005 163/257/1005 
f 570/1261/1006 569/1257/1006 147/1256/1006 
f 522/1314/1007 520/1141/1007 405/895/1007 
f 523/1260/1008 487/1315/1008 582/1316/1008 
f 523/1260/1009 522/1317/1009 487/1315/1009 
f 522/1318/1010 394/890/1010 395/1319/1010 
f 522/1318/1011 405/891/1011 394/890/1011 
f 397/1320/1012 482/1321/1012 522/1317/1012 
f 522/1317/1013 482/1321/1013 487/1315/1013 
f 487/1051/1014 411/1054/1014 582/1322/1014 
f 582/1322/1015 411/1054/1015 409/1323/1015 
f 582/1322/1016 409/1323/1016 583/1324/1016 
f 409/1323/1017 409/1323/1017 582/1322/1017 
f 583/1324/1018 409/1323/1018 443/977/1018 
f 558/1225/1019 562/1325/1019 495/1071/1019 
f 564/1326/1020 559/1227/1020 495/1071/1020 
f 519/1140/1021 584/1327/1021 495/1071/1021 
f 494/1070/1022 519/1140/1022 495/1071/1022 
f 236/1226/1023 535/1226/1023 495/1071/1023 
f 564/1326/1020 495/1071/1020 562/1325/1020 
f 410/900/1024 495/1071/1024 559/1227/1024 
f 211/350/1025 195/330/1025 584/1328/1025 
f 158/248/244 195/330/244 211/350/244 
f 195/335/1026 236/1226/1026 495/1071/1026 
f 495/1071/1027 584/1327/1027 195/335/1027 
f 195/335/1028 239/1231/1028 236/1226/1028 
f 560/1230/925 564/1242/925 563/1241/925 
f 442/1329/1029 473/1228/1029 560/1230/1029 
f 442/1024/1030 560/1330/1030 444/963/1030 
f 565/1245/1031 553/1244/1031 178/299/1031 
f 536/1188/1032 566/1247/1032 563/1241/1032 
f 552/1248/1033 566/1247/1033 536/1188/1033 
f 444/1103/824 560/1331/824 86/129/824 
f 563/1332/1034 86/129/1034 560/1331/1034 
f 563/1332/1035 566/1333/1035 86/129/1035 
f 86/129/1035 565/1334/1035 178/295/1035 
f 86/129/1036 566/1333/1036 565/1334/1036 
f 519/1140/1037 585/1335/1037 584/1327/1037 
f 518/1138/1038 586/1336/1038 585/1335/1038 
f 519/1140/1039 518/1138/1039 585/1335/1039 
f 517/1137/1040 586/1336/1040 518/1138/1040 
f 222/1337/1041 245/1338/1041 202/368/1041 
f 222/1337/1042 202/368/1042 587/1339/1042 
f 202/368/1043 211/350/1043 587/1339/1043 
f 585/1340/1044 587/1339/1044 584/1328/1044 
f 586/1341/1045 222/1337/1045 587/1339/1045 
f 585/1340/1046 586/1341/1046 587/1339/1046 
f 584/1328/1047 587/1339/1047 211/350/1047 
f 222/1337/1048 307/601/1048 134/212/1048 
f 588/1342/1049 247/1343/1049 248/433/1049 
f 248/433/1050 228/430/1050 588/1342/1050 
f 228/386/1051 199/388/1051 588/1344/1051 
f 247/434/1052 588/1345/1052 199/336/1052 
f 244/421/1053 199/1346/1053 225/422/1053 
f 376/1347/1054 200/337/1054 199/336/1054 
f 376/1347/1055 199/336/1055 244/1348/1055 
f 223/377/1056 321/625/1056 235/406/1056 
f 537/1190/1057 235/406/1057 321/625/1057 
f 443/977/1058 453/978/1058 583/1324/1058 
f 319/622/1059 570/1261/1059 583/1349/1059 
f 583/1349/1060 453/1350/1060 319/622/1060 
f 323/627/1061 453/1350/1061 321/694/1061 
f 323/627/1062 319/622/1062 453/1350/1062 
f 523/1260/1063 583/1349/1063 570/1261/1063 
f 523/1260/1064 582/1316/1064 583/1349/1064 
f 307/1351/1065 586/1336/1065 517/1137/1065 
f 307/601/1066 222/1337/1066 586/1341/1066 
f 589/1352/1067 38/1353/1067 22/29/1067 
f 589/1354/1068 45/1355/1068 38/1356/1068 
f 22/29/1069 25/51/1069 589/1352/1069 
f 590/1357/1070 15/1358/1070 22/1359/1070 
f 590/1357/1071 22/1359/1071 10/1360/1071 
f 38/55/1072 5/11/1072 10/10/1072 
f 402/886/1073 5/5/1073 45/1355/1073 
f 45/1355/1074 5/5/1074 38/1356/1074 
f 45/64/1075 399/894/1075 402/905/1075 
f 25/51/1076 45/64/1076 589/1352/1076 
f 388/866/1077 26/1361/1077 389/867/1077 
f 37/1362/1078 389/867/1078 26/1361/1078 
f 24/63/1079 399/894/1079 45/64/1079 
f 24/34/1080 388/882/1080 399/881/1080 
f 26/36/1081 388/882/1081 24/34/1081 
f 131/209/1082 133/208/1082 591/1363/1082 
f 122/1364/1083 591/1363/1083 592/1365/1083 
f 122/1364/1084 131/209/1084 591/1363/1084 
f 131/345/1085 122/1366/1085 210/349/1085 
f 593/1367/1086 210/349/1086 122/1366/1086 
f 593/1368/1087 122/185/1087 121/184/1087 
f 592/1369/1088 89/186/1088 122/185/1088 
f 180/297/1089 594/1370/1089 85/1371/1089 
f 594/1370/1090 595/1372/1090 85/1371/1090 
f 121/184/1091 85/1371/1091 595/1372/1091 
f 133/211/1092 130/206/1092 591/1373/1092 
f 13/16/1093 7/15/1093 4/155/1093 
f 6/950/1094 99/156/1094 4/155/1094 
f 592/1374/1095 591/1373/1095 593/1375/1095 
f 210/481/1096 593/1375/1096 591/1373/1096 
f 591/1373/1097 130/206/1097 266/511/1097 
f 591/1373/1098 266/511/1098 210/481/1098 
f 595/1376/1099 21/33/1099 596/1377/1099 
f 596/1377/1100 21/33/1100 597/1378/1100 
f 597/1378/1101 21/33/1101 590/1379/1101 
f 594/1380/1102 180/1381/1102 21/33/1102 
f 595/1376/1103 594/1380/1103 21/33/1103 
f 180/1381/1104 179/1382/1104 21/33/1104 
f 150/237/1105 21/33/1105 598/1383/1105 
f 179/1382/1101 598/1383/1101 21/33/1101 
f 598/1383/1106 599/1384/1106 150/237/1106 
f 599/1384/1107 600/1385/1107 150/237/1107 
f 21/33/1108 15/32/1108 590/1379/1108 
f 601/1386/1109 97/1387/1109 590/1379/1109 
f 602/1388/1110 601/1386/1110 590/1379/1110 
f 597/1378/1111 590/1379/1111 603/1389/1111 
f 97/1387/1110 603/1389/1110 590/1379/1110 
f 600/1385/1112 151/238/1112 150/237/1112 
f 590/1357/1113 604/1390/1113 602/1391/1113 
f 10/1360/1114 11/1392/1114 590/1357/1114 
f 604/1390/1115 590/1357/1115 11/1392/1115 
f 11/12/1116 14/18/1116 601/1393/1116 
f 602/1394/1117 604/1395/1117 601/1393/1117 
f 11/12/1118 601/1393/1118 604/1395/1118 
f 97/141/1119 89/142/1119 603/1396/1119 
f 601/1393/1120 14/18/1120 97/141/1120 
f 597/1397/1121 603/1398/1121 592/1369/1121 
f 89/186/1122 592/1369/1122 603/1398/1122 
f 596/1399/1123 597/1397/1123 592/1369/1123 
f 592/1369/1124 593/1368/1124 596/1399/1124 
f 121/184/1125 596/1399/1125 593/1368/1125 
f 596/1399/1126 121/184/1126 595/1372/1126 
f 85/1371/1127 87/298/1127 180/297/1127 
f 179/296/1128 87/298/1128 598/1400/1128 
f 151/288/1129 600/1401/1129 88/287/1129 
f 599/1402/1130 88/287/1130 600/1401/1130 
f 87/1403/1131 88/287/1131 598/1404/1131 
f 599/1402/1132 598/1404/1132 88/287/1132 
f 516/1405/1133 46/1406/1133 68/1407/1133 
f 68/1407/1134 517/1408/1134 516/1405/1134 
f 517/1408/1135 68/1407/1135 145/1409/1135 
f 145/1409/1136 307/1410/1136 517/1408/1136 
# 1221 faces

