# 3ds Max Wavefront OBJ Exporter v0.99 - (c)2007 guruware
# File Created: 07.01.2025 13:00:31

#
# object BrazoDerechoBoss
#

v  0.0870 -0.5798 0.9478
v  0.0989 -0.5605 0.9335
v  0.1176 -0.5482 0.9513
v  -0.2740 -0.0198 -0.0853
v  -0.2738 -0.0168 -0.0866
v  -0.2700 -0.0646 -0.0939
v  -0.2751 -0.0393 -0.0775
v  -0.2755 -0.0418 -0.0753
v  -0.2756 -0.0425 -0.0748
v  -0.2497 -0.0768 -0.0900
v  -0.2569 -0.0503 -0.0672
v  -0.2708 -0.0446 -0.0727
v  -0.1320 -0.0470 -0.0635
v  -0.1345 -0.0656 -0.0480
v  -0.2340 -0.1566 -0.1582
v  -0.2248 -0.2329 -0.0867
v  -0.2481 -0.2225 -0.0876
v  -0.2867 -0.1591 0.0104
v  -0.2625 -0.1548 -0.0031
v  -0.2531 -0.2334 -0.0677
v  -0.2826 -0.1421 -0.0122
v  -0.2102 -0.1606 -0.1647
v  -0.1835 -0.2332 -0.0848
v  -0.2333 -0.0059 -0.1687
v  -0.2172 -0.0678 -0.2418
v  -0.1936 -0.0884 -0.2423
v  -0.1385 -0.0214 -0.3132
v  -0.1872 -0.0444 -0.1791
v  -0.1884 -0.0554 -0.1702
v  -0.1890 -0.0613 -0.1654
v  -0.1733 -0.0670 -0.1629
v  -0.1523 -0.0436 -0.1840
v  -0.1292 -0.0661 -0.1691
v  -0.1548 -0.0933 -0.2353
v  -0.0986 -0.0321 -0.2018
v  -0.0947 -0.0588 -0.1805
v  -0.2038 -0.0092 -0.3044
v  -0.2356 -0.1429 -0.1636
v  -0.1772 -0.0165 -0.3202
v  -0.2010 -0.1193 -0.1034
v  -0.1771 -0.0947 -0.1336
v  -0.1012 -0.4020 1.0017
v  -0.0783 -0.3777 1.0030
v  -0.1009 -0.3496 1.0034
v  -0.2556 -0.0033 -0.1615
v  0.1262 -0.0172 -0.2598
v  0.0596 -0.0493 -0.2178
v  0.0578 0.0083 -0.1677
v  0.0799 -0.1123 -0.2009
v  0.0781 -0.0547 -0.1508
v  -0.1023 -0.3788 0.5951
v  -0.1031 -0.3555 0.5958
v  -0.0801 -0.3781 0.5956
v  -0.1254 -0.3826 0.6300
v  -0.0737 -0.5552 0.9975
v  -0.0980 -0.5320 0.9980
v  -0.0950 -0.5845 0.9964
v  -0.1314 -0.3820 1.0018
v  -0.1272 -0.5537 0.9968
v  -0.1247 -0.4000 0.6296
v  -0.1226 -0.4559 0.5969
v  -0.1000 -0.3482 0.9564
v  0.0783 -0.3724 0.5966
v  0.0859 -0.5815 0.9998
v  0.0586 -0.3729 1.0056
v  0.0799 -0.3431 1.0072
v  0.0829 -0.3956 1.0056
v  0.1578 -0.1156 -0.2335
v  0.0863 -0.5290 1.0015
v  0.1167 -0.5498 1.0015
v  0.0633 -0.5531 1.0005
v  -0.0425 -0.0551 -0.1256
v  -0.0070 -0.1093 -0.0407
v  0.0508 -0.1172 -0.0523
v  0.0867 -0.5284 0.9805
v  0.0637 -0.5524 0.9793
v  0.0833 -0.3950 0.9846
v  -0.1751 -0.0096 -0.1130
v  -0.1310 -0.0087 -0.1192
v  0.0591 -0.3721 0.9849
v  0.1120 -0.3735 1.0068
v  -0.1815 -0.0590 -0.0606
v  -0.1119 -0.0660 -0.1013
v  -0.0771 -0.0575 -0.1108
v  -0.1421 -0.0825 0.0200
v  -0.1437 -0.0734 0.0425
v  -0.1363 -0.0069 0.0029
v  -0.1447 -0.0578 0.0611
v  -0.1372 -0.0784 -0.0276
v  0.0745 -0.5761 0.6058
v  0.0568 -0.5805 0.7324
v  -0.0673 -0.5787 0.6034
v  -0.1449 -0.0372 0.0740
v  0.0994 -0.3486 0.5979
v  0.1234 -0.3738 0.6319
v  0.1001 -0.3719 0.5972
v  -0.2765 -0.0599 -0.0588
v  0.1240 -0.3911 0.6315
v  -0.1299 -0.0245 -0.0725
v  0.1262 -0.4493 0.5977
v  -0.1284 -0.0003 -0.0741
v  -0.1277 0.0233 -0.0682
v  0.1281 -0.5279 0.5982
v  0.1055 -0.5524 0.5532
v  0.1047 -0.5263 0.5538
v  -0.1798 -0.1167 -0.1108
v  -0.1585 -0.1501 -0.0608
v  -0.0723 -0.5862 0.8562
v  -0.1274 -0.3859 0.7350
v  -0.2049 -0.1601 -0.0366
v  -0.1982 -0.1747 -0.0144
v  0.1207 -0.4578 0.8773
v  0.1227 -0.5364 0.8721
v  0.0981 -0.5633 0.9145
v  0.1191 -0.3802 0.8476
v  -0.2084 -0.1378 -0.0719
v  -0.1603 -0.0924 -0.0107
v  -0.0844 -0.1068 -0.0345
v  -0.0826 -0.1644 -0.0846
v  -0.0456 -0.1054 -0.0352
v  -0.1398 -0.0842 -0.0041
v  -0.2259 -0.0764 -0.0253
v  -0.0813 -0.1393 -0.0017
v  -0.0218 -0.1145 0.0164
v  -0.1006 -0.1242 0.0125
v  -0.0795 -0.1970 -0.0518
v  -0.0193 -0.1947 -0.0532
v  -0.0438 -0.1630 -0.0853
v  -0.2104 -0.3073 -0.0048
v  -0.1707 -0.3048 -0.0063
v  -0.2000 -0.1170 0.0357
v  -0.2419 -0.2967 0.0013
v  -0.2061 -0.1621 -0.0329
v  0.0577 -0.1117 0.0146
v  -0.2776 -0.2322 0.0907
v  -0.2452 -0.3090 0.0111
v  -0.2668 -0.2919 0.1578
v  -0.2483 -0.2279 0.0792
v  0.0415 -0.2006 -0.0618
v  -0.0053 -0.1669 -0.0909
v  -0.2861 -0.2245 0.2510
v  -0.2351 -0.2987 0.1587
v  -0.2674 -0.3078 0.1732
v  0.0526 -0.1746 -0.1022
v  0.1536 -0.2128 -0.0796
v  -0.2931 -0.0056 0.0654
v  -0.2974 -0.0290 0.0591
v  -0.2877 0.0247 0.1328
v  -0.3008 -0.0476 0.0470
v  -0.3031 -0.0600 0.0611
v  -0.3004 -0.0494 0.0459
v  -0.3007 -0.0481 0.0467
v  -0.2849 -0.0725 0.0761
v  -0.3068 -0.0804 0.0845
v  -0.2917 0.0043 0.1524
v  -0.2212 -0.1061 0.0551
v  -0.2007 -0.0936 0.0561
v  -0.2292 -0.0772 0.0835
v  -0.2755 -0.2212 0.0804
v  -0.2955 -0.1418 0.1556
v  -0.2707 -0.1440 0.1589
v  -0.2806 -0.0557 0.2242
v  -0.2537 -0.0529 0.2314
v  -0.2828 -0.0647 0.2363
v  -0.2968 -0.1515 0.1666
v  -0.2720 -0.1222 0.3053
v  -0.2860 -0.2102 0.2345
v  -0.2406 -0.1213 0.3129
v  -0.2578 -0.2136 0.2395
v  -0.2528 -0.3696 0.2449
v  -0.2582 -0.1974 0.3946
v  -0.2727 -0.1355 0.3229
v  -0.2712 -0.2863 0.3227
v  -0.0833 -0.2716 0.0983
v  -0.0800 -0.3202 0.1572
v  -0.0936 -0.2499 0.1053
v  -0.0897 -0.3100 0.1783
v  -0.1442 -0.0136 0.0799
v  -0.2905 -0.0736 0.0080
v  -0.2900 -0.0746 0.0056
v  -0.0146 -0.2402 0.1083
v  -0.0103 -0.3028 0.1804
v  -0.0195 -0.2637 0.1009
v  -0.0851 -0.2615 0.0857
v  -0.0178 -0.2531 0.0884
v  -0.0212 -0.1999 0.0270
v  0.0654 -0.2458 0.1160
v  0.0956 -0.2684 0.1431
v  0.0881 -0.2912 0.1350
v  0.0968 -0.2425 0.2854
v  0.0996 -0.3286 0.2126
v  -0.0056 -0.2164 0.0471
v  -0.0163 -0.3140 0.1589
v  -0.0168 -0.3252 0.1742
v  -0.2029 -0.0235 0.1169
v  -0.2236 -0.0288 0.1223
v  -0.2297 -0.0610 0.0976
v  -0.2240 -0.0282 0.1216
v  -0.1028 -0.0108 0.1963
v  -0.1330 -0.0332 0.1789
v  -0.1498 -0.0219 0.1900
v  -0.0226 -0.0420 0.1678
v  -0.1019 -0.0389 0.1719
v  -0.0233 -0.0159 0.1904
v  -0.1518 -0.1016 0.1267
v  -0.1312 -0.1013 0.1147
v  -0.1535 -0.0454 0.1794
v  -0.2208 -0.1223 0.0410
v  -0.2211 -0.1217 0.0403
v  -0.2208 -0.0902 -0.0049
v  -0.1046 0.0040 0.1239
v  -0.0984 -0.1615 0.0568
v  -0.1487 -0.1519 0.1847
v  -0.1502 -0.0960 0.2354
v  -0.1514 -0.1158 0.1157
v  -0.1467 -0.2180 0.1230
v  -0.1483 -0.1642 0.1714
v  0.0602 -0.0758 0.2637
v  -0.0103 -0.0204 0.2329
v  0.0646 -0.2195 0.1388
v  -0.0194 -0.1514 0.0589
v  0.0541 0.0057 0.1167
v  -0.2012 -0.1189 0.3115
v  -0.0881 -0.1110 0.3429
v  -0.0915 -0.0580 0.2852
v  -0.0990 -0.0723 0.2639
v  -0.1291 -0.0945 0.2467
v  -0.0904 -0.0486 0.2744
v  -0.1211 -0.2914 0.1965
v  -0.1448 -0.2252 0.2421
v  -0.1431 -0.2789 0.1955
v  -0.1462 -0.2308 0.1382
v  -0.1270 -0.1623 0.1851
v  -0.1495 -0.1096 0.2477
v  -0.2359 0.0464 0.0534
v  -0.2363 0.0479 0.0520
v  -0.1467 -0.1572 0.3007
v  -0.1480 -0.1627 0.1999
v  -0.2356 0.0436 0.0557
v  -0.1826 -0.1964 0.4014
v  -0.2184 -0.2112 0.2381
v  -0.1253 -0.1557 0.3144
v  -0.0951 -0.1338 0.3315
v  -0.1196 0.0005 0.2079
v  0.0610 -0.1021 0.2409
v  -0.0274 -0.0014 0.2134
v  -0.0196 -0.0752 0.2586
v  -0.0245 -0.0507 0.2701
v  0.0567 -0.0685 0.2921
v  0.0904 -0.1002 0.2928
v  -0.0237 -0.0605 0.2805
v  -0.0203 -0.1112 0.3389
v  -0.0155 -0.1343 0.3269
v  0.0812 -0.0880 0.3154
v  0.0841 -0.1336 0.3680
v  -0.1406 -0.2970 0.3277
v  -0.1195 -0.2844 0.3258
v  -0.1172 -0.3520 0.2692
v  -0.1420 -0.2713 0.3247
v  -0.1215 -0.2170 0.3822
v  -0.1232 -0.2235 0.2556
v  -0.1449 -0.2238 0.2699
v  -0.2343 -0.3698 0.0772
v  -0.1972 -0.3790 0.0735
v  -0.0198 -0.1193 0.3482
v  -0.1578 -0.3768 0.0723
v  -0.1497 -0.1704 0.0657
v  -0.1957 -0.2963 0.1573
v  -0.1291 -0.1701 0.0509
v  -0.0975 -0.1896 0.0324
v  -0.1407 -0.2014 0.0250
v  -0.1413 -0.1803 0.0433
v  -0.1097 -0.2000 0.0245
v  -0.0186 -0.1776 0.0361
v  -0.0882 -0.2102 0.0238
v  -0.1251 -0.2307 0.1236
v  -0.0798 -0.3315 0.1726
v  -0.0858 -0.3704 0.2512
v  -0.0766 -0.3791 0.2307
v  0.0913 -0.3404 0.1917
v  -0.1478 -0.1768 0.1864
v  -0.1429 -0.2916 0.2093
v  -0.1395 -0.3407 0.2682
v  -0.1256 -0.4228 0.3342
v  -0.1133 -0.4125 0.3418
v  -0.1389 -0.3522 0.2810
v  -0.1412 -0.2861 0.3142
v  0.0076 -0.4217 0.2838
v  -0.1446 -0.2366 0.2571
v  -0.1466 -0.1708 0.3159
v  -0.1450 -0.2102 0.2547
v  0.0678 -0.2101 0.3654
v  0.0714 -0.3275 0.2633
v  0.0722 -0.3538 0.2406
v  -0.1772 -0.3738 0.2472
v  -0.2393 -0.2910 0.3291
v  -0.2223 -0.1989 0.4028
v  -0.1998 -0.2888 0.3280
v  -0.1434 -0.2186 0.3686
v  -0.1423 -0.2333 0.3842
v  -0.1409 -0.2846 0.3414
v  -0.1039 -0.2459 0.4777
v  -0.1343 -0.2667 0.4612
v  -0.0874 -0.2570 0.4664
v  0.0941 -0.1570 0.3583
v  -0.1177 -0.2780 0.4502
v  0.1452 0.0581 0.1558
v  -0.1348 -0.2472 0.4781
v  -0.1379 -0.3311 0.3950
v  -0.1395 -0.2796 0.4357
v  -0.2328 -0.1045 0.4629
v  -0.2476 -0.0429 0.3915
v  -0.0913 -0.1955 0.3989
v  -0.2448 -0.0305 0.3721
v  -0.1899 -0.1018 0.4718
v  -0.1157 -0.3455 0.3963
v  -0.0866 -0.2833 0.4436
v  -0.2556 0.0259 0.3021
v  -0.2212 0.0429 0.2995
v  -0.0081 -0.2525 0.4631
v  -0.1687 -0.0220 0.3807
v  -0.1501 -0.0995 0.4705
v  -0.2082 -0.0242 0.3818
v  -0.0857 -0.1726 0.4110
v  -0.0889 -0.1190 0.3525
v  -0.0073 -0.2785 0.4405
v  -0.2222 -0.4490 0.1635
v  -0.2168 -0.3763 0.2486
v  -0.2370 -0.3874 0.0921
v  -0.1790 -0.4566 0.1634
v  -0.1392 -0.4544 0.1622
v  -0.1250 -0.4422 0.3173
v  -0.0942 -0.4407 0.3166
v  -0.0065 -0.3652 0.2524
v  -0.0838 -0.3264 0.4919
v  -0.1073 -0.3013 0.4949
v  -0.0058 -0.2960 0.4938
v  0.0956 -0.2906 0.4926
v  0.0745 -0.3181 0.4899
v  -0.1050 -0.3751 0.4307
v  -0.1373 -0.3470 0.3854
v  -0.1009 -0.3648 0.5331
v  0.0980 -0.3658 0.4272
v  0.0781 -0.4355 0.3879
v  -0.0782 -0.3884 0.2461
v  -0.0120 -0.3840 0.2472
v  -0.0750 -0.4385 0.3072
v  -0.0819 -0.4305 0.3243
v  -0.0789 -0.3758 0.5215
v  0.0798 -0.3702 0.5245
v  -0.0984 -0.4624 0.5300
v  -0.0774 -0.4530 0.5516
v  -0.0995 -0.4536 0.5511
v  -0.0025 -0.4278 0.3245
v  -0.1358 -0.4020 0.3407
v  -0.0827 -0.4042 0.3471
v  -0.0970 -0.5562 0.5494
v  -0.1206 -0.5325 0.5956
v  -0.0748 -0.5284 0.5167
v  -0.0754 -0.5295 0.5507
v  -0.1235 -0.5364 0.7303
v  0.0044 -0.5543 0.5526
v  -0.0959 -0.5601 0.5269
v  0.1028 -0.4484 0.5527
v  0.0813 -0.4489 0.5520
v  0.0837 -0.5258 0.5199
v  0.0833 -0.5267 0.5536
v  0.1073 -0.5570 0.5311
v  0.0623 -0.1551 0.3920
v  -0.0136 -0.3750 0.2317
v  0.1050 -0.4573 0.5341
v  0.1023 -0.3578 0.5371
v  0.0689 -0.3612 0.2149
v  -0.0033 -0.4016 0.3474
v  -0.0087 -0.4361 0.3074
v  -0.1505 -0.0009 0.2083
v  -0.0803 -0.4416 0.3917
v  0.0670 -0.1839 0.3882
v  -0.0119 -0.1933 0.3949
v  -0.0166 -0.1708 0.4077
v  -0.1027 -0.4489 0.3665
v  0.1003 -0.4410 0.3618
v  -0.0165 -0.1784 0.4163
v  -0.0861 -0.1803 0.4199
v  0.0018 -0.2104 0.4520
v  -0.0134 -0.2302 0.4761
v  -0.0827 -0.2343 0.4789
v  -0.2495 0.0087 -0.1737
v  -0.2551 0.1431 -0.1708
v  -0.2361 0.0663 -0.2371
v  -0.2408 0.2198 -0.1037
v  -0.2216 0.2309 -0.1029
v  -0.2397 0.1478 -0.1757
v  -0.2543 0.1645 -0.0382
v  -0.2267 0.2437 0.0289
v  -0.2132 0.2980 -0.0374
v  -0.1875 0.3155 -0.0315
v  -0.2685 0.0866 -0.1063
v  -0.2561 0.0781 -0.0961
v  -0.2749 0.0950 0.0448
v  -0.2760 0.0754 -0.0937
v  -0.2772 0.0766 -0.0285
v  -0.2774 0.0782 -0.0042
v  -0.2774 0.0780 -0.0073
v  -0.2385 0.1624 -0.0224
v  -0.2604 0.1542 -0.0247
v  -0.2797 0.0700 0.0230
v  -0.2792 0.0723 0.0194
v  -0.2313 0.0817 0.0082
v  -0.1576 0.1278 -0.0351
v  -0.2299 0.0924 -0.0055
v  -0.1043 -0.5671 0.9102
v  -0.2813 0.0535 -0.0686
v  -0.2808 0.0521 -0.0702
v  0.0697 -0.5838 0.8593
v  -0.1260 -0.5403 0.8649
v  -0.0858 -0.3866 0.8761
v  -0.1086 -0.3640 0.8763
v  -0.1079 -0.3873 0.8756
v  0.0936 -0.3574 0.8825
v  -0.1293 -0.3891 0.8395
v  -0.0866 -0.3879 0.9192
v  -0.1305 -0.3805 0.9537
v  -0.1114 -0.3668 0.9390
v  -0.0779 -0.3771 0.9820
v  -0.2789 0.0661 -0.0531
v  -0.1068 -0.4648 0.9151
v  -0.0859 -0.4641 0.9154
v  -0.0859 -0.4640 0.9154
v  -0.2786 0.0676 -0.0512
v  -0.0859 -0.4641 0.8279
v  -0.2768 0.0313 -0.0827
v  -0.1279 -0.4640 0.8685
v  -0.0855 -0.4618 0.9142
v  -0.0849 -0.4580 0.9124
v  -0.1287 -0.4062 0.8388
v  -0.2744 0.0076 -0.0883
v  -0.1279 0.0439 -0.0552
v  -0.2789 0.0731 0.0163
v  -0.2332 0.0698 0.0239
v  -0.2333 0.0700 0.0232
v  -0.2309 0.0697 0.0241
v  -0.2331 0.0712 0.0217
v  -0.1328 0.0704 0.0099
v  -0.0850 -0.4584 0.9157
v  -0.0826 -0.5404 0.9115
v  -0.0846 -0.4722 0.9150
v  -0.1289 0.0595 -0.0367
v  -0.1306 0.0686 -0.0142
v  -0.0821 -0.4401 0.8279
v  -0.0821 -0.4401 0.9799
v  -0.0710 -0.4184 0.8279
v  -0.1815 0.0453 0.2981
v  -0.1262 -0.5521 0.9452
v  -0.0859 -0.4641 0.9162
v  -0.0856 -0.4657 0.9160
v  -0.0722 -0.4208 0.9807
v  -0.1008 -0.4014 0.9807
v  -0.0746 -0.4255 0.9805
v  -0.0710 -0.4184 0.9808
v  -0.0538 -0.4012 0.9817
v  -0.2674 0.0663 0.0291
v  -0.0733 -0.5546 0.9765
v  -0.0975 -0.5315 0.9770
v  -0.2612 0.0643 0.0324
v  -0.2549 0.0938 0.0583
v  -0.2341 0.0603 0.0390
v  -0.2339 0.0623 0.0359
v  -0.0859 -0.4641 0.9791
v  -0.0821 -0.4882 0.9784
v  -0.0538 -0.4012 0.8279
v  -0.0821 -0.4882 0.8279
v  -0.2275 0.0670 0.0285
v  -0.2165 0.0649 -0.2472
v  -0.2010 0.1429 -0.1687
v  -0.1779 0.0602 -0.2404
v  -0.2233 0.0126 -0.1242
v  -0.2241 0.0384 -0.1018
v  -0.0964 -0.0012 -0.1304
v  -0.0622 0.0025 -0.1452
v  -0.1830 0.2261 -0.0962
v  -0.1487 0.3106 -0.0245
v  0.0696 -0.4641 0.8279
v  0.0159 -0.3902 0.8279
v  -0.0710 -0.5098 0.8279
v  0.0658 -0.4882 0.8279
v  -0.1652 0.2432 0.0572
v  -0.2265 0.1162 -0.0342
v  -0.2257 0.0902 -0.0568
v  -0.0538 -0.5270 0.9778
v  -0.0710 -0.5098 0.9780
v  -0.0241 -0.5393 0.9117
v  -0.2248 0.0644 -0.0792
v  -0.1041 0.1457 -0.0473
v  -0.1301 0.1139 0.0585
v  -0.0538 -0.5270 0.8279
v  -0.0940 -0.5827 0.9437
v  -0.1059 -0.5638 0.9291
v  -0.0027 -0.5652 0.9112
v  0.0728 -0.3812 0.8812
v  0.0945 -0.3804 0.8815
v  0.0721 -0.3825 0.9234
v  0.0809 -0.3419 0.9608
v  0.0941 -0.3594 0.9445
v  0.1130 -0.3721 0.9607
v  0.0159 -0.3902 0.9834
v  0.0376 -0.4012 0.9834
v  -0.0508 -0.3997 0.9818
v  -0.0322 -0.3902 0.9825
v  -0.0081 -0.3864 0.9831
v  0.0150 -0.3901 0.9834
v  0.0263 -0.3970 0.9834
v  -0.0081 -0.3864 0.8279
v  0.0462 -0.4098 0.9834
v  -0.0322 -0.3902 0.8279
v  0.1193 0.2057 -0.0661
v  -0.0222 0.1530 0.0396
v  0.1483 0.1945 0.0360
v  -0.0761 0.1285 0.0450
v  -0.2311 0.2345 0.0431
v  -0.2454 0.1763 0.1138
v  -0.2207 0.1804 0.1317
v  -0.2040 0.2481 0.0502
v  0.0740 -0.4603 0.9211
v  0.0760 -0.5378 0.9151
v  -0.2442 0.1729 0.1282
v  -0.2745 0.0888 0.0571
v  0.0696 -0.4641 0.9822
v  0.0658 -0.4401 0.9829
v  0.0955 -0.4596 0.9215
v  0.0548 -0.4184 0.9833
v  0.0376 -0.4012 0.8279
v  0.0548 -0.4184 0.8279
v  0.0658 -0.4401 0.8279
v  -0.2359 0.0466 0.0531
v  -0.2836 0.0434 0.0533
v  -0.2363 0.0496 0.0505
v  -0.2340 0.0569 0.0445
v  -0.2338 0.0592 0.0408
v  0.0548 -0.5098 0.8279
v  0.0376 -0.5270 0.8279
v  0.0159 -0.5381 0.8279
v  -0.0081 -0.5419 0.8279
v  -0.0322 -0.5381 0.8279
v  -0.0081 -0.5419 0.9782
v  0.0159 -0.5381 0.9788
v  -0.0322 -0.5381 0.9778
v  -0.0081 -0.5419 0.9141
v  0.0002 -0.5405 0.9131
v  -0.2740 0.0633 0.0338
v  -0.2796 0.0629 0.0344
v  -0.2841 0.0409 0.0554
v  -0.2886 0.0185 0.0641
v  -0.2881 0.0212 0.0630
v  -0.2803 0.0594 0.0400
v  -0.2799 0.0612 0.0371
v  -0.2891 0.0163 0.0642
v  -0.2340 0.0516 0.0489
v  -0.2231 0.0634 0.0343
v  -0.1354 0.0645 0.0334
v  0.0117 -0.5387 0.9124
v  -0.2282 0.0566 0.0451
v  -0.2238 0.0625 0.0357
v  -0.1381 0.0517 0.0539
v  -0.1427 0.0106 0.0783
v  -0.1406 0.0331 0.0694
v  -0.0033 -0.5411 0.9117
v  -0.0117 -0.5413 0.9116
v  -0.2678 0.0179 0.1470
v  -0.2354 0.1128 0.2137
v  -0.2632 0.0931 0.2161
v  -0.2521 0.0342 0.2889
v  -0.0081 -0.5419 0.9116
v  0.0376 -0.5270 0.9795
v  0.0548 -0.5098 0.9805
v  0.0559 -0.5076 0.9806
v  0.0366 -0.5275 0.9795
v  0.0658 -0.4882 0.9814
v  -0.2585 0.1115 0.2026
v  0.0977 -0.5371 0.9155
v  0.1198 -0.3978 0.8470
v  -0.1818 0.1758 0.1384
v  -0.1942 0.1125 0.2156
v  -0.0862 0.0208 0.1374
v  -0.0261 0.0242 0.1370
v  0.0342 0.0357 0.1435
v  -0.0254 0.0017 0.1174
v  -0.0935 0.0026 0.2186
v  -0.2213 -0.0805 -0.2307
v  -0.2694 -0.0759 -0.0860
v  -0.2284 -0.0812 -0.0396
v  -0.2286 -0.0742 -0.0336
v  -0.2268 -0.0763 -0.0255
v  -0.2852 -0.0762 -0.0152
v  -0.2845 -0.0765 -0.0182
v  -0.2803 -0.0715 -0.0382
v  -0.2798 -0.0710 -0.0404
v  -0.2954 -0.0652 0.0277
v  -0.2958 -0.0639 0.0293
v  -0.2959 -0.0634 0.0298
v  -0.2759 -0.0580 -0.0618
v  -0.2753 -0.0528 -0.0661
v  -0.2796 -0.0707 -0.0415
v  -0.2704 -0.0521 -0.0664
# 604 vertices

vn 0.7043 -0.6482 -0.2896
vn -0.9700 -0.0417 -0.2395
vn -0.9699 -0.0416 -0.2401
vn -0.9700 -0.0420 -0.2396
vn -0.9702 -0.0431 -0.2383
vn -0.4957 -0.6408 0.5863
vn -0.4955 -0.6409 0.5862
vn -0.5254 -0.6286 0.5735
vn -0.0398 0.6433 0.7646
vn -0.0402 0.6421 0.7656
vn -0.0404 0.6414 0.7661
vn -0.0422 0.6397 0.7675
vn -0.2732 -0.6751 -0.6852
vn -0.4825 0.5216 -0.7037
vn -0.4818 0.5219 -0.7039
vn -0.3570 -0.7579 0.5460
vn -0.6138 -0.6639 0.4273
vn 0.0250 -0.7352 -0.6774
vn -0.9454 -0.1213 -0.3025
vn -0.5828 -0.6791 0.4462
vn 0.9110 0.1935 0.3642
vn -0.1083 -0.6244 -0.7736
vn -0.0971 -0.6153 -0.7823
vn -0.0957 -0.6161 -0.7818
vn -0.0960 -0.6171 -0.7810
vn 0.9133 0.2004 0.3546
vn -0.1209 -0.6306 -0.7666
vn -0.1203 -0.6310 -0.7664
vn 0.0299 -0.7355 -0.6769
vn 0.0293 -0.7375 -0.6747
vn -0.5125 -0.5699 -0.6424
vn -0.4659 -0.7007 0.5404
vn -0.5305 -0.5644 -0.6324
vn -0.1517 -0.7072 -0.6906
vn -0.1408 -0.7110 -0.6889
vn -0.0215 -0.0324 0.9992
vn -0.1758 0.6073 -0.7747
vn -0.1541 -0.6307 -0.7606
vn 0.2179 -0.6362 0.7401
vn -0.9406 -0.2388 0.2412
vn -0.1340 -0.6734 -0.7270
vn -0.9407 -0.2386 0.2412
vn 0.0219 0.0308 -0.9993
vn -0.8333 -0.0112 -0.5528
vn -0.0112 -0.0303 0.9995
vn -0.0190 -0.0298 0.9994
vn -0.8743 0.2200 -0.4326
vn -0.8327 -0.0206 -0.5534
vn -0.7287 0.6848 0.0066
vn -0.0184 -0.0307 0.9994
vn -0.0177 -0.0324 0.9993
vn -0.0154 -0.0290 0.9995
vn 0.0058 0.0145 -0.9999
vn -0.0185 -0.0250 0.9995
vn -0.0194 -0.0382 0.9991
vn -0.0182 -0.0298 0.9994
vn -0.0282 -0.0320 0.9991
vn -0.3737 -0.3497 -0.8591
vn -0.3740 -0.3504 -0.8587
vn -0.0205 -0.0317 0.9993
vn -0.0123 -0.0317 0.9994
vn -0.1023 -0.8573 -0.5045
vn -0.0206 -0.0383 0.9991
vn -0.2212 -0.7947 -0.5653
vn -0.7239 0.6899 0.0044
vn -0.7207 0.6931 0.0121
vn 0.7197 -0.6942 -0.0072
vn 0.7178 -0.6962 -0.0098
vn -0.6824 -0.7303 -0.0328
vn 0.9952 -0.0446 0.0869
vn 0.1188 -0.6494 0.7511
vn -0.6861 -0.7264 -0.0412
vn 0.1182 -0.6492 0.7514
vn -0.0179 -0.0310 0.9994
vn -0.0176 -0.0313 0.9994
vn -0.0812 -0.7199 -0.6893
vn -0.0198 -0.0307 0.9993
vn 0.9995 0.0258 0.0194
vn -0.4909 -0.4044 -0.7717
vn -0.1691 -0.3445 -0.9234
vn -0.9939 0.0539 -0.0958
vn -0.9939 0.0534 -0.0966
vn -0.9939 0.0531 -0.0967
vn 0.0192 -0.9993 -0.0319
vn -0.9939 0.0531 -0.0969
vn 0.0088 0.0460 -0.9989
vn 0.8308 0.0421 -0.5550
vn -0.0064 0.8472 0.5312
vn -0.0398 0.6435 0.7644
vn 0.0277 0.0292 -0.9992
vn 0.8308 0.0429 -0.5549
vn -0.9940 0.0523 -0.0965
vn 0.8538 0.2847 -0.4359
vn -0.9938 0.0539 -0.0970
vn -0.9938 0.0542 -0.0970
vn -0.9938 0.0538 -0.0974
vn 0.9958 -0.0432 0.0810
vn 0.8849 0.0399 -0.4642
vn -0.0699 0.3759 0.9240
vn 0.9407 0.2383 -0.2413
vn 0.0166 -0.9994 -0.0294
vn -0.7693 0.6388 0.0048
vn -0.0907 -0.8451 -0.5269
vn 0.9995 0.0253 0.0202
vn 0.7328 -0.6804 -0.0069
vn 0.7414 -0.6711 -0.0050
vn 0.9995 0.0242 0.0214
vn 0.9995 0.0243 0.0214
vn 0.9962 -0.0381 0.0786
vn -0.0904 -0.8459 -0.5257
vn -0.0902 -0.8456 -0.5261
vn -0.0769 -0.8514 -0.5188
vn -0.1564 -0.7025 -0.6943
vn 0.9107 0.1986 0.3623
vn 0.9409 0.2383 -0.2408
vn -0.2984 -0.8475 -0.4389
vn -0.3172 -0.8620 -0.3953
vn -0.1135 0.6499 -0.7515
vn -0.1132 0.6496 -0.7518
vn 0.0211 -0.8497 -0.5269
vn 0.0286 0.9694 0.2439
vn -0.9939 0.0533 -0.0971
vn -0.9938 0.0534 -0.0980
vn 0.0429 -0.6559 0.7536
vn -0.1568 -0.8609 -0.4840
vn -0.1471 -0.8623 -0.4845
vn 0.0537 -0.8335 -0.5500
vn -0.2966 -0.6718 -0.6787
vn 0.0277 -0.7347 -0.6778
vn -0.3329 -0.6841 -0.6490
vn -0.3336 -0.6850 -0.6477
vn 0.0101 -0.7079 -0.7062
vn -0.0372 0.6550 -0.7547
vn 0.9135 0.1960 0.3566
vn 0.9231 0.1954 0.3312
vn 0.9679 0.2440 0.0596
vn 0.0249 -0.7377 -0.6746
vn 0.1149 -0.6494 0.7517
vn 0.0211 -0.7372 -0.6754
vn 0.1150 -0.6497 0.7514
vn -0.3566 -0.7167 -0.5993
vn -0.3785 -0.7172 -0.5851
vn 0.9682 0.2421 0.0627
vn -0.1527 -0.8469 -0.5093
vn 0.8495 0.2928 0.4389
vn 0.0400 -0.6546 0.7549
vn 0.0419 -0.6545 0.7549
vn -0.9505 -0.2922 -0.1058
vn 0.0420 -0.6545 0.7549
vn -0.3573 0.5954 -0.7196
vn -0.3693 0.5864 -0.7209
vn 0.0435 -0.6564 0.7531
vn -0.1623 -0.7641 -0.6244
vn -0.1669 -0.7626 -0.6250
vn 0.0129 -0.7094 -0.7047
vn -0.1239 -0.7486 0.6514
vn -0.4652 0.5464 -0.6964
vn -0.2167 -0.7926 -0.5699
vn -0.0618 0.6538 -0.7541
vn -0.0617 0.6538 -0.7542
vn -0.0413 0.6548 -0.7547
vn -0.9738 0.1314 -0.1859
vn -0.2699 -0.7788 -0.5662
vn 0.0477 -0.6567 0.7526
vn -0.1947 -0.8268 -0.5276
vn -0.1776 -0.8046 -0.5667
vn -0.9835 0.1811 -0.0032
vn -0.9835 0.1810 -0.0030
vn -0.9835 0.1810 -0.0031
vn -0.9744 -0.0636 -0.2155
vn -0.9739 -0.0657 -0.2172
vn -0.4646 0.5450 -0.6980
vn 0.1096 0.5329 -0.8390
vn -0.4662 0.6020 -0.6483
vn 0.3381 -0.6114 0.7154
vn -0.9757 -0.2161 -0.0355
vn -0.4804 0.5334 -0.6962
vn -0.6142 -0.6274 0.4786
vn -0.7208 -0.5534 0.4175
vn -0.1570 -0.5989 0.7852
vn -0.1453 -0.5992 0.7873
vn -0.9833 0.0313 0.1792
vn -0.9833 0.0273 0.1799
vn -0.3694 0.6196 -0.6925
vn -0.3800 0.6158 -0.6902
vn -0.9849 0.0211 0.1717
vn -0.1712 -0.6007 0.7810
vn -0.2093 -0.5841 0.7843
vn -0.1539 -0.6995 0.6979
vn -0.9758 -0.2162 -0.0316
vn -0.9474 -0.2974 -0.1183
vn -0.9457 -0.3031 -0.1176
vn -0.1549 -0.7465 0.6471
vn -0.3790 0.5844 -0.7175
vn -0.1413 -0.7012 0.6988
vn -0.3694 0.5863 -0.7210
vn -0.9779 -0.2076 -0.0262
vn -0.9849 0.0184 0.1723
vn -0.9747 -0.2237 0.0048
vn -0.4853 0.5306 -0.6949
vn -0.9813 -0.0078 0.1925
vn -0.9746 -0.2238 0.0092
vn -0.4874 0.5919 -0.6420
vn -0.1700 -0.7021 0.6915
vn -0.2061 -0.6951 0.6888
vn -0.9779 -0.2077 -0.0242
vn -0.4677 0.6016 -0.6476
vn 0.1106 0.5275 -0.8423
vn 0.1070 0.2402 -0.9648
vn -0.9036 -0.3537 -0.2415
vn -0.9017 -0.3561 -0.2452
vn -0.9939 0.0523 -0.0972
vn 0.0857 0.9255 -0.3690
vn 0.1109 0.5258 -0.8434
vn 0.1105 0.5282 -0.8419
vn 0.9726 -0.1441 -0.1826
vn 0.0012 0.3044 -0.9525
vn 0.0840 -0.8433 0.5308
vn 0.0000 0.2986 -0.9544
vn 0.0826 -0.8417 0.5336
vn 0.1191 -0.7466 -0.6545
vn 0.9913 -0.0665 -0.1135
vn 0.6817 0.0348 -0.7308
vn 0.9987 0.0473 -0.0165
vn 0.7076 0.0589 -0.7041
vn 0.9428 -0.2230 -0.2477
vn 0.9695 -0.1566 -0.1884
vn 0.0009 0.2634 -0.9647
vn 0.0701 -0.8926 0.4453
vn 0.3375 -0.6110 0.7161
vn -0.0288 0.7660 0.6422
vn -0.0540 0.6576 -0.7515
vn -0.0142 0.6549 -0.7556
vn -0.4033 0.6224 -0.6708
vn -0.0368 0.6853 -0.7273
vn -0.3894 0.6238 -0.6777
vn 0.2000 -0.5242 0.8278
vn 0.3377 -0.6118 0.7153
vn 0.3385 -0.6113 0.7154
vn 0.0186 -0.7450 -0.6668
vn 0.3382 -0.6116 0.7152
vn 0.3386 -0.6112 0.7154
vn 0.0566 -0.8196 -0.5702
vn 0.1283 -0.6483 0.7505
vn -0.0308 0.6839 -0.7289
vn -0.9988 -0.0446 0.0194
vn -0.9989 -0.0448 0.0154
vn -0.9989 -0.0440 0.0168
vn -0.4504 0.6617 0.5994
vn -0.9989 -0.0443 0.0162
vn 0.6449 0.7551 -0.1179
vn 0.0628 0.7460 0.6629
vn 0.0117 -0.7549 -0.6557
vn 0.0118 -0.7550 -0.6556
vn 0.9988 0.0452 -0.0163
vn 0.9860 -0.0711 -0.1508
vn -0.0143 0.6550 -0.7555
vn -0.9598 0.1760 0.2188
vn -0.0490 0.6537 -0.7552
vn -0.6825 -0.5611 -0.4683
vn -0.9387 0.2271 0.2595
vn -0.3842 0.6733 0.6317
vn -0.3879 0.6728 0.6300
vn -0.3821 -0.6127 0.6918
vn -0.3836 -0.7177 -0.5812
vn -0.4690 0.5855 -0.6613
vn -0.3280 -0.6403 0.6945
vn -0.3219 -0.6403 0.6974
vn 0.9407 0.3287 0.0840
vn -0.4524 0.6512 0.6094
vn 0.6786 0.6912 0.2486
vn -0.9990 -0.0431 0.0154
vn 0.9884 -0.0260 -0.1494
vn 0.9770 -0.0129 -0.2128
vn -0.4410 0.6532 0.6155
vn -0.6811 -0.5617 -0.4697
vn -0.9572 0.1849 0.2228
vn 0.6921 0.5529 0.4639
vn 0.7492 0.4470 -0.4887
vn 0.7492 0.4466 -0.4892
vn 0.9851 0.1529 0.0784
vn 0.9837 0.1577 0.0864
vn 0.0452 -0.4186 0.9070
vn 0.0458 -0.4172 0.9077
vn 0.0149 0.8472 -0.5311
vn -0.9041 0.2968 0.3075
vn 0.6444 0.7560 -0.1153
vn 0.6830 0.7232 -0.1020
vn -0.0072 0.8291 -0.5590
vn -0.0084 0.8317 -0.5552
vn 0.0723 0.7556 0.6510
vn 0.9845 0.1573 0.0781
vn 0.7827 0.4214 -0.4580
vn 0.6824 0.7223 -0.1118
vn -0.0228 0.7547 0.6556
vn -0.4062 0.5790 -0.7069
vn -0.3858 -0.5984 0.7023
vn -0.3826 -0.7079 -0.5938
vn -0.3818 -0.7083 -0.5938
vn -0.2457 -0.7331 -0.6342
vn -0.9522 -0.2862 -0.1068
vn -0.1774 -0.7424 0.6460
vn 0.0419 0.7378 0.6738
vn 0.9836 0.1600 0.0826
vn -0.9019 0.2986 0.3122
vn 0.0209 -0.7352 -0.6775
vn -0.0284 0.8148 -0.5790
vn 0.0212 -0.7353 -0.6774
vn 0.0486 -0.4587 0.8872
vn 0.0513 -0.4524 0.8903
vn 0.1201 -0.7621 -0.6362
vn -0.9989 -0.0441 0.0148
vn 0.9455 0.2645 0.1898
vn -0.0396 0.6546 -0.7549
vn -0.0466 0.6482 -0.7601
vn -0.0707 0.6525 -0.7545
vn -0.0393 0.6308 -0.7749
vn -0.0140 0.3781 -0.9257
vn -0.0137 0.3799 -0.9249
vn 0.1129 -0.7474 -0.6547
vn 0.1253 -0.7566 -0.6418
vn -0.0502 0.6778 -0.7335
vn -0.4625 0.5947 -0.6576
vn -0.4766 0.5861 -0.6552
vn -0.9989 -0.0438 0.0148
vn -0.9202 -0.3229 -0.2211
vn 0.7209 -0.5158 -0.4628
vn -0.9238 -0.3179 -0.2135
vn 0.7292 -0.5073 -0.4592
vn -0.4012 -0.7142 -0.5735
vn -0.0006 0.2566 -0.9665
vn -0.8983 -0.3610 -0.2505
vn 0.0908 -0.7499 -0.6553
vn 0.7279 -0.3055 -0.6138
vn 0.0741 -0.8853 0.4590
vn 0.9929 0.0932 -0.0744
vn 0.9494 0.2574 0.1802
vn 0.0126 -0.7551 -0.6555
vn -0.3847 -0.6234 0.6807
vn -0.4652 0.5850 -0.6644
vn -0.4516 0.5866 -0.6723
vn -0.4763 0.5809 -0.6601
vn -0.3940 -0.7166 -0.5756
vn -0.4033 -0.7018 -0.5872
vn -0.3375 -0.7328 -0.5908
vn -0.3421 -0.7309 -0.5906
vn -0.4480 0.6622 0.6006
vn -0.7181 0.5150 0.4681
vn -0.3862 -0.6233 0.6799
vn -0.3348 -0.7207 -0.6070
vn -0.3395 -0.7205 -0.6047
vn -0.4010 -0.7143 -0.5736
vn -0.7185 0.5148 0.4677
vn -0.0637 0.6534 -0.7544
vn 0.1483 -0.7582 -0.6349
vn 0.9908 -0.0706 -0.1155
vn -0.3425 -0.6105 0.7142
vn -0.3917 0.5869 -0.7086
vn -0.8854 -0.3741 -0.2759
vn -0.0636 0.6538 -0.7540
vn 0.7596 0.4398 -0.4793
vn 0.7808 0.4233 -0.4596
vn -0.9988 -0.0464 0.0187
vn 0.7807 0.4238 -0.4593
vn -0.3341 -0.6142 0.7149
vn 0.7031 0.0331 -0.7104
vn -0.8820 -0.3806 -0.2779
vn -0.8884 -0.3703 -0.2715
vn 0.7596 0.4398 -0.4790
vn 0.9988 0.0452 -0.0167
vn -0.9987 -0.0472 0.0187
vn 0.9423 -0.2246 -0.2483
vn -0.4563 0.5755 -0.6787
vn -0.9989 -0.0449 0.0165
vn -0.9989 -0.0449 0.0160
vn -0.9989 -0.0442 0.0155
vn -0.4308 0.6700 0.6046
vn 0.8295 -0.3442 0.4399
vn 0.8074 -0.3723 0.4577
vn -0.4310 0.6699 0.6045
vn 0.9691 0.2464 0.0125
vn 0.9791 0.1824 0.0896
vn 0.9801 0.1783 0.0872
vn -0.2423 -0.5785 0.7789
vn 0.9867 -0.0652 -0.1492
vn 0.9983 0.0525 -0.0244
vn -0.3760 0.6885 0.6202
vn -0.3839 0.6873 0.6166
vn -0.4121 0.5904 -0.6940
vn -0.4116 0.5905 -0.6942
vn -0.3831 -0.6127 0.6913
vn -0.3999 -0.6082 0.6858
vn -0.4049 -0.7016 -0.5863
vn -0.3904 -0.5960 0.7017
vn -0.4953 0.5485 -0.6737
vn -0.9990 -0.0418 0.0175
vn -0.9988 -0.0462 0.0177
vn -0.3989 -0.6087 0.6859
vn -0.4564 0.5755 -0.6786
vn 0.0575 -0.6302 0.7743
vn 0.0554 -0.6679 0.7422
vn 0.9988 0.0459 -0.0176
vn 0.0519 -0.6563 0.7527
vn 0.8072 -0.3730 0.4576
vn 0.7789 0.4304 -0.4562
vn 0.9988 0.0458 -0.0163
vn 0.0523 -0.6542 0.7545
vn 0.0392 -0.6545 0.7551
vn -0.9989 -0.0445 0.0172
vn -0.4252 -0.5701 0.7030
vn -0.9633 0.0729 0.2585
vn -0.9633 0.0693 0.2593
vn 0.6911 0.5536 0.4647
vn 0.6974 0.5479 0.4620
vn -0.9640 0.1095 0.2422
vn -0.9811 -0.0120 0.1932
vn -0.4680 0.6042 -0.6449
vn -0.1344 -0.5628 0.8156
vn -0.1821 0.7256 0.6635
vn 0.0601 -0.6216 0.7810
vn -0.2032 -0.5975 0.7757
vn -0.4176 -0.5743 0.7042
vn 0.0491 -0.6540 0.7549
vn -0.3064 0.7178 0.6252
vn 0.0685 -0.6529 0.7543
vn 0.9501 -0.1106 -0.2916
vn -0.1214 -0.5608 0.8190
vn -0.2902 0.7190 0.6316
vn -0.4486 0.6122 -0.6511
vn -0.1814 0.7261 0.6633
vn -0.1850 -0.5274 0.8292
vn -0.9717 0.1454 0.1862
vn 0.0685 -0.6530 0.7542
vn -0.2034 -0.7383 0.6430
vn -0.9518 -0.3005 -0.0621
vn -0.2007 -0.6998 0.6856
vn -0.2391 -0.6903 0.6829
vn -0.9516 -0.3002 -0.0659
vn -0.4463 0.5493 -0.7065
vn -0.1202 -0.7487 0.6520
vn -0.2516 -0.7341 -0.6307
vn -0.4660 0.5313 -0.7075
vn -0.1352 -0.7635 -0.6315
vn 0.0229 -0.7545 -0.6559
vn 0.0621 -0.7107 0.7008
vn 0.0699 -0.7104 0.7003
vn -0.1369 -0.7640 -0.6306
vn 0.0236 -0.7546 -0.6558
vn -0.1310 -0.7499 0.6484
vn 0.0690 -0.6775 0.7323
vn 0.0589 -0.6768 0.7338
vn 0.9361 0.3378 0.0981
vn -0.9036 -0.3544 -0.2405
vn 0.0931 -0.7680 -0.6336
vn -0.9988 -0.0458 0.0159
vn 0.0252 -0.7709 -0.6365
vn 0.0532 -0.9101 0.4108
vn -0.0153 0.1043 -0.9944
vn -0.0181 0.1105 -0.9937
vn -0.0203 0.7633 0.6457
vn -0.9988 -0.0453 0.0162
vn 0.5258 0.5672 -0.6339
vn -0.9988 -0.0460 0.0179
vn -0.3620 0.6937 0.6227
vn -0.3581 0.6957 0.6227
vn -0.0180 0.5142 0.8575
vn -0.4189 -0.6971 -0.5819
vn -0.0305 0.7444 0.6671
vn -0.4173 -0.6979 -0.5820
vn -0.5957 0.5162 -0.6153
vn -0.5954 0.5165 -0.6154
vn 0.0614 -0.7701 -0.6349
vn -0.9199 -0.3256 -0.2186
vn 0.9989 0.0444 -0.0157
vn -0.0179 0.1111 -0.9936
vn -0.9194 -0.3264 -0.2196
vn 0.0116 -0.7127 0.7013
vn -0.0229 0.7546 0.6557
vn 0.4589 -0.0160 0.8884
vn -0.0238 0.7547 0.6556
vn 0.0046 0.5071 -0.8619
vn 0.0284 -0.9004 0.4342
vn -0.3164 -0.7369 -0.5974
vn 0.0485 -0.6547 0.7543
vn -0.3169 -0.7367 -0.5973
vn -0.7190 0.5142 0.4675
vn -0.7188 0.5145 0.4675
vn -0.8934 -0.0145 -0.4490
vn -0.8930 -0.0151 -0.4499
vn -0.7151 0.5172 0.4703
vn -0.8757 0.2204 -0.4296
vn 0.7091 -0.5239 -0.4719
vn -0.9995 -0.0260 -0.0176
vn -0.9995 -0.0261 -0.0180
vn 0.7237 -0.5133 -0.4614
vn 0.4566 -0.0154 0.8895
vn 0.0223 0.0164 -0.9996
vn 0.0439 0.0123 -0.9990
vn -0.7418 -0.6697 -0.0351
vn 0.0304 -0.9165 -0.3988
vn 0.4545 -0.0164 0.8906
vn 0.0121 0.5034 -0.8639
vn 0.0147 0.5041 -0.8635
vn 0.9996 0.0245 0.0137
vn 0.9994 0.0272 0.0213
vn -0.0359 0.9989 0.0308
vn -0.0355 0.9989 0.0300
vn 0.9996 0.0252 0.0122
vn -0.0243 0.3211 0.9467
vn 0.0175 0.0337 -0.9993
vn 0.0324 -0.0578 -0.9978
vn 0.0054 0.0198 -0.9998
vn 0.0188 -0.9161 -0.4006
vn 0.9281 0.3052 0.2132
vn 0.9265 0.3091 0.2148
vn 0.7266 0.0297 0.6864
vn -0.0240 0.7545 0.6559
vn -0.0318 0.8214 -0.5694
vn -0.4950 0.5487 -0.6737
vn -0.9990 -0.0414 0.0170
vn -0.4542 0.6499 0.6094
vn 0.0599 -0.5930 0.8030
vn 0.0662 -0.5925 0.8029
vn -0.2120 -0.5180 0.8287
vn 0.0674 -0.6283 0.7750
vn -0.4325 0.6550 0.6196
vn 0.0192 -0.6559 0.7546
vn 0.7187 -0.5178 -0.4641
vn 0.0486 -0.6369 0.7694
vn 0.0738 -0.6533 0.7535
vn 0.0538 -0.6495 0.7584
vn 0.0242 -0.7710 -0.6364
vn 0.0584 -0.7527 -0.6558
vn 0.9515 -0.2041 -0.2302
vn -0.0032 0.2663 -0.9639
vn -0.0022 0.2714 -0.9625
vn 0.0240 -0.9134 -0.4063
vn 0.0164 -0.9995 -0.0263
vn 0.0182 -0.9993 -0.0339
vn -0.0239 0.3193 0.9474
vn -0.4698 -0.0388 0.8819
vn -0.4671 -0.0379 0.8834
vn 0.8534 0.2846 -0.4367
vn 0.8877 0.0183 -0.4600
vn 0.0110 -0.7203 0.6936
vn 0.0519 -0.9086 0.4143
vn 0.9498 -0.2091 -0.2326
vn -0.9729 0.1400 0.1837
vn -0.8845 -0.3750 -0.2775
vn 0.0188 -0.7529 -0.6578
vn 0.7273 -0.6799 0.0937
vn 0.7505 -0.6543 0.0926
vn 0.7270 -0.6789 0.1028
vn 0.8317 -0.3491 0.4318
vn 0.9478 -0.2133 -0.2371
vn 0.7493 -0.6564 0.0875
vn 0.8317 -0.3494 0.4314
vn 0.0308 -0.9040 0.4265
vn 0.0192 -0.6558 0.7547
vn 0.0281 -0.7545 -0.6557
vn 0.9463 -0.2176 -0.2393
vn -0.0195 0.5500 0.8349
vn -0.0348 0.5312 0.8465
vn 0.9942 0.0299 -0.1033
vn -0.8851 -0.3745 -0.2763
vn -0.4670 -0.0379 0.8834
vn 0.0092 -0.7552 -0.6555
vn 0.8851 0.0145 -0.4652
vn 0.0113 -0.0197 -0.9997
vn -0.4257 0.6592 0.6199
vn 0.0310 -0.0137 -0.9994
vn 0.0104 0.0241 -0.9997
vn -0.6952 -0.5524 -0.4599
vn -0.9989 -0.0447 0.0170
vn -0.9988 -0.0455 0.0164
vn -0.9963 -0.0717 0.0469
vn -0.4531 0.6506 0.6094
vn -0.6896 -0.5570 -0.4629
vn -0.3205 -0.6044 0.7294
vn -0.3297 -0.6004 0.7286
vn 0.0380 -0.6295 0.7761
vn 0.0597 -0.6215 0.7811
vn -0.6891 -0.5580 -0.4624
vn 0.6884 0.5550 0.4670
vn -0.0231 0.7376 0.6748
vn 0.8257 -0.3514 0.4414
vn 0.8279 -0.3532 0.4356
vn 0.7266 0.0288 0.6864
vn 0.0552 -0.4845 0.8731
vn 0.0575 -0.4788 0.8761
vn -0.9990 -0.0419 0.0177
vn -0.9988 -0.0456 0.0172
vn -0.9985 -0.0500 0.0224
vn -0.9987 -0.0271 0.0425
vn 0.5255 0.5672 -0.6342
vn -0.9988 -0.0452 0.0161
vn 0.0277 -0.7651 -0.6433
vn -0.9994 -0.0262 0.0244
vn 0.0441 0.7559 0.6533
vn 0.0140 0.7373 0.6754
vn -0.5951 0.5165 -0.6157
vn 0.9836 0.1589 0.0851
vn 0.9837 0.1588 0.0850
vn -0.0516 0.8140 -0.5786
vn -0.0518 0.8144 -0.5780
vn 0.8038 -0.3756 0.4614
vn 0.8037 -0.3761 0.4611
vn -0.0378 0.7538 0.6560
vn 0.9814 0.1686 0.0920
vn -0.9059 0.2938 0.3049
vn -0.9051 0.2959 0.3053
vn 0.6948 0.0194 0.7190
vn -0.0309 0.7542 0.6559
vn 0.0126 0.7554 0.6551
vn -0.9076 0.2910 0.3026
vn 0.6927 0.0285 0.7206
vn 0.0187 -0.8213 -0.5702
vn -0.0431 0.9690 -0.2431
vn -0.0432 0.9694 -0.2418
vn 0.0116 -0.7551 -0.6555
vn 0.0133 -0.7533 -0.6575
vn 0.9987 0.0250 -0.0439
vn 0.9985 0.0503 -0.0223
vn 0.9990 0.0420 -0.0127
vn 0.0242 -0.8242 -0.5658
vn 0.0640 -0.4891 0.8699
vn 0.0641 -0.4887 0.8701
vn -0.9803 0.1150 0.1605
vn -0.9808 0.1126 0.1594
vn -0.0165 0.7367 0.6761
vn 0.9794 0.1745 0.1018
vn 0.9131 0.1856 0.3631
vn -0.9709 -0.0352 -0.2370
vn -0.3527 0.6591 -0.6643
vn -0.4062 0.6431 -0.6491
vn -0.9782 0.2058 -0.0276
vn -0.9540 0.2960 0.0481
vn -0.9554 0.2912 0.0491
vn -0.5700 0.6887 0.4482
vn -0.9790 0.2021 -0.0270
vn -0.7257 -0.5427 0.4229
vn -0.9776 0.2096 -0.0216
vn -0.9776 0.2092 -0.0214
vn -0.6713 -0.4145 0.6144
vn -0.7302 -0.3564 0.5830
vn -0.1751 0.6684 -0.7229
vn -0.9769 0.2125 -0.0220
vn -0.9776 0.2095 -0.0216
vn -0.0882 0.7539 0.6510
vn -0.1398 0.7881 0.5995
vn -0.5574 -0.8295 -0.0362
vn -0.5605 -0.8274 -0.0357
vn -0.9717 -0.0354 -0.2335
vn -0.1735 0.6686 -0.7231
vn -0.9702 -0.0403 -0.2387
vn 0.0358 -0.9989 -0.0296
vn -0.9995 -0.0254 -0.0195
vn -0.9994 -0.0254 -0.0218
vn -0.9994 -0.0249 -0.0222
vn -0.9991 -0.0376 -0.0204
vn -0.9994 -0.0253 -0.0220
vn -0.0237 -0.0308 0.9992
vn -0.0334 0.9990 0.0302
vn -0.0342 0.9990 0.0296
vn -0.7759 0.6309 0.0054
vn -0.7713 0.6364 0.0039
vn -0.8585 -0.0440 0.5109
vn -0.6156 0.0178 -0.7879
vn 0.0008 0.6844 -0.7291
vn -0.6885 0.6734 -0.2691
vn -0.7273 0.6863 0.0087
vn 0.7278 -0.6858 -0.0042
vn -0.9776 0.2094 -0.0216
vn -0.0096 -0.0765 0.9970
vn 0.9849 -0.1731 -0.0000
vn -0.9699 -0.0417 -0.2401
vn -0.9107 -0.0422 0.4110
vn -0.0366 0.4518 0.8914
vn -0.0279 0.4544 0.8904
vn -0.0278 0.4540 0.8905
vn -0.8924 0.1955 0.4067
vn -0.8931 0.1958 0.4050
vn 0.9875 -0.1575 -0.0000
vn 0.9874 -0.1583 0.0000
vn -0.8583 -0.0476 0.5109
vn -0.9699 -0.0417 -0.2399
vn -0.9700 -0.0417 -0.2397
vn -0.0354 0.4521 0.8912
vn -0.1032 -0.7638 0.6372
vn -0.9993 -0.0333 -0.0188
vn -0.9996 -0.0220 -0.0166
vn -0.9996 -0.0241 -0.0179
vn -0.1070 -0.2401 0.9648
vn -0.0930 0.0710 0.9931
vn -0.9778 0.2087 -0.0209
vn -0.0285 -0.9691 -0.2450
vn -0.1389 0.7886 0.5990
vn -0.9775 0.2096 -0.0216
vn -0.9995 -0.0225 -0.0205
vn -0.9775 0.2097 -0.0216
vn -0.0284 -0.9695 -0.2436
vn -0.0284 -0.9691 -0.2451
vn -0.9995 -0.0224 -0.0214
vn -0.0105 -0.0505 0.9987
vn -0.0860 -0.9252 0.3696
vn 0.9875 -0.1579 -0.0000
vn 0.9875 -0.1578 -0.0000
vn 0.9871 -0.1600 0.0006
vn 0.8912 -0.4536 -0.0000
vn 0.8840 -0.4180 -0.2094
vn 0.8890 -0.4098 -0.2042
vn -0.6149 0.0234 -0.7882
vn -0.9995 -0.0242 -0.0185
vn -0.6191 0.0251 -0.7849
vn -0.6185 0.0248 -0.7854
vn -0.6161 0.0230 -0.7873
vn -0.0209 -0.0325 0.9993
vn -0.0200 -0.0311 0.9993
vn -0.0200 -0.0312 0.9993
vn 0.8913 -0.4534 -0.0000
vn -0.4994 -0.5143 0.6972
vn -0.0084 -0.0289 0.9995
vn -0.5290 -0.4935 0.6904
vn 0.0063 -0.8470 -0.5315
vn 0.0060 -0.8472 -0.5313
vn 0.0061 -0.8473 -0.5311
vn -0.0285 -0.9692 -0.2448
vn -0.0195 -0.0309 0.9993
vn 0.8897 -0.4083 -0.2043
vn -0.0192 -0.0308 0.9993
vn 0.8886 -0.4107 -0.2042
vn 0.9873 0.1586 -0.0000
vn 0.9875 0.1578 -0.0000
vn 0.8912 -0.4536 0.0000
vn 0.8911 -0.4538 -0.0000
vn 0.7071 -0.7071 -0.0000
vn -0.1399 0.7881 0.5994
vn 0.9875 0.1579 -0.0000
vn 0.9874 0.1579 -0.0000
vn 0.9995 0.0245 0.0211
vn 0.9995 0.0245 0.0210
vn -0.1394 0.7879 0.5999
vn -0.0284 -0.9692 -0.2447
vn 0.2068 0.6729 -0.7102
vn 0.2117 0.7054 -0.6765
vn 0.2127 0.6714 -0.7099
vn -0.4026 0.5303 -0.7461
vn 0.2051 0.7063 -0.6775
vn -0.3445 0.5636 -0.7508
vn -0.3051 0.5573 -0.7722
vn -0.3595 0.5208 -0.7743
vn 0.9146 0.0899 0.3942
vn 0.9042 0.2196 0.3662
vn -0.1215 0.6479 -0.7520
vn -0.1200 0.6490 -0.7513
vn 0.3628 -0.6051 0.7087
vn 0.3621 -0.6050 0.7091
vn 0.3702 -0.6030 0.7066
vn -0.3259 -0.4079 -0.8529
vn -0.2084 -0.3839 -0.8996
vn 0.1787 -0.5603 0.8088
vn -0.1609 -0.3030 -0.9393
vn -0.3357 -0.4043 -0.8508
vn -0.1884 -0.3736 -0.9083
vn 0.2144 0.6170 -0.7572
vn -0.7484 -0.6624 -0.0331
vn 0.2084 0.6169 -0.7589
vn 0.2088 0.5798 -0.7875
vn 0.2149 0.5792 -0.7863
vn 0.0000 0.0000 1.0000
vn -0.0104 -0.0503 0.9987
vn -0.9107 -0.0421 0.4110
vn -0.9995 -0.0241 -0.0188
vn -0.3160 0.6829 -0.6587
vn -0.3621 0.6741 -0.6438
vn 0.9244 -0.3640 -0.1136
vn 0.9294 -0.3312 -0.1626
vn 0.8280 -0.3527 0.4359
vn 0.9448 -0.3186 -0.0762
vn -0.6150 0.0222 -0.7882
vn -0.0193 -0.0308 0.9993
vn -0.0188 -0.0307 0.9993
vn 0.9875 0.1579 0.0000
vn 0.6901 0.7229 0.0341
vn -0.0159 0.9995 0.0256
vn 0.6907 0.7224 0.0328
vn 0.8912 0.4536 -0.0000
vn -0.0016 -0.0481 0.9988
vn -0.1212 0.7712 0.6249
vn 0.9364 -0.2131 0.2788
vn 0.9683 -0.2461 0.0423
vn -0.2657 0.9393 0.2171
vn -0.1200 0.6489 -0.7514
vn -0.1206 0.6496 -0.7506
vn -0.1196 0.6490 -0.7513
vn 0.9365 -0.2126 0.2787
vn 0.9490 -0.0079 0.3152
vn 0.9802 -0.1123 0.1629
vn -0.3637 0.6046 -0.7086
vn -0.3633 0.6048 -0.7087
vn -0.1198 0.6491 -0.7512
vn 0.7071 0.7071 -0.0000
vn -0.6910 -0.7220 -0.0353
vn -0.6898 -0.7230 -0.0367
vn -0.6146 0.0219 -0.7885
vn 0.0174 -0.9993 -0.0336
vn 0.0124 -0.6075 -0.7943
vn -0.6569 -0.6739 -0.3383
vn -0.6146 0.0218 -0.7885
vn -0.0019 -0.0478 0.9989
vn 0.0145 -0.9398 0.3414
vn -0.0144 -0.0444 0.9989
vn -0.0600 -0.9960 0.0665
vn -0.0601 -0.9961 0.0650
vn -0.1032 -0.7631 0.6379
vn -0.1034 -0.7648 0.6359
vn -0.1033 -0.7645 0.6363
vn -0.1105 -0.5286 0.8416
vn -0.1070 -0.2400 0.9649
vn -0.0930 0.0709 0.9931
vn -0.9938 0.0535 -0.0972
vn -0.9938 0.0535 -0.0974
vn -0.0600 -0.9960 0.0667
vn -0.9939 0.0537 -0.0966
vn -0.9938 0.0537 -0.0970
vn -0.0301 -0.0308 0.9991
vn -0.0307 -0.0380 0.9988
vn -0.0349 0.9990 0.0290
vn -0.0098 0.6792 -0.7339
vn 0.6664 0.0453 -0.7443
vn -0.0361 0.9990 0.0251
vn 0.6873 0.7255 0.0344
vn 0.6672 0.7105 -0.2238
vn -0.9995 -0.0247 -0.0210
vn -0.0347 0.9990 0.0297
vn -0.4536 -0.8912 -0.0000
vn -0.0037 0.6785 -0.7346
vn -0.0060 0.6832 -0.7302
vn -0.0354 0.9990 0.0283
vn -0.0198 -0.0312 0.9993
vn -0.0200 -0.0323 0.9993
vn -0.0199 -0.0321 0.9993
vn -0.0200 -0.0328 0.9993
vn -0.0200 -0.0325 0.9993
vn 0.1580 -0.9874 -0.0000
vn -0.1580 -0.9874 -0.0000
vn 0.4536 -0.8912 -0.0000
vn 0.4536 -0.8912 0.0000
vn -0.1577 -0.9875 -0.0000
vn -0.2292 0.9583 0.1709
vn -0.2448 0.9579 0.1498
vn -0.2325 0.6339 -0.7377
vn -0.2327 0.6339 -0.7376
vn -0.3741 0.8847 0.2780
vn -0.1766 0.6715 -0.7196
vn -0.9518 0.3018 0.0550
vn -0.4900 0.7176 0.4949
vn -0.4806 0.7226 0.4969
vn -0.5608 0.6907 0.4566
vn 0.0000 0.0000 -1.0000
vn -0.9530 0.2979 0.0558
vn 0.0373 -0.9986 -0.0365
vn -0.4662 -0.4679 0.7508
vn 0.0356 -0.9990 -0.0270
vn -0.5231 -0.4216 0.7407
vn 0.6675 0.0386 -0.7436
vn 0.6207 0.0758 -0.7804
vn -0.1272 0.6662 -0.7348
vn -0.1281 0.6689 -0.7322
vn -0.0325 0.4499 0.8925
vn -0.1001 0.6662 -0.7390
vn -0.0304 0.4504 0.8923
vn 0.9995 0.0244 0.0182
vn -0.0200 -0.0314 0.9993
vn -0.0201 -0.0310 0.9993
vn -0.7071 -0.7071 0.0000
vn -0.9877 -0.1564 -0.0000
vn 0.4539 -0.8910 -0.0000
vn -0.7070 -0.7072 -0.0000
vn -0.7072 -0.7071 -0.0000
vn -0.8912 -0.4536 -0.0000
vn 0.9358 0.3391 0.0968
vn 0.0398 -0.6432 -0.7646
vn 0.0398 -0.6427 -0.7651
vn 0.0087 -0.9375 0.3478
vn 0.5994 -0.8004 -0.0129
vn 0.8235 -0.4955 -0.2762
vn 0.8234 -0.4956 -0.2762
vn 0.0181 -0.9994 -0.0278
vn -0.0174 0.9993 0.0343
vn -0.0193 -0.0309 0.9993
vn -0.0193 -0.0310 0.9993
vn -0.0194 -0.0306 0.9993
vn 0.0137 -0.6442 -0.7647
vn 0.0134 -0.6447 -0.7643
vn 0.0136 -0.6444 -0.7646
vn 0.9774 -0.0619 -0.2021
vn 0.9774 -0.0627 -0.2021
vn -0.4993 -0.5143 0.6973
vn -0.1279 0.6690 -0.7322
vn -0.1347 0.6683 -0.7316
vn -0.9804 0.1970 -0.0052
vn -0.9805 0.1966 -0.0051
vn -0.9805 0.1966 -0.0045
vn -0.9804 0.1971 -0.0052
vn -0.9804 0.1970 -0.0044
vn -0.9804 0.1970 -0.0053
vn 0.0062 -0.8476 -0.5306
vn 0.0061 -0.8488 -0.5287
vn 0.0060 -0.8475 -0.5308
vn 0.0060 -0.8471 -0.5315
vn 0.0061 -0.8472 -0.5312
vn 0.0064 -0.8474 -0.5308
vn 0.0399 -0.6436 -0.7643
vn -0.4521 0.6626 0.5971
vn 0.0060 -0.8476 -0.5305
vn -0.1428 0.7892 0.5973
vn 0.0060 -0.8474 -0.5310
vn 0.0116 0.6774 0.7356
vn 0.9929 0.0923 -0.0749
vn -0.1564 0.9877 0.0000
vn -0.1563 0.9877 -0.0000
vn 0.1564 0.9877 -0.0000
vn 0.1563 0.9877 -0.0000
vn 0.0061 -0.8479 -0.5301
vn 0.0060 -0.8466 -0.5322
vn 0.0930 -0.0710 -0.9931
vn 0.0932 -0.0697 -0.9932
vn 0.0699 -0.3757 -0.9241
vn 0.0699 -0.3753 -0.9243
vn 0.0699 -0.3747 -0.9245
vn 0.0399 -0.6435 -0.7644
vn 0.0402 -0.6483 -0.7604
vn 0.0399 -0.6433 -0.7646
vn 0.4536 0.8912 -0.0000
vn -0.1564 0.9877 -0.0000
vn -0.1565 0.9877 -0.0000
vn -0.0015 -0.0484 0.9988
vn -0.4822 0.5952 -0.6429
vn -0.6175 -0.4394 0.6524
vn -0.7241 -0.3359 0.6024
vn -0.3275 0.7571 0.5653
vn -0.4846 0.6075 -0.6293
vn -0.9637 0.1151 0.2407
vn -0.4007 0.6762 0.6182
vn -0.0093 -0.0225 0.9997
vn -0.0088 -0.0224 0.9997
vn -0.0088 -0.0223 0.9997
vn -0.1561 0.9877 -0.0000
vn 0.1563 0.9877 0.0000
vn 0.1559 0.9878 -0.0000
vn 0.1564 0.9877 0.0000
vn 0.6627 0.0571 -0.7467
vn -0.0213 -0.0330 0.9992
vn -0.0206 -0.0319 0.9993
vn -0.0204 -0.0321 0.9993
vn -0.0200 -0.0310 0.9993
vn -0.0201 -0.0311 0.9993
vn -0.9877 0.1564 -0.0000
vn -0.4261 0.6709 0.6070
vn -0.3478 -0.5141 0.7841
vn -0.3181 0.7602 0.5665
vn -0.8912 0.4536 -0.0000
vn -0.9542 0.2931 0.0593
vn -0.7071 0.7071 -0.0000
vn -0.4535 0.8913 -0.0000
vn -0.4858 0.6071 -0.6288
vn -0.0152 -0.0773 0.9969
vn -0.9599 0.2732 0.0630
vn -0.4536 0.8912 -0.0000
vn -0.0173 -0.0779 0.9968
vn 0.8692 -0.0136 0.4943
vn -0.8911 0.4538 -0.0000
vn -0.0166 -0.0387 0.9991
vn 0.8661 -0.0039 0.4999
vn 0.8661 -0.0100 0.4998
vn 0.0427 -0.6061 -0.7942
vn -0.8912 0.4536 0.0000
vn -0.0422 -0.0231 0.9988
vn -0.0421 -0.0232 0.9988
vn 0.6640 0.0702 -0.7444
vn 0.0168 -0.9994 -0.0317
vn 0.0275 -0.6098 -0.7920
vn 0.0427 -0.6061 -0.7943
vn 0.0345 -0.6076 -0.7935
vn 0.0059 -0.9388 0.3444
vn 0.5925 -0.8055 -0.0122
vn -0.0321 -0.0521 0.9981
vn 0.6920 0.7210 0.0364
vn 0.6985 0.7147 0.0351
vn 0.9994 0.0248 0.0227
vn 0.6848 0.7278 0.0377
vn 0.8097 0.0109 0.5868
vn 0.8097 0.0071 0.5868
vn 0.8369 0.2559 0.4839
vn 0.8358 0.2554 0.4861
vn 0.9995 0.0245 0.0204
vn 0.9992 0.0371 0.0138
vn 0.9991 0.0377 0.0207
vn -0.3686 0.6164 -0.6958
vn -0.9596 0.1284 0.2504
vn -0.9600 0.1225 0.2519
vn -0.3593 0.6190 -0.6984
vn -0.1266 -0.5526 0.8238
vn -0.1633 -0.5346 0.8291
vn -0.6209 -0.2977 0.7252
vn -0.1497 0.6730 -0.7243
vn -0.0182 0.7712 0.6363
vn -0.0180 0.7711 0.6364
vn -0.5822 -0.3987 0.7086
vn -0.6981 -0.2775 0.6600
vn -0.0169 0.7729 0.6343
vn -0.0174 0.7731 0.6341
vn 0.9290 -0.3551 -0.1047
vn 0.9428 -0.3025 -0.1398
vn 0.9371 -0.3283 -0.1190
vn 0.9534 -0.2284 -0.1974
vn 0.9413 -0.3149 -0.1217
vn -0.5130 0.8143 0.2715
vn -0.5130 0.8144 0.2714
vn 0.0134 0.6499 0.7599
vn -0.1987 0.9509 0.2371
vn -0.4540 0.6661 0.5918
vn -0.5130 0.8144 0.2713
vn 0.1515 -0.7144 0.6831
vn -0.3710 0.5228 0.7675
vn -0.3336 0.5130 0.7909
vn -0.1853 0.6118 0.7690
vn 0.0061 -0.8470 -0.5316
vn -0.0284 -0.9691 -0.2450
vn 0.0930 -0.0709 -0.9931
vn 0.0399 -0.6427 -0.7651
vn 0.0400 -0.6420 -0.7657
vn -0.9939 0.0536 -0.0965
vn -0.9938 0.0541 -0.0970
vn -0.9938 0.0540 -0.0970
vn -0.0321 0.6521 0.7574
vn -0.1974 0.5949 0.7792
vn -0.1920 0.5955 0.7801
vn -0.1341 0.6200 0.7731
vn -0.0311 0.7541 0.6560
vn -0.0312 0.7542 0.6559
vn 0.0744 0.7554 0.6510
vn 0.0420 -0.6552 0.7543
vn 0.0399 -0.6511 0.7580
vn 0.0439 -0.6552 0.7542
vn 0.0429 -0.6539 0.7554
vn 0.0521 -0.6541 0.7546
vn 0.0980 0.7540 0.6495
vn 0.0667 0.7364 0.6732
vn -0.9408 0.2210 0.2569
vn 0.0115 0.8543 -0.5197
vn 0.6918 0.5531 0.4642
vn -0.0528 0.6542 -0.7545
vn -0.0401 0.6839 -0.7284
vn 0.9602 -0.1573 -0.2309
vn 0.9599 -0.1587 -0.2311
vn 0.9813 -0.0446 -0.1873
vn -0.0221 0.7729 0.6342
vn -0.0255 0.7733 0.6335
vn -0.0246 0.7729 0.6340
vn -0.0255 0.7731 0.6338
vn -0.0221 0.7734 0.6336
vn -0.0172 0.7742 0.6327
vn -0.2122 0.6480 0.7315
vn 0.0465 -0.6484 0.7599
vn -0.4485 -0.6046 -0.6583
vn -0.9383 -0.1299 -0.3204
vn -0.4494 -0.6044 -0.6578
vn -0.0992 0.6391 -0.7627
vn -0.1291 0.6249 -0.7699
vn -0.5101 -0.6860 0.5188
vn -0.9690 -0.0416 -0.2434
vn -0.9394 -0.1301 -0.3173
vn -0.1719 0.6170 -0.7680
vn -0.1457 0.6232 -0.7683
vn -0.9427 -0.1225 -0.3102
vn -0.9411 -0.1220 -0.3154
vn -0.1726 0.6169 -0.7679
vn -0.6679 -0.5824 0.4633
vn -0.6811 -0.6261 0.3797
vn -0.9407 -0.2386 0.2411
vn -0.9407 -0.2380 0.2416
vn -0.9408 -0.2378 0.2415
vn 0.0578 -0.8192 -0.5706
vn 0.0580 -0.8192 -0.5706
vn 0.0110 0.9511 0.3087
vn 0.0286 0.9694 0.2440
vn 0.0603 0.9960 -0.0664
vn 0.0600 0.9960 -0.0655
vn 0.0598 0.9961 -0.0648
vn 0.9307 0.2758 0.2403
vn -0.0697 0.3766 0.9237
vn -0.0699 0.3760 0.9240
vn 0.9706 0.1739 -0.1666
vn 0.9707 0.1734 -0.1665
vn 0.9623 0.2600 0.0795
vn 0.9713 0.1685 -0.1679
vn -0.9747 -0.0488 -0.2181
vn -0.9750 -0.0484 -0.2170
vn -0.9747 -0.0489 -0.2182
vn -0.9747 -0.0489 -0.2180
vn -0.9745 -0.0489 -0.2191
vn -0.9744 -0.0485 -0.2194
vn -0.9747 -0.0489 -0.2181
vn -0.9747 -0.0474 -0.2183
vn -0.9747 -0.0462 -0.2185
vn -0.9430 -0.1457 -0.2993
vn -0.9742 -0.0642 -0.2166
vn -0.9742 -0.0646 -0.2163
vn -0.9744 -0.0580 -0.2171
vn -0.9742 -0.0648 -0.2163
vn -0.1334 0.6266 -0.7679
vn -0.1286 0.6271 -0.7682
vn -0.1285 0.6271 -0.7683
vn -0.0403 0.6417 0.7659
vn -0.0403 0.6418 0.7658
vn -0.0405 0.6420 0.7657
vn -0.0058 0.8484 0.5294
vn -0.0064 0.8468 0.5319
vn 0.0287 0.9696 0.2429
vn 0.0286 0.9696 0.2432
vn 0.0287 0.9696 0.2430
vn 0.0285 0.9693 0.2442
vn 0.0311 0.9716 0.2344
vn 0.0281 0.9690 0.2455
vn 0.0861 0.9248 -0.3705
vn 0.0858 0.9253 -0.3694
vn 0.1033 0.7638 -0.6372
vn 0.1033 0.7639 -0.6370
vn 0.1031 0.7645 -0.6363
vn 0.1030 0.7650 -0.6357
vn 0.9406 0.2387 -0.2413
vn 0.9408 0.2385 -0.2409
vn 0.9995 0.0044 0.0305
vn 0.9995 0.0045 0.0303
# 1136 vertex normals

vt 0.4340 0.8750 0.0000
vt 0.4317 0.8718 0.0000
vt 0.4346 0.8698 0.0000
vt 0.4161 0.2226 0.0000
vt 0.4158 0.2221 0.0000
vt 0.4227 0.2262 0.0000
vt 0.4177 0.2257 0.0000
vt 0.4178 0.2262 0.0000
vt 0.4178 0.2263 0.0000
vt 0.6327 0.8687 0.0000
vt 0.6340 0.8644 0.0000
vt 0.6361 0.8668 0.0000
vt 0.6364 0.8635 0.0000
vt 0.6372 0.8632 0.0000
vt 0.6371 0.8627 0.0000
vt 0.6372 0.8631 0.0000
vt 0.6135 0.8631 0.0000
vt 0.6138 0.8662 0.0000
vt 0.7461 0.0733 0.0000
vt 0.7335 0.0748 0.0000
vt 0.7352 0.0710 0.0000
vt 0.7457 0.0646 0.0000
vt 0.7464 0.0686 0.0000
vt 0.7334 0.0701 0.0000
vt 0.6355 0.6013 0.0000
vt 0.6494 0.6037 0.0000
vt 0.6493 0.6076 0.0000
vt 0.6370 0.5980 0.0000
vt 0.7454 0.0772 0.0000
vt 0.7335 0.0816 0.0000
vt 0.3678 0.1896 0.0000
vt 0.3867 0.1885 0.0000
vt 0.3680 0.2057 0.0000
vt 0.6628 0.6062 0.0000
vt 0.6748 0.6088 0.0000
vt 0.6749 0.6127 0.0000
vt 0.7523 0.1001 0.0000
vt 0.7656 0.1181 0.0000
vt 0.7654 0.1205 0.0000
vt 0.1878 0.8638 0.0000
vt 0.1869 0.8636 0.0000
vt 0.1890 0.8614 0.0000
vt 0.1856 0.8575 0.0000
vt 0.1896 0.8541 0.0000
vt 0.1851 0.8633 0.0000
vt 0.7533 0.1175 0.0000
vt 0.7653 0.1217 0.0000
vt 0.1846 0.8486 0.0000
vt 0.1890 0.8484 0.0000
vt 0.7573 0.0799 0.0000
vt 0.7565 0.0863 0.0000
vt 0.7683 0.0890 0.0000
vt 0.7607 0.0761 0.0000
vt 0.7703 0.0783 0.0000
vt 0.6300 0.8795 0.0000
vt 0.6257 0.8822 0.0000
vt 0.7691 0.0826 0.0000
vt 0.1971 0.8668 0.0000
vt 0.1935 0.8625 0.0000
vt 0.4577 0.9784 0.0000
vt 0.4617 0.9746 0.0000
vt 0.4664 0.9783 0.0000
vt 0.7709 0.0734 0.0000
vt 0.7713 0.0697 0.0000
vt 0.1860 0.8115 0.0000
vt 0.3166 0.3643 0.0000
vt 0.3071 0.3640 0.0000
vt 0.3182 0.3389 0.0000
vt 0.3396 0.7452 0.0000
vt 0.3521 0.7463 0.0000
vt 0.3448 0.7551 0.0000
vt 0.1901 0.8229 0.0000
vt 0.3573 0.7562 0.0000
vt 0.7756 0.9769 0.0000
vt 0.7756 0.9807 0.0000
vt 0.7719 0.9769 0.0000
vt 0.5485 0.4159 0.0000
vt 0.5523 0.4159 0.0000
vt 0.5528 0.4217 0.0000
vt 0.4325 0.9738 0.0000
vt 0.4363 0.9778 0.0000
vt 0.4277 0.9773 0.0000
vt 0.4610 0.9833 0.0000
vt 0.4328 0.9826 0.0000
vt 0.5556 0.4218 0.0000
vt 0.5650 0.4167 0.0000
vt 0.3150 0.2840 0.0000
vt 0.3074 0.2893 0.0000
vt 0.3073 0.2839 0.0000
vt 0.7458 0.9769 0.0000
vt 0.4282 0.9476 0.0000
vt 0.4625 0.9520 0.0000
vt 0.4674 0.9485 0.0000
vt 0.4588 0.9481 0.0000
vt 0.2027 0.8080 0.0000
vt 0.2008 0.8207 0.0000
vt 0.4368 0.9475 0.0000
vt 0.4334 0.9425 0.0000
vt 0.4329 0.9513 0.0000
vt 0.1893 0.8398 0.0000
vt 0.1913 0.8200 0.0000
vt 0.1988 0.8349 0.0000
vt 0.2011 0.8255 0.0000
vt 0.3389 0.4788 0.0000
vt 0.3354 0.4825 0.0000
vt 0.3354 0.4787 0.0000
vt 0.3389 0.4826 0.0000
vt 0.4426 0.8753 0.0000
vt 0.4429 0.8701 0.0000
vt 0.7326 0.6724 0.0000
vt 0.7326 0.6690 0.0000
vt 0.7363 0.6691 0.0000
vt 0.4225 0.6767 0.0000
vt 0.4147 0.6645 0.0000
vt 0.4214 0.6642 0.0000
vt 0.3195 0.3259 0.0000
vt 0.3099 0.3329 0.0000
vt 0.3101 0.3257 0.0000
vt 0.7363 0.6725 0.0000
vt 0.3194 0.3332 0.0000
vt 0.4624 0.9433 0.0000
vt 0.1876 0.8626 0.0000
vt 0.1796 0.8607 0.0000
vt 0.1802 0.8534 0.0000
vt 0.4437 0.8410 0.0000
vt 0.1899 0.8513 0.0000
vt 0.1891 0.8455 0.0000
vt 0.3478 0.5885 0.0000
vt 0.3454 0.5853 0.0000
vt 0.3568 0.5795 0.0000
vt 0.3442 0.5815 0.0000
vt 0.3588 0.5921 0.0000
vt 0.3548 0.5921 0.0000
vt 0.6039 0.4597 0.0000
vt 0.6248 0.4626 0.0000
vt 0.6035 0.4830 0.0000
vt 0.3442 0.5775 0.0000
vt 0.7422 0.9807 0.0000
vt 0.7384 0.9764 0.0000
vt 0.7423 0.9769 0.0000
vt 0.6372 0.8661 0.0000
vt 0.6142 0.8683 0.0000
vt 0.7384 0.9736 0.0000
vt 0.3625 0.5909 0.0000
vt 0.3658 0.5885 0.0000
vt 0.4165 0.3662 0.0000
vt 0.4165 0.3535 0.0000
vt 0.4221 0.3566 0.0000
vt 0.3681 0.5853 0.0000
vt 0.3693 0.5814 0.0000
vt 0.4106 0.6773 0.0000
vt 0.4166 0.3792 0.0000
vt 0.4092 0.3832 0.0000
vt 0.4093 0.3789 0.0000
vt 0.6133 0.8594 0.0000
vt 0.6370 0.8595 0.0000
vt 0.4095 0.6647 0.0000
vt 0.3999 0.6668 0.0000
vt 0.6452 0.4839 0.0000
vt 0.5527 0.4390 0.0000
vt 0.2037 0.8682 0.0000
vt 0.2029 0.8604 0.0000
vt 0.2062 0.8673 0.0000
vt 0.4626 0.3676 0.0000
vt 0.4617 0.3806 0.0000
vt 0.6548 0.4558 0.0000
vt 0.6027 0.4509 0.0000
vt 0.6478 0.4518 0.0000
vt 0.5953 0.4546 0.0000
vt 0.4577 0.3548 0.0000
vt 0.2000 0.8683 0.0000
vt 0.1971 0.8633 0.0000
vt 0.7660 0.1357 0.0000
vt 0.7552 0.1513 0.0000
vt 0.4010 0.6794 0.0000
vt 0.4164 0.7415 0.0000
vt 0.4158 0.7545 0.0000
vt 0.4069 0.7550 0.0000
vt 0.4045 0.7420 0.0000
vt 0.1971 0.8475 0.0000
vt 0.2065 0.8482 0.0000
vt 0.1934 0.8597 0.0000
vt 0.1975 0.8411 0.0000
vt 0.6211 0.8082 0.0000
vt 0.6250 0.8081 0.0000
vt 0.6231 0.8226 0.0000
vt 0.3510 0.5909 0.0000
vt 0.6376 0.3749 0.0000
vt 0.6474 0.3789 0.0000
vt 0.6345 0.3773 0.0000
vt 0.4185 0.7354 0.0000
vt 0.4046 0.7299 0.0000
vt 0.4198 0.7292 0.0000
vt 0.4050 0.7360 0.0000
vt 0.2119 0.8483 0.0000
vt 0.2126 0.8384 0.0000
vt 0.2070 0.8418 0.0000
vt 0.7676 0.1415 0.0000
vt 0.7692 0.1481 0.0000
vt 0.7213 0.0772 0.0000
vt 0.6184 0.3690 0.0000
vt 0.6379 0.3654 0.0000
vt 0.7217 0.0837 0.0000
vt 0.6181 0.3785 0.0000
vt 0.7230 0.0720 0.0000
vt 0.7563 0.1687 0.0000
vt 0.6839 0.8113 0.0000
vt 0.6828 0.7987 0.0000
vt 0.6878 0.8113 0.0000
vt 0.2040 0.8684 0.0000
vt 0.7694 0.1488 0.0000
vt 0.6478 0.3657 0.0000
vt 0.6605 0.3794 0.0000
vt 0.2623 0.7391 0.0000
vt 0.2636 0.7581 0.0000
vt 0.2474 0.7396 0.0000
vt 0.7210 0.0714 0.0000
vt 0.7336 0.0661 0.0000
vt 0.7343 0.0709 0.0000
vt 0.6578 0.3648 0.0000
vt 0.2083 0.8356 0.0000
vt 0.2146 0.8285 0.0000
vt 0.0348 0.4059 0.0000
vt 0.0286 0.4190 0.0000
vt 0.0296 0.4076 0.0000
vt 0.7349 0.0647 0.0000
vt 0.7227 0.0731 0.0000
vt 0.7212 0.0678 0.0000
vt 0.2105 0.8262 0.0000
vt 0.3440 0.7292 0.0000
vt 0.6763 0.3628 0.0000
vt 0.2185 0.8104 0.0000
vt 0.4116 0.1938 0.0000
vt 0.4084 0.1919 0.0000
vt 0.4218 0.1891 0.0000
vt 0.4050 0.1912 0.0000
vt 0.4051 0.1881 0.0000
vt 0.4047 0.1912 0.0000
vt 0.4049 0.1912 0.0000
vt 0.7599 0.0649 0.0000
vt 0.7586 0.0613 0.0000
vt 0.4653 0.5894 0.0000
vt 0.4652 0.5894 0.0000
vt 0.4635 0.5637 0.0000
vt 0.7726 0.0638 0.0000
vt 0.6146 0.3803 0.0000
vt 0.6180 0.3824 0.0000
vt 0.6133 0.3851 0.0000
vt 0.4051 0.1830 0.0000
vt 0.3872 0.1838 0.0000
vt 0.3861 0.1688 0.0000
vt 0.6225 0.5977 0.0000
vt 0.6249 0.5947 0.0000
vt 0.0208 0.4331 0.0000
vt 0.0249 0.4328 0.0000
vt 0.0233 0.4473 0.0000
vt 0.0277 0.4478 0.0000
vt 0.4215 0.1844 0.0000
vt 0.4209 0.1695 0.0000
vt 0.4042 0.1680 0.0000
vt 0.7632 0.0700 0.0000
vt 0.7482 0.0672 0.0000
vt 0.7612 0.0652 0.0000
vt 0.7469 0.0629 0.0000
vt 0.2617 0.7208 0.0000
vt 0.2470 0.7039 0.0000
vt 0.2619 0.7039 0.0000
vt 0.0224 0.4219 0.0000
vt 0.0298 0.4365 0.0000
vt 0.0247 0.4364 0.0000
vt 0.0270 0.4213 0.0000
vt 0.0241 0.4201 0.0000
vt 0.3687 0.1859 0.0000
vt 0.3674 0.1709 0.0000
vt 0.2468 0.7210 0.0000
vt 0.5845 0.1322 0.0000
vt 0.6035 0.1321 0.0000
vt 0.6034 0.1479 0.0000
vt 0.7367 0.0694 0.0000
vt 0.5662 0.1476 0.0000
vt 0.5663 0.1318 0.0000
vt 0.5844 0.1480 0.0000
vt 0.7496 0.0669 0.0000
vt 0.0255 0.4084 0.0000
vt 0.0307 0.4073 0.0000
vt 0.7519 0.0722 0.0000
vt 0.4669 0.5637 0.0000
vt 0.4655 0.5894 0.0000
vt 0.4622 0.5888 0.0000
vt 0.4583 0.5881 0.0000
vt 0.6459 0.7201 0.0000
vt 0.6457 0.7076 0.0000
vt 0.6497 0.7216 0.0000
vt 0.6495 0.7060 0.0000
vt 0.3454 0.5737 0.0000
vt 0.6165 0.8326 0.0000
vt 0.6134 0.8080 0.0000
vt 0.6169 0.8326 0.0000
vt 0.4596 0.5636 0.0000
vt 0.6271 0.7120 0.0000
vt 0.6428 0.7106 0.0000
vt 0.6291 0.7155 0.0000
vt 0.9034 0.8257 0.0000
vt 0.8928 0.8259 0.0000
vt 0.8915 0.8221 0.0000
vt 0.8868 0.7848 0.0000
vt 0.8984 0.7885 0.0000
vt 0.8874 0.7881 0.0000
vt 0.9046 0.8219 0.0000
vt 0.8998 0.7853 0.0000
vt 0.3882 0.8607 0.0000
vt 0.3882 0.8695 0.0000
vt 0.3770 0.8701 0.0000
vt 0.6271 0.7063 0.0000
vt 0.6279 0.7025 0.0000
vt 0.6412 0.7013 0.0000
vt 0.2215 0.3444 0.0000
vt 0.2157 0.3450 0.0000
vt 0.2140 0.3414 0.0000
vt 0.2025 0.3648 0.0000
vt 0.2007 0.3463 0.0000
vt 0.2329 0.3396 0.0000
vt 0.6416 0.7144 0.0000
vt 0.8520 0.8034 0.0000
vt 0.8523 0.8165 0.0000
vt 0.8487 0.8152 0.0000
vt 0.7551 0.7573 0.0000
vt 0.7561 0.7608 0.0000
vt 0.7431 0.7605 0.0000
vt 0.6176 0.3939 0.0000
vt 0.6142 0.3931 0.0000
vt 0.6132 0.3877 0.0000
vt 0.7622 0.5441 0.0000
vt 0.7588 0.5431 0.0000
vt 0.7623 0.5440 0.0000
vt 0.3770 0.8287 0.0000
vt 0.3718 0.8321 0.0000
vt 0.3691 0.8300 0.0000
vt 0.3898 0.8348 0.0000
vt 0.3768 0.8334 0.0000
vt 0.3900 0.8305 0.0000
vt 0.3679 0.8431 0.0000
vt 0.3713 0.8433 0.0000
vt 0.3683 0.8338 0.0000
vt 0.9008 0.7605 0.0000
vt 0.9012 0.7570 0.0000
vt 0.9013 0.7570 0.0000
vt 0.6147 0.3777 0.0000
vt 0.9082 0.7598 0.0000
vt 0.6338 0.3984 0.0000
vt 0.3760 0.8535 0.0000
vt 0.7652 0.7926 0.0000
vt 0.7523 0.7806 0.0000
vt 0.7648 0.7802 0.0000
vt 0.7525 0.7933 0.0000
vt 0.7834 0.7923 0.0000
vt 0.7709 0.7810 0.0000
vt 0.7828 0.7802 0.0000
vt 0.4535 0.1776 0.0000
vt 0.4627 0.1781 0.0000
vt 0.4534 0.1809 0.0000
vt 0.7290 0.6510 0.0000
vt 0.7013 0.6516 0.0000
vt 0.7014 0.6410 0.0000
vt 0.2248 0.3813 0.0000
vt 0.2402 0.3795 0.0000
vt 0.2348 0.3840 0.0000
vt 0.6473 0.3909 0.0000
vt 0.6342 0.3914 0.0000
vt 0.4022 0.8471 0.0000
vt 0.4021 0.8649 0.0000
vt 0.3891 0.8528 0.0000
vt 0.3891 0.8467 0.0000
vt 0.2490 0.3477 0.0000
vt 0.2512 0.3732 0.0000
vt 0.2220 0.3501 0.0000
vt 0.8152 0.1831 0.0000
vt 0.7965 0.1517 0.0000
vt 0.8031 0.1507 0.0000
vt 0.7011 0.7257 0.0000
vt 0.7010 0.7386 0.0000
vt 0.6967 0.7396 0.0000
vt 0.5968 0.1273 0.0000
vt 0.6080 0.1270 0.0000
vt 0.5986 0.1301 0.0000
vt 0.6918 0.7351 0.0000
vt 0.6874 0.7488 0.0000
vt 0.6875 0.7338 0.0000
vt 0.4640 0.1772 0.0000
vt 0.4732 0.1778 0.0000
vt 0.4639 0.1806 0.0000
vt 0.4751 0.1813 0.0000
vt 0.8536 0.7338 0.0000
vt 0.8497 0.7447 0.0000
vt 0.8500 0.7359 0.0000
vt 0.4146 0.6828 0.0000
vt 0.4045 0.6865 0.0000
vt 0.4067 0.6830 0.0000
vt 0.4582 0.6863 0.0000
vt 0.4470 0.6862 0.0000
vt 0.4558 0.6828 0.0000
vt 0.9552 0.7533 0.0000
vt 0.9518 0.7514 0.0000
vt 0.9556 0.7431 0.0000
vt 0.9520 0.7431 0.0000
vt 0.8035 0.1340 0.0000
vt 0.8035 0.1336 0.0000
vt 0.9256 0.7749 0.0000
vt 0.9169 0.7744 0.0000
vt 0.9258 0.7715 0.0000
vt 0.8030 0.1506 0.0000
vt 0.8181 0.7695 0.0000
vt 0.8173 0.7578 0.0000
vt 0.8290 0.7570 0.0000
vt 0.8035 0.1346 0.0000
vt 0.8169 0.2025 0.0000
vt 0.7959 0.1856 0.0000
vt 0.9147 0.7709 0.0000
vt 0.6192 0.1268 0.0000
vt 0.6969 0.7245 0.0000
vt 0.4687 0.1828 0.0000
vt 0.4890 0.1869 0.0000
vt 0.4779 0.1862 0.0000
vt 0.2243 0.3756 0.0000
vt 0.2397 0.3738 0.0000
vt 0.6874 0.7671 0.0000
vt 0.6883 0.7627 0.0000
vt 0.7022 0.7658 0.0000
vt 0.7007 0.7616 0.0000
vt 0.8211 0.7815 0.0000
vt 0.8250 0.7802 0.0000
vt 0.8250 0.7932 0.0000
vt 0.8210 0.7923 0.0000
vt 0.3895 0.8281 0.0000
vt 0.7608 0.5905 0.0000
vt 0.7459 0.5903 0.0000
vt 0.7550 0.5860 0.0000
vt 0.2224 0.3855 0.0000
vt 0.2185 0.3820 0.0000
vt 0.9185 0.8402 0.0000
vt 0.9054 0.8393 0.0000
vt 0.9178 0.8366 0.0000
vt 0.9066 0.8358 0.0000
vt 0.8729 0.8193 0.0000
vt 0.8729 0.8082 0.0000
vt 0.8813 0.8202 0.0000
vt 0.6976 0.7802 0.0000
vt 0.6968 0.7844 0.0000
vt 0.6828 0.7815 0.0000
vt 0.2174 0.3860 0.0000
vt 0.3396 0.2412 0.0000
vt 0.3400 0.2326 0.0000
vt 0.3441 0.2287 0.0000
vt 0.8718 0.7476 0.0000
vt 0.8683 0.7496 0.0000
vt 0.8683 0.7384 0.0000
vt 0.4467 0.6974 0.0000
vt 0.4489 0.7011 0.0000
vt 0.4378 0.7008 0.0000
vt 0.4068 0.6923 0.0000
vt 0.4145 0.6956 0.0000
vt 0.4045 0.6959 0.0000
vt 0.4146 0.6920 0.0000
vt 0.7110 0.0732 0.0000
vt 0.7095 0.0793 0.0000
vt 0.2487 0.7587 0.0000
vt 0.0309 0.3956 0.0000
vt 0.8816 0.8090 0.0000
vt 0.6841 0.7856 0.0000
vt 0.7310 0.5901 0.0000
vt 0.8586 0.8034 0.0000
vt 0.8578 0.8165 0.0000
vt 0.8551 0.8041 0.0000
vt 0.7098 0.0858 0.0000
vt 0.8854 0.8080 0.0000
vt 0.8850 0.8211 0.0000
vt 0.8925 0.8339 0.0000
vt 0.7713 0.7933 0.0000
vt 0.7766 0.1864 0.0000
vt 0.7810 0.1435 0.0000
vt 0.7827 0.1524 0.0000
vt 0.3708 0.8546 0.0000
vt 0.3758 0.8581 0.0000
vt 0.3686 0.8596 0.0000
vt 0.3687 0.8561 0.0000
vt 0.3737 0.8597 0.0000
vt 0.3889 0.8571 0.0000
vt 0.3771 0.8616 0.0000
vt 0.3760 0.8474 0.0000
vt 0.3678 0.8454 0.0000
vt 0.3675 0.8544 0.0000
vt 0.7293 0.6415 0.0000
vt 0.6550 0.7204 0.0000
vt 0.6549 0.7072 0.0000
vt 0.6589 0.7216 0.0000
vt 0.5849 0.1204 0.0000
vt 0.5970 0.1202 0.0000
vt 0.5716 0.1226 0.0000
vt 0.6587 0.7060 0.0000
vt 0.5729 0.1206 0.0000
vt 0.3708 0.8646 0.0000
vt 0.3674 0.8623 0.0000
vt 0.8484 0.8047 0.0000
vt 0.6678 0.7060 0.0000
vt 0.6681 0.7215 0.0000
vt 0.6642 0.7076 0.0000
vt 0.9030 0.8340 0.0000
vt 0.7827 0.1525 0.0000
vt 0.7447 0.7570 0.0000
vt 0.7863 0.1522 0.0000
vt 0.7573 0.1862 0.0000
vt 0.3165 0.1960 0.0000
vt 0.3308 0.2209 0.0000
vt 0.3164 0.2054 0.0000
vt 0.9401 0.7431 0.0000
vt 0.9480 0.7469 0.0000
vt 0.9379 0.7466 0.0000
vt 0.4258 0.6863 0.0000
vt 0.4145 0.6862 0.0000
vt 0.4235 0.6828 0.0000
vt 0.4471 0.6828 0.0000
vt 0.4370 0.6865 0.0000
vt 0.4841 0.6735 0.0000
vt 0.4841 0.6771 0.0000
vt 0.4761 0.6738 0.0000
vt 0.4741 0.6774 0.0000
vt 0.4649 0.1816 0.0000
vt 0.4788 0.1832 0.0000
vt 0.4895 0.1818 0.0000
vt 0.4908 0.1839 0.0000
vt 0.9481 0.7433 0.0000
vt 0.3713 0.8533 0.0000
vt 0.3678 0.8514 0.0000
vt 0.4548 0.1819 0.0000
vt 0.4429 0.1813 0.0000
vt 0.4416 0.1792 0.0000
vt 0.6428 0.7049 0.0000
vt 0.8778 0.7403 0.0000
vt 0.8815 0.7384 0.0000
vt 0.8811 0.7495 0.0000
vt 0.8719 0.7385 0.0000
vt 0.5994 0.3682 0.0000
vt 0.5997 0.3839 0.0000
vt 0.5955 0.3784 0.0000
vt 0.2387 0.3427 0.0000
vt 0.9379 0.8316 0.0000
vt 0.9496 0.8312 0.0000
vt 0.9383 0.8442 0.0000
vt 0.2392 0.3484 0.0000
vt 0.8776 0.7493 0.0000
vt 0.5992 0.3524 0.0000
vt 0.5947 0.3267 0.0000
vt 0.9502 0.8436 0.0000
vt 0.2017 0.3425 0.0000
vt 0.4233 0.6921 0.0000
vt 0.9193 0.7993 0.0000
vt 0.9316 0.8109 0.0000
vt 0.9197 0.8116 0.0000
vt 0.9310 0.7987 0.0000
vt 0.8296 0.7689 0.0000
vt 0.9194 0.7853 0.0000
vt 0.9216 0.7889 0.0000
vt 0.9100 0.7882 0.0000
vt 0.1972 0.3780 0.0000
vt 0.1950 0.3525 0.0000
vt 0.1945 0.3468 0.0000
vt 0.9102 0.7848 0.0000
vt 0.7784 0.2059 0.0000
vt 0.7929 0.1520 0.0000
vt 0.0248 0.4093 0.0000
vt 0.0301 0.4086 0.0000
vt 0.0329 0.4237 0.0000
vt 0.7977 0.2051 0.0000
vt 0.9475 0.7854 0.0000
vt 0.9379 0.7883 0.0000
vt 0.9381 0.7848 0.0000
vt 0.9494 0.7889 0.0000
vt 0.4952 0.6771 0.0000
vt 0.4932 0.6735 0.0000
vt 0.8533 0.7450 0.0000
vt 0.8675 0.7154 0.0000
vt 0.8672 0.7251 0.0000
vt 0.8639 0.7152 0.0000
vt 0.4393 0.6830 0.0000
vt 0.4380 0.6972 0.0000
vt 0.8904 0.7470 0.0000
vt 0.8869 0.7384 0.0000
vt 0.8904 0.7385 0.0000
vt 0.8358 0.7578 0.0000
vt 0.8481 0.7685 0.0000
vt 0.8362 0.7691 0.0000
vt 0.8475 0.7570 0.0000
vt 0.8637 0.7228 0.0000
vt 0.4257 0.6957 0.0000
vt 0.0366 0.4089 0.0000
vt 0.6462 0.1242 0.0000
vt 0.6433 0.1291 0.0000
vt 0.6444 0.1215 0.0000
vt 0.2043 0.3832 0.0000
vt 0.6416 0.1263 0.0000
vt 0.6749 0.4074 0.0000
vt 0.6461 0.1293 0.0000
vt 0.8984 0.7733 0.0000
vt 0.8876 0.7733 0.0000
vt 0.8978 0.7616 0.0000
vt 0.6390 0.1298 0.0000
vt 0.6324 0.1293 0.0000
vt 0.5483 0.1466 0.0000
vt 0.5484 0.1309 0.0000
vt 0.5001 0.1875 0.0000
vt 0.5131 0.1854 0.0000
vt 0.5113 0.1881 0.0000
vt 0.2478 0.6874 0.0000
vt 0.7648 0.0710 0.0000
vt 0.0311 0.4393 0.0000
vt 0.0270 0.4240 0.0000
vt 0.0382 0.4397 0.0000
vt 0.0287 0.4494 0.0000
vt 0.6327 0.1257 0.0000
vt 0.6407 0.1212 0.0000
vt 0.0274 0.4607 0.0000
vt 0.0292 0.4515 0.0000
vt 0.0330 0.4635 0.0000
vt 0.6443 0.1084 0.0000
vt 0.8344 0.1795 0.0000
vt 0.8362 0.1989 0.0000
vt 0.0352 0.4525 0.0000
vt 0.7679 0.0775 0.0000
vt 0.6826 0.7431 0.0000
vt 0.6781 0.7570 0.0000
vt 0.6784 0.7439 0.0000
vt 0.6406 0.1081 0.0000
vt 0.0278 0.3956 0.0000
vt 0.0329 0.3826 0.0000
vt 0.0338 0.3945 0.0000
vt 0.6228 0.1315 0.0000
vt 0.6227 0.1472 0.0000
vt 0.7081 0.0728 0.0000
vt 0.0370 0.3941 0.0000
vt 0.6967 0.0823 0.0000
vt 0.0403 0.3949 0.0000
vt 0.0400 0.3813 0.0000
vt 0.0465 0.3817 0.0000
vt 0.6979 0.0752 0.0000
vt 0.6971 0.0889 0.0000
vt 0.7591 0.2057 0.0000
vt 0.6644 0.7200 0.0000
vt 0.8405 0.8047 0.0000
vt 0.1866 0.8030 0.0000
vt 0.1865 0.7987 0.0000
vt 0.2489 0.8035 0.0000
vt 0.6196 0.1268 0.0000
vt 0.5715 0.1277 0.0000
vt 0.6197 0.1217 0.0000
vt 0.7561 0.7698 0.0000
vt 0.7431 0.7696 0.0000
vt 0.7446 0.7663 0.0000
vt 0.6058 0.8281 0.0000
vt 0.6095 0.8323 0.0000
vt 0.5928 0.8326 0.0000
vt 0.5761 0.8329 0.0000
vt 0.5797 0.8285 0.0000
vt 0.6842 0.5389 0.0000
vt 0.6777 0.5255 0.0000
vt 0.6785 0.5124 0.0000
vt 0.2489 0.7989 0.0000
vt 0.6096 0.8202 0.0000
vt 0.9060 0.8117 0.0000
vt 0.9054 0.7992 0.0000
vt 0.9173 0.7987 0.0000
vt 0.6887 0.5076 0.0000
vt 0.6807 0.5035 0.0000
vt 0.6890 0.5041 0.0000
vt 0.6787 0.5070 0.0000
vt 0.3636 0.8619 0.0000
vt 0.3532 0.8608 0.0000
vt 0.3645 0.8452 0.0000
vt 0.6211 0.1259 0.0000
vt 0.6856 0.5129 0.0000
vt 0.6235 0.1295 0.0000
vt 0.5762 0.8205 0.0000
vt 0.5798 0.8092 0.0000
vt 0.8070 0.7813 0.0000
vt 0.8073 0.7922 0.0000
vt 0.7987 0.7816 0.0000
vt 0.6284 0.7292 0.0000
vt 0.6414 0.7292 0.0000
vt 0.6271 0.7322 0.0000
vt 0.1680 0.3549 0.0000
vt 0.1702 0.3804 0.0000
vt 0.6427 0.7322 0.0000
vt 0.3514 0.8572 0.0000
vt 0.3523 0.8311 0.0000
vt 0.0417 0.4529 0.0000
vt 0.3371 0.8604 0.0000
vt 0.0447 0.4401 0.0000
vt 0.7719 0.9645 0.0000
vt 0.7756 0.9646 0.0000
vt 0.6183 0.1185 0.0000
vt 0.6215 0.1067 0.0000
vt 0.6210 0.1197 0.0000
vt 0.6234 0.1287 0.0000
vt 0.6118 0.1252 0.0000
vt 0.6238 0.1250 0.0000
vt 0.6248 0.1200 0.0000
vt 0.6136 0.1289 0.0000
vt 0.4668 0.1826 0.0000
vt 0.5649 0.4091 0.0000
vt 0.5818 0.4095 0.0000
vt 0.5776 0.4169 0.0000
vt 0.6090 0.1199 0.0000
vt 0.3674 0.5529 0.0000
vt 0.3796 0.5530 0.0000
vt 0.3742 0.5655 0.0000
vt 0.3795 0.5781 0.0000
vt 0.3739 0.5781 0.0000
vt 0.3262 0.8565 0.0000
vt 0.7757 0.9477 0.0000
vt 0.7720 0.9519 0.0000
vt 0.5775 0.4391 0.0000
vt 0.5952 0.4712 0.0000
vt 0.5947 0.4879 0.0000
vt 0.3210 0.8600 0.0000
vt 0.7422 0.9643 0.0000
vt 0.7458 0.9643 0.0000
vt 0.7698 0.8318 0.0000
vt 0.7571 0.8265 0.0000
vt 0.7827 0.8273 0.0000
vt 0.7824 0.8392 0.0000
vt 0.5468 0.7924 0.0000
vt 0.5207 0.7925 0.0000
vt 0.5466 0.7802 0.0000
vt 0.5204 0.7807 0.0000
vt 0.7570 0.8321 0.0000
vt 0.3215 0.8265 0.0000
vt 0.3267 0.8304 0.0000
vt 0.7459 0.9515 0.0000
vt 0.7590 0.9474 0.0000
vt 0.7424 0.9471 0.0000
vt 0.2060 0.3870 0.0000
vt 0.2007 0.3874 0.0000
vt 0.3432 0.2452 0.0000
vt 0.8544 0.8154 0.0000
vt 0.8868 0.7495 0.0000
vt 0.8868 0.7620 0.0000
vt 0.6779 0.5037 0.0000
vt 0.6776 0.5073 0.0000
vt 0.6703 0.5032 0.0000
vt 0.0394 0.4241 0.0000
vt 0.4302 0.6967 0.0000
vt 0.6224 0.1270 0.0000
vt 0.8405 0.8151 0.0000
vt 0.6427 0.7199 0.0000
vt 0.6415 0.7234 0.0000
vt 0.6291 0.7246 0.0000
vt 0.8100 0.7802 0.0000
vt 0.8104 0.7932 0.0000
vt 0.3683 0.3750 0.0000
vt 0.3628 0.3750 0.0000
vt 0.3688 0.3489 0.0000
vt 0.3632 0.3488 0.0000
vt 0.3379 0.8269 0.0000
vt 0.3543 0.8274 0.0000
vt 0.4091 0.3661 0.0000
vt 0.7550 0.7664 0.0000
vt 0.6271 0.7213 0.0000
vt 0.6824 0.7581 0.0000
vt 0.5989 0.3368 0.0000
vt 0.3205 0.1925 0.0000
vt 0.1965 0.3429 0.0000
vt 0.1815 0.3441 0.0000
vt 0.1761 0.3482 0.0000
vt 0.5993 0.7379 0.0000
vt 0.6133 0.7338 0.0000
vt 0.6150 0.7365 0.0000
vt 0.1766 0.3540 0.0000
vt 0.6187 0.1076 0.0000
vt 0.6253 0.1069 0.0000
vt 0.7987 0.7925 0.0000
vt 0.6003 0.7349 0.0000
vt 0.3654 0.8285 0.0000
vt 0.3570 0.3027 0.0000
vt 0.3439 0.3003 0.0000
vt 0.3325 0.2885 0.0000
vt 0.5987 0.3210 0.0000
vt 0.3313 0.1819 0.0000
vt 0.7424 0.9514 0.0000
vt 0.4277 0.7002 0.0000
vt 0.6304 0.1266 0.0000
vt 0.3771 0.3812 0.0000
vt 0.3813 0.3211 0.0000
vt 0.3813 0.3812 0.0000
vt 0.3767 0.3210 0.0000
vt 0.8170 0.9229 0.0000
vt 0.8009 0.9232 0.0000
vt 0.8130 0.9114 0.0000
vt 0.6059 0.8091 0.0000
vt 0.6676 0.5067 0.0000
vt 0.6308 0.1292 0.0000
vt 0.6320 0.5019 0.0000
vt 0.6725 0.5045 0.0000
vt 0.6318 0.5070 0.0000
vt 0.6723 0.5096 0.0000
vt 0.1977 0.3837 0.0000
vt 0.8400 0.7811 0.0000
vt 0.8434 0.7932 0.0000
vt 0.8397 0.7925 0.0000
vt 0.8438 0.7802 0.0000
vt 0.9177 0.8115 0.0000
vt 0.5487 0.7964 0.0000
vt 0.5483 0.7712 0.0000
vt 0.5589 0.7709 0.0000
vt 0.7848 0.9235 0.0000
vt 0.8004 0.9014 0.0000
vt 0.6097 0.8080 0.0000
vt 0.5583 0.7964 0.0000
vt 0.6321 0.1198 0.0000
vt 0.7878 0.8915 0.0000
vt 0.8312 0.7919 0.0000
vt 0.8312 0.7806 0.0000
vt 0.5762 0.8081 0.0000
vt 0.7025 0.7763 0.0000
vt 0.7013 0.7722 0.0000
vt 0.7154 0.7751 0.0000
vt 0.7161 0.7709 0.0000
vt 0.8689 0.7809 0.0000
vt 0.8717 0.7932 0.0000
vt 0.8683 0.7924 0.0000
vt 0.8724 0.7802 0.0000
vt 0.1810 0.3847 0.0000
vt 0.1805 0.3791 0.0000
vt 0.3531 0.2550 0.0000
vt 0.3551 0.2190 0.0000
vt 0.6976 0.7709 0.0000
vt 0.6969 0.7751 0.0000
vt 0.6828 0.7722 0.0000
vt 0.7013 0.5898 0.0000
vt 0.7072 0.5854 0.0000
vt 0.7162 0.5899 0.0000
vt 0.1873 0.3882 0.0000
vt 0.6664 0.5378 0.0000
vt 0.6697 0.5245 0.0000
vt 0.6612 0.5240 0.0000
vt 0.6615 0.5125 0.0000
vt 0.2990 0.5761 0.0000
vt 0.3313 0.5490 0.0000
vt 0.3324 0.5754 0.0000
vt 0.0053 0.9398 0.0000
vt 0.0018 0.9100 0.0000
vt 0.0059 0.9137 0.0000
vt 0.0010 0.9435 0.0000
vt 0.6324 0.0938 0.0000
vt 0.6119 0.0942 0.0000
vt 0.3210 0.2768 0.0000
vt 0.3555 0.2863 0.0000
vt 0.3541 0.2700 0.0000
vt 0.2978 0.5483 0.0000
vt 0.6704 0.5130 0.0000
vt 0.6742 0.5123 0.0000
vt 0.6734 0.5253 0.0000
vt 0.0986 0.7108 0.0000
vt 0.1026 0.6967 0.0000
vt 0.1028 0.7117 0.0000
vt 0.0984 0.6976 0.0000
vt 0.6839 0.7763 0.0000
vt 0.8255 0.5720 0.0000
vt 0.8429 0.5857 0.0000
vt 0.8259 0.5863 0.0000
vt 0.8080 0.0722 0.0000
vt 0.8099 0.0753 0.0000
vt 0.7962 0.0723 0.0000
vt 0.7954 0.0698 0.0000
vt 0.8590 0.5859 0.0000
vt 0.8591 0.5717 0.0000
vt 0.8751 0.5725 0.0000
vt 0.8748 0.5868 0.0000
vt 0.3229 0.6273 0.0000
vt 0.3118 0.6316 0.0000
vt 0.3117 0.6272 0.0000
vt 0.8427 0.5715 0.0000
vt 0.6508 0.6024 0.0000
vt 0.6525 0.6003 0.0000
vt 0.6636 0.6035 0.0000
vt 0.3884 0.2266 0.0000
vt 0.4049 0.2116 0.0000
vt 0.3981 0.2195 0.0000
vt 0.3954 0.2224 0.0000
vt 0.3957 0.2220 0.0000
vt 0.2290 0.7779 0.0000
vt 0.2424 0.7771 0.0000
vt 0.2419 0.7796 0.0000
vt 0.2283 0.7755 0.0000
vt 0.7972 0.0689 0.0000
vt 0.7986 0.0725 0.0000
vt 0.7847 0.0696 0.0000
vt 0.3884 0.2114 0.0000
vt 0.3936 0.2266 0.0000
vt 0.3937 0.2259 0.0000
vt 0.7641 0.5254 0.0000
vt 0.7522 0.5179 0.0000
vt 0.7640 0.5231 0.0000
vt 0.5815 0.4689 0.0000
vt 0.5850 0.4601 0.0000
vt 0.5852 0.4185 0.0000
vt 0.7843 0.0664 0.0000
vt 0.4049 0.2171 0.0000
vt 0.4053 0.2170 0.0000
vt 0.6457 0.4605 0.0000
vt 0.5773 0.4613 0.0000
vt 0.6587 0.9768 0.0000
vt 0.6549 0.9806 0.0000
vt 0.6551 0.9767 0.0000
vt 0.3210 0.8740 0.0000
vt 0.3543 0.8729 0.0000
vt 0.3553 0.9198 0.0000
vt 0.3219 0.9201 0.0000
vt 0.5526 0.4562 0.0000
vt 0.5483 0.4621 0.0000
vt 0.5521 0.4621 0.0000
vt 0.3209 0.2907 0.0000
vt 0.3153 0.2893 0.0000
vt 0.3178 0.2871 0.0000
vt 0.4596 0.8167 0.0000
vt 0.4576 0.8105 0.0000
vt 0.4615 0.8139 0.0000
vt 0.5660 0.6320 0.0000
vt 0.5660 0.6354 0.0000
vt 0.5622 0.6352 0.0000
vt 0.4018 0.2176 0.0000
vt 0.6552 0.9640 0.0000
vt 0.6587 0.9641 0.0000
vt 0.4015 0.2177 0.0000
vt 0.3488 0.6393 0.0000
vt 0.3632 0.6393 0.0000
vt 0.4093 0.2176 0.0000
vt 0.5646 0.4691 0.0000
vt 0.5648 0.4614 0.0000
vt 0.6588 0.9645 0.0000
vt 0.6589 0.9651 0.0000
vt 0.5554 0.4562 0.0000
vt 0.3631 0.6389 0.0000
vt 0.3627 0.6383 0.0000
vt 0.4129 0.2193 0.0000
vt 0.6383 0.8453 0.0000
vt 0.6387 0.8474 0.0000
vt 0.6134 0.8481 0.0000
vt 0.6378 0.8511 0.0000
vt 0.6373 0.8550 0.0000
vt 0.6132 0.8515 0.0000
vt 0.6132 0.8554 0.0000
vt 0.6370 0.8590 0.0000
vt 0.3939 0.2255 0.0000
vt 0.5608 0.7487 0.0000
vt 0.5684 0.7495 0.0000
vt 0.5608 0.7488 0.0000
vt 0.7640 0.5280 0.0000
vt 0.7643 0.5276 0.0000
vt 0.7644 0.5279 0.0000
vt 0.3280 0.2907 0.0000
vt 0.3217 0.3023 0.0000
vt 0.5681 0.7533 0.0000
vt 0.5443 0.7510 0.0000
vt 0.5683 0.7500 0.0000
vt 0.3211 0.3023 0.0000
vt 0.6592 0.9515 0.0000
vt 0.6589 0.9628 0.0000
vt 0.5681 0.7574 0.0000
vt 0.5436 0.7587 0.0000
vt 0.5439 0.7550 0.0000
vt 0.5683 0.7611 0.0000
vt 0.3488 0.6353 0.0000
vt 0.3739 0.6353 0.0000
vt 0.3633 0.6383 0.0000
vt 0.3488 0.6318 0.0000
vt 0.8026 0.1277 0.0000
vt 0.8026 0.1274 0.0000
vt 0.8027 0.1278 0.0000
vt 0.8324 0.1621 0.0000
vt 0.3157 0.3176 0.0000
vt 0.3210 0.3033 0.0000
vt 0.3210 0.3035 0.0000
vt 0.9738 0.9130 0.0000
vt 0.9770 0.9177 0.0000
vt 0.9730 0.9134 0.0000
vt 0.5623 0.6318 0.0000
vt 0.9742 0.9128 0.0000
vt 0.9770 0.9100 0.0000
vt 0.3740 0.6318 0.0000
vt 0.3740 0.6321 0.0000
vt 0.5685 0.7489 0.0000
vt 0.5664 0.7479 0.0000
vt 0.5677 0.7453 0.0000
vt 0.9518 0.9132 0.0000
vt 0.9556 0.9172 0.0000
vt 0.6653 0.7680 0.0000
vt 0.6642 0.7679 0.0000
vt 0.6649 0.7630 0.0000
vt 0.4459 0.5859 0.0000
vt 0.4455 0.5859 0.0000
vt 0.4465 0.5839 0.0000
vt 0.4459 0.5783 0.0000
vt 0.4468 0.5829 0.0000
vt 0.9706 0.9146 0.0000
vt 0.8034 0.1307 0.0000
vt 0.8032 0.1301 0.0000
vt 0.9667 0.9153 0.0000
vt 0.9627 0.9146 0.0000
vt 0.3633 0.6395 0.0000
vt 0.3634 0.6393 0.0000
vt 0.3737 0.6393 0.0000
vt 0.3632 0.6406 0.0000
vt 0.3736 0.6432 0.0000
vt 0.3740 0.6329 0.0000
vt 0.4688 0.7294 0.0000
vt 0.4716 0.7296 0.0000
vt 0.4688 0.7547 0.0000
vt 0.3488 0.6432 0.0000
vt 0.4716 0.7547 0.0000
vt 0.1355 0.8201 0.0000
vt 0.1361 0.7987 0.0000
vt 0.1390 0.8202 0.0000
vt 0.1396 0.7988 0.0000
vt 0.7634 0.5287 0.0000
vt 0.5604 0.7487 0.0000
vt 0.7825 0.0762 0.0000
vt 0.7954 0.0787 0.0000
vt 0.7818 0.0825 0.0000
vt 0.7828 0.0729 0.0000
vt 0.7786 0.1177 0.0000
vt 0.7703 0.0987 0.0000
vt 0.1751 0.8682 0.0000
vt 0.1709 0.8679 0.0000
vt 0.3087 0.3386 0.0000
vt 0.3081 0.3442 0.0000
vt 0.1796 0.8420 0.0000
vt 0.1796 0.8477 0.0000
vt 0.1807 0.8222 0.0000
vt 0.8091 0.0817 0.0000
vt 0.8238 0.0809 0.0000
vt 0.8230 0.0873 0.0000
vt 0.3597 0.4555 0.0000
vt 0.3637 0.4556 0.0000
vt 0.3593 0.4808 0.0000
vt 0.3559 0.4567 0.0000
vt 0.3488 0.4700 0.0000
vt 0.3675 0.4569 0.0000
vt 0.3707 0.4593 0.0000
vt 0.3633 0.4809 0.0000
vt 0.3072 0.3175 0.0000
vt 0.8209 0.0767 0.0000
vt 0.8265 0.1111 0.0000
vt 0.8011 0.1157 0.0000
vt 0.8245 0.0938 0.0000
vt 0.8018 0.1218 0.0000
vt 0.7955 0.1162 0.0000
vt 0.8063 0.0956 0.0000
vt 0.3211 0.3046 0.0000
vt 0.9563 0.9100 0.0000
vt 0.9591 0.9128 0.0000
vt 0.3384 0.5091 0.0000
vt 0.3349 0.5090 0.0000
vt 0.3351 0.5051 0.0000
vt 0.3386 0.5051 0.0000
vt 0.3735 0.6468 0.0000
vt 0.6689 0.9517 0.0000
vt 0.6557 0.9471 0.0000
vt 0.7636 0.5184 0.0000
vt 0.7899 0.1167 0.0000
vt 0.7882 0.0971 0.0000
vt 0.7435 0.5156 0.0000
vt 0.7472 0.5331 0.0000
vt 0.1581 0.8669 0.0000
vt 0.1574 0.8555 0.0000
vt 0.1624 0.8672 0.0000
vt 0.1666 0.8676 0.0000
vt 0.7842 0.1172 0.0000
vt 0.1554 0.8464 0.0000
vt 0.5650 0.7960 0.0000
vt 0.5622 0.7960 0.0000
vt 0.5650 0.7713 0.0000
vt 0.3488 0.6468 0.0000
vt 0.3071 0.3226 0.0000
vt 0.3158 0.3226 0.0000
vt 0.3213 0.3158 0.0000
vt 0.5337 0.8172 0.0000
vt 0.5040 0.8080 0.0000
vt 0.5338 0.8086 0.0000
vt 0.5318 0.8225 0.0000
vt 0.5356 0.8196 0.0000
vt 0.3183 0.3196 0.0000
vt 0.6542 0.4724 0.0000
vt 0.6540 0.4891 0.0000
vt 0.6882 0.9816 0.0000
vt 0.6848 0.9777 0.0000
vt 0.6884 0.9779 0.0000
vt 0.5681 0.7539 0.0000
vt 0.6386 0.8477 0.0000
vt 0.6383 0.8451 0.0000
vt 0.6136 0.8456 0.0000
vt 0.3693 0.5774 0.0000
vt 0.3681 0.5736 0.0000
vt 0.3657 0.5704 0.0000
vt 0.3625 0.5681 0.0000
vt 0.4315 0.8034 0.0000
vt 0.4577 0.8034 0.0000
vt 0.3526 0.4590 0.0000
vt 0.4314 0.8103 0.0000
vt 0.4298 0.8164 0.0000
vt 0.4277 0.8136 0.0000
vt 0.4361 0.8408 0.0000
vt 0.4300 0.8425 0.0000
vt 0.4335 0.8387 0.0000
vt 0.4594 0.8245 0.0000
vt 0.4297 0.8240 0.0000
vt 0.4362 0.8358 0.0000
vt 0.4438 0.8360 0.0000
vt 0.7106 0.6689 0.0000
vt 0.4573 0.7292 0.0000
vt 0.4573 0.7547 0.0000
vt 0.4537 0.7292 0.0000
vt 0.9810 0.9139 0.0000
vt 0.9780 0.8874 0.0000
vt 0.9818 0.8914 0.0000
vt 0.9773 0.9095 0.0000
vt 0.9788 0.9064 0.0000
vt 0.9795 0.9025 0.0000
vt 0.9789 0.8986 0.0000
vt 0.9777 0.8968 0.0000
vt 0.4612 0.7292 0.0000
vt 0.4652 0.7293 0.0000
vt 0.4612 0.7547 0.0000
vt 0.4574 0.7292 0.0000
vt 0.9756 0.8935 0.0000
vt 0.4683 0.7294 0.0000
vt 0.4652 0.7547 0.0000
vt 0.7069 0.5112 0.0000
vt 0.7295 0.5294 0.0000
vt 0.7015 0.5278 0.0000
vt 0.1494 0.8088 0.0000
vt 0.7384 0.5306 0.0000
vt 0.8105 0.0738 0.0000
vt 0.3723 0.2105 0.0000
vt 0.3720 0.2257 0.0000
vt 0.3253 0.6271 0.0000
vt 0.3392 0.6318 0.0000
vt 0.3255 0.6317 0.0000
vt 0.3372 0.6272 0.0000
vt 0.9810 0.7722 0.0000
vt 0.9809 0.7720 0.0000
vt 0.9805 0.7700 0.0000
vt 0.5885 0.6359 0.0000
vt 0.5886 0.6324 0.0000
vt 0.6681 0.7497 0.0000
vt 0.6681 0.7640 0.0000
vt 0.6645 0.7477 0.0000
vt 0.4296 0.8553 0.0000
vt 0.4286 0.8681 0.0000
vt 0.4289 0.5801 0.0000
vt 0.4419 0.5819 0.0000
vt 0.4428 0.5851 0.0000
vt 0.9667 0.8897 0.0000
vt 0.9706 0.8903 0.0000
vt 0.6885 0.9648 0.0000
vt 0.6850 0.9647 0.0000
vt 0.4277 0.5762 0.0000
vt 0.4231 0.8423 0.0000
vt 0.9742 0.8921 0.0000
vt 0.4537 0.7547 0.0000
vt 0.4509 0.7547 0.0000
vt 0.4523 0.7292 0.0000
vt 0.5326 0.7686 0.0000
vt 0.5326 0.7433 0.0000
vt 0.5366 0.7686 0.0000
vt 0.9796 0.7683 0.0000
vt 0.9796 0.7663 0.0000
vt 0.4509 0.7292 0.0000
vt 0.5401 0.7431 0.0000
vt 0.5401 0.7686 0.0000
vt 0.5366 0.7431 0.0000
vt 0.3523 0.4771 0.0000
vt 0.3500 0.4738 0.0000
vt 0.3555 0.4795 0.0000
vt 0.3502 0.4622 0.0000
vt 0.3489 0.4660 0.0000
vt 0.8035 0.1339 0.0000
vt 0.4497 0.5787 0.0000
vt 0.4502 0.5866 0.0000
vt 0.4495 0.5788 0.0000
vt 0.4492 0.5788 0.0000
vt 0.8035 0.1333 0.0000
vt 0.8037 0.1317 0.0000
vt 0.8035 0.1310 0.0000
vt 0.3671 0.4797 0.0000
vt 0.3704 0.4774 0.0000
vt 0.3728 0.4742 0.0000
vt 0.3741 0.4704 0.0000
vt 0.3742 0.4664 0.0000
vt 0.3730 0.4626 0.0000
vt 0.9521 0.8906 0.0000
vt 0.9539 0.9025 0.0000
vt 0.9545 0.8985 0.0000
vt 0.9545 0.9064 0.0000
vt 0.5195 0.8221 0.0000
vt 0.5181 0.8223 0.0000
vt 0.5039 0.8166 0.0000
vt 0.5222 0.8225 0.0000
vt 0.5644 0.7431 0.0000
vt 0.4470 0.5850 0.0000
vt 0.4470 0.5859 0.0000
vt 0.4214 0.2056 0.0000
vt 0.4158 0.2003 0.0000
vt 0.4142 0.1967 0.0000
vt 0.4144 0.1971 0.0000
vt 0.4164 0.2043 0.0000
vt 0.4163 0.2048 0.0000
vt 0.4162 0.2054 0.0000
vt 0.4140 0.1964 0.0000
vt 0.4159 0.2008 0.0000
vt 0.4480 0.5784 0.0000
vt 0.4476 0.5860 0.0000
vt 0.4476 0.5784 0.0000
vt 0.4475 0.5784 0.0000
vt 0.4473 0.5860 0.0000
vt 0.4471 0.5784 0.0000
vt 0.7643 0.5321 0.0000
vt 0.7646 0.5328 0.0000
vt 0.7626 0.5297 0.0000
vt 0.4464 0.5773 0.0000
vt 0.4468 0.5622 0.0000
vt 0.4470 0.5766 0.0000
vt 0.7646 0.5332 0.0000
vt 0.5758 0.7821 0.0000
vt 0.5739 0.7820 0.0000
vt 0.5765 0.7712 0.0000
vt 0.5725 0.7818 0.0000
vt 0.5725 0.7713 0.0000
vt 0.5686 0.7960 0.0000
vt 0.5686 0.7713 0.0000
vt 0.5699 0.7822 0.0000
vt 0.4481 0.5775 0.0000
vt 0.4471 0.5767 0.0000
vt 0.4489 0.5626 0.0000
vt 0.4547 0.5875 0.0000
vt 0.4543 0.5874 0.0000
vt 0.4539 0.5873 0.0000
vt 0.4556 0.5634 0.0000
vt 0.4519 0.5630 0.0000
vt 0.4507 0.5867 0.0000
vt 0.4489 0.5784 0.0000
vt 0.5622 0.7713 0.0000
vt 0.5765 0.7960 0.0000
vt 0.5733 0.7822 0.0000
vt 0.6709 0.9514 0.0000
vt 0.7748 0.0677 0.0000
vt 0.0196 0.4466 0.0000
vt 0.0254 0.4594 0.0000
vt 0.0221 0.4606 0.0000
vt 0.0226 0.4446 0.0000
vt 0.0292 0.4850 0.0000
vt 0.0307 0.4751 0.0000
vt 0.0331 0.4862 0.0000
vt 0.7872 0.0685 0.0000
vt 0.7904 0.0730 0.0000
vt 0.2627 0.6877 0.0000
vt 0.0279 0.4621 0.0000
vt 0.6715 0.9513 0.0000
vt 0.6724 0.9474 0.0000
vt 0.6723 0.9514 0.0000
vt 0.5725 0.7960 0.0000
vt 0.5725 0.7822 0.0000
vt 0.5720 0.7822 0.0000
vt 0.7106 0.6723 0.0000
vt 0.9563 0.8949 0.0000
vt 0.9591 0.8921 0.0000
vt 0.9595 0.8919 0.0000
vt 0.9561 0.8868 0.0000
vt 0.9562 0.8951 0.0000
vt 0.9627 0.8903 0.0000
vt 0.5287 0.7434 0.0000
vt 0.0261 0.4718 0.0000
vt 0.0269 0.4748 0.0000
vt 0.5287 0.7686 0.0000
vt 0.5255 0.7435 0.0000
vt 0.4380 0.1909 0.0000
vt 0.4373 0.2069 0.0000
vt 0.5801 0.7960 0.0000
vt 0.5801 0.7710 0.0000
vt 0.5829 0.7960 0.0000
vt 0.5799 0.7711 0.0000
vt 0.6853 0.9520 0.0000
vt 0.6889 0.9521 0.0000
vt 0.4689 0.3807 0.0000
vt 0.4699 0.3679 0.0000
vt 0.5251 0.7435 0.0000
vt 0.5251 0.7686 0.0000
vt 0.6890 0.9478 0.0000
vt 0.4687 0.3850 0.0000
vt 0.5163 0.8224 0.0000
vt 0.5829 0.7709 0.0000
vt 0.6747 0.9518 0.0000
vt 0.5057 0.8219 0.0000
vt 0.5019 0.8189 0.0000
vt 0.3585 0.8787 0.0000
vt 0.3592 0.9142 0.0000
vt 0.6924 0.9779 0.0000
vt 0.6926 0.9750 0.0000
vt 0.4576 0.3577 0.0000
vt 0.4633 0.3549 0.0000
vt 0.4222 0.3538 0.0000
vt 0.7761 0.0697 0.0000
vt 0.4373 0.1871 0.0000
vt 0.4369 0.1722 0.0000
vt 0.7789 0.0754 0.0000
vt 0.8127 0.0782 0.0000
vt 0.0395 0.4854 0.0000
vt 0.0423 0.4965 0.0000
vt 0.0359 0.4973 0.0000
vt 0.2575 0.7760 0.0000
vt 0.2557 0.7794 0.0000
vt 0.0386 0.5084 0.0000
vt 0.0450 0.5076 0.0000
vt 0.8284 0.1284 0.0000
vt 0.8022 0.1246 0.0000
vt 0.8303 0.1447 0.0000
vt 0.7634 0.5315 0.0000
vt 0.7627 0.5299 0.0000
vt 0.7395 0.5458 0.0000
vt 0.7646 0.5329 0.0000
vt 0.6368 0.4012 0.0000
vt 0.4459 0.5779 0.0000
vt 0.5447 0.7472 0.0000
vt 0.3587 0.5668 0.0000
vt 0.3548 0.5668 0.0000
vt 0.3510 0.5681 0.0000
vt 0.3478 0.5704 0.0000
vt 0.7296 0.5454 0.0000
vt 0.7197 0.5461 0.0000
vt 0.6599 0.3987 0.0000
vt 0.6611 0.3810 0.0000
vt 0.6468 0.3981 0.0000
vt 0.6467 0.4018 0.0000
vt 0.6566 0.4037 0.0000
vt 0.8126 0.7806 0.0000
vt 0.8129 0.7915 0.0000
vt 0.6918 0.7476 0.0000
vt 0.3787 0.8266 0.0000
vt 0.4668 0.1856 0.0000
vt 0.3693 0.8265 0.0000
vt 0.3744 0.8267 0.0000
vt 0.0375 0.4750 0.0000
vt 0.0396 0.4639 0.0000
vt 0.7013 0.5475 0.0000
vt 0.7586 0.0754 0.0000
vt 0.7483 0.0730 0.0000
vt 0.4401 0.2097 0.0000
vt 0.4407 0.2250 0.0000
vt 0.4223 0.2110 0.0000
vt 0.6323 0.8308 0.0000
vt 0.6462 0.8224 0.0000
vt 0.6447 0.8262 0.0000
vt 0.6333 0.8276 0.0000
vt 0.8080 0.5732 0.0000
vt 0.8086 0.5875 0.0000
vt 0.6971 0.8011 0.0000
vt 0.6956 0.7990 0.0000
vt 0.6970 0.7995 0.0000
vt 0.9117 0.7603 0.0000
vt 0.9117 0.7602 0.0000
vt 0.6231 0.8228 0.0000
vt 0.6244 0.8232 0.0000
vt 0.6171 0.8081 0.0000
vt 0.6204 0.8322 0.0000
vt 0.6209 0.8321 0.0000
vt 0.7779 0.1384 0.0000
vt 0.7794 0.1383 0.0000
vt 0.7801 0.1395 0.0000
vt 0.3942 0.1963 0.0000
vt 0.3926 0.1994 0.0000
vt 0.3924 0.1997 0.0000
vt 0.3867 0.2049 0.0000
vt 0.3946 0.1960 0.0000
vt 0.3971 0.1935 0.0000
vt 0.3975 0.1933 0.0000
vt 0.4007 0.1918 0.0000
vt 0.4010 0.1917 0.0000
vt 0.4012 0.1917 0.0000
vt 0.3917 0.2038 0.0000
vt 0.3918 0.2032 0.0000
vt 0.3918 0.2049 0.0000
vt 0.3923 0.1999 0.0000
vt 0.6289 0.8314 0.0000
vt 0.6291 0.8306 0.0000
vt 0.6294 0.8284 0.0000
vt 0.6371 0.8657 0.0000
vt 0.6371 0.8649 0.0000
vt 0.6363 0.8648 0.0000
vt 0.6377 0.8679 0.0000
vt 0.6246 0.8317 0.0000
vt 0.6248 0.8317 0.0000
vt 0.6243 0.8317 0.0000
vt 0.6132 0.8331 0.0000
vt 0.4678 0.5886 0.0000
vt 0.4679 0.5886 0.0000
vt 0.4695 0.5636 0.0000
vt 0.4681 0.5885 0.0000
vt 0.2066 0.9812 0.0000
vt 0.1958 0.9682 0.0000
vt 0.2632 0.9623 0.0000
vt 0.2550 0.9770 0.0000
vt 0.1972 0.9384 0.0000
vt 0.2561 0.9332 0.0000
# 1411 texture coords

o BrazoDerechoBoss
g BrazoDerechoBoss
s off
f 1/1/1 2/2/1 3/3/1 
f 4/4/2 5/5/2 6/6/2 
f 7/7/3 4/4/3 6/6/3 
f 8/8/4 7/7/4 6/6/4 
f 9/9/5 8/8/5 6/6/5 
f 10/10/6 11/11/6 6/12/6 
f 12/13/7 6/12/7 11/11/7 
f 9/14/8 6/12/8 12/13/8 
f 7/15/9 8/16/9 13/17/9 
f 11/11/10 14/18/10 12/13/10 
f 8/16/11 12/13/11 14/18/11 
f 8/16/12 9/14/12 12/13/12 
f 15/19/13 16/20/13 17/21/13 
f 18/22/14 19/23/14 20/24/14 
f 20/24/15 19/23/15 16/20/15 
f 19/25/16 17/26/16 16/27/16 
f 21/28/17 17/26/17 19/25/17 
f 22/29/18 23/30/18 16/20/18 
f 17/31/19 21/32/19 15/33/19 
f 24/34/20 25/35/20 26/36/20 
f 27/37/21 28/38/21 29/39/21 
f 30/40/22 29/41/22 31/42/22 
f 32/43/23 31/42/23 29/41/23 
f 31/42/24 32/43/24 33/44/24 
f 29/41/25 28/45/25 32/43/25 
f 34/46/26 29/39/26 30/47/26 
f 33/44/27 35/48/27 36/49/27 
f 32/43/28 35/48/28 33/44/28 
f 22/29/29 26/50/29 34/51/29 
f 34/51/30 26/50/30 27/52/30 
f 25/53/31 37/54/31 26/50/31 
f 38/55/32 22/56/32 10/10/32 
f 37/54/33 39/57/33 26/50/33 
f 31/42/34 40/58/34 30/40/34 
f 40/58/35 31/42/35 41/59/35 
f 42/60/36 43/61/36 44/62/36 
f 24/63/37 26/50/37 45/64/37 
f 36/49/38 35/48/38 46/65/38 
f 47/66/39 48/67/39 36/68/39 
f 49/69/40 50/70/40 47/71/40 
f 36/49/41 46/65/41 47/72/41 
f 47/71/42 50/70/42 48/73/42 
f 51/74/43 52/75/43 53/76/43 
f 52/77/44 51/78/44 54/79/44 
f 55/80/45 56/81/45 57/82/45 
f 58/83/46 59/84/46 56/81/46 
f 60/85/47 51/78/47 61/86/47 
f 54/79/48 51/78/48 60/85/48 
f 62/87/49 58/88/49 44/89/49 
f 56/81/50 59/84/50 57/82/50 
f 58/83/51 42/60/51 44/62/51 
f 58/83/52 56/81/52 42/60/52 
f 53/76/53 52/75/53 63/90/53 
f 55/80/54 57/82/54 64/91/54 
f 44/62/55 65/92/55 66/93/55 
f 43/61/56 65/92/56 44/62/56 
f 65/92/57 67/94/57 66/93/57 
f 47/72/58 46/65/58 68/95/58 
f 49/96/59 47/72/59 68/95/59 
f 69/97/60 64/91/60 70/98/60 
f 71/99/61 64/91/61 69/97/61 
f 72/100/62 50/101/62 73/102/62 
f 55/80/63 64/91/63 71/99/63 
f 73/102/64 50/101/64 74/103/64 
f 75/104/65 71/105/65 69/106/65 
f 76/107/66 71/105/66 75/104/66 
f 3/3/67 64/108/67 1/1/67 
f 70/109/68 64/108/68 3/3/68 
f 77/110/69 67/111/69 65/112/69 
f 78/113/70 41/114/70 31/115/70 
f 31/116/71 79/117/71 78/118/71 
f 77/110/72 65/112/72 80/119/72 
f 79/117/73 31/116/73 33/120/73 
f 81/121/74 67/94/74 69/97/74 
f 66/93/75 67/94/75 81/121/75 
f 82/122/76 78/123/76 79/124/76 
f 69/97/77 70/98/77 81/121/77 
f 81/125/78 70/109/78 3/3/78 
f 83/126/79 82/122/79 79/124/79 
f 83/126/80 79/124/80 84/127/80 
f 85/128/81 86/129/81 87/130/81 
f 86/129/82 88/131/82 87/130/82 
f 14/132/83 89/133/83 87/130/83 
f 90/134/84 91/135/84 92/136/84 
f 88/131/85 93/137/85 87/130/85 
f 94/138/86 63/90/86 52/75/86 
f 95/139/87 96/140/87 94/138/87 
f 97/141/88 89/142/88 14/18/88 
f 14/18/89 13/17/89 8/16/89 
f 96/140/90 63/90/90 94/138/90 
f 95/139/91 98/143/91 96/140/91 
f 13/144/92 87/130/92 99/145/92 
f 100/146/93 96/147/93 98/148/93 
f 101/149/94 87/130/94 102/150/94 
f 87/130/95 101/149/95 99/145/95 
f 87/130/96 13/144/96 14/132/96 
f 78/113/97 82/151/97 41/114/97 
f 103/152/98 104/153/98 105/154/98 
f 13/17/99 99/155/99 4/156/99 
f 106/157/100 82/151/100 107/158/100 
f 108/159/101 92/136/101 91/135/101 
f 54/79/102 109/160/102 52/77/102 
f 110/161/103 107/162/103 111/163/103 
f 103/152/104 112/164/104 113/165/104 
f 114/166/105 103/167/105 113/168/105 
f 114/166/106 104/169/106 103/167/106 
f 115/170/107 100/146/107 98/148/107 
f 103/152/108 100/146/108 115/170/108 
f 82/151/109 106/157/109 41/114/109 
f 107/162/110 116/171/110 106/172/110 
f 110/161/111 116/171/111 107/162/111 
f 106/172/112 116/171/112 40/58/112 
f 106/172/113 40/58/113 41/59/113 
f 30/47/114 40/173/114 23/174/114 
f 82/151/115 117/175/115 107/158/115 
f 118/176/116 117/177/116 82/178/116 
f 118/176/117 82/178/117 83/179/117 
f 107/162/118 118/180/118 119/181/118 
f 107/162/119 117/182/119 118/180/119 
f 118/180/120 83/126/120 120/183/120 
f 121/184/121 89/185/121 122/186/121 
f 89/133/122 121/187/122 87/130/122 
f 121/187/123 85/128/123 87/130/123 
f 123/188/124 124/189/124 125/190/124 
f 120/191/125 72/192/125 73/193/125 
f 120/191/126 84/194/126 72/192/126 
f 83/126/127 84/127/127 120/183/127 
f 16/20/128 15/19/128 22/29/128 
f 23/30/129 22/29/129 34/51/129 
f 107/162/130 126/195/130 111/163/130 
f 107/162/131 119/181/131 126/195/131 
f 127/196/132 126/195/132 128/197/132 
f 120/183/133 119/181/133 118/180/133 
f 23/174/134 34/46/134 30/47/134 
f 40/173/135 116/198/135 23/174/135 
f 23/174/136 116/198/136 110/199/136 
f 129/200/137 16/20/137 23/30/137 
f 123/188/138 111/201/138 126/202/138 
f 129/200/139 23/30/139 130/203/139 
f 111/201/140 123/188/140 131/204/140 
f 20/24/141 129/200/141 132/205/141 
f 16/20/142 129/200/142 20/24/142 
f 23/174/143 110/199/143 130/206/143 
f 111/207/40 131/208/40 133/209/40 
f 133/210/144 110/161/144 111/163/144 
f 110/199/145 133/211/145 130/206/145 
f 124/189/146 127/212/146 134/213/146 
f 123/188/147 127/212/147 124/189/147 
f 135/214/148 136/215/148 137/216/148 
f 127/212/149 123/188/149 126/202/149 
f 136/217/150 135/218/150 129/200/150 
f 129/200/151 135/218/151 138/219/151 
f 139/220/152 134/213/152 127/212/152 
f 140/221/153 139/222/153 127/196/153 
f 140/221/154 127/196/154 128/197/154 
f 119/181/155 128/197/155 126/195/155 
f 129/223/156 138/224/156 132/225/156 
f 141/226/157 142/227/157 143/228/157 
f 144/229/158 139/222/158 140/221/158 
f 120/183/133 128/197/133 119/181/133 
f 140/221/159 74/103/159 144/229/159 
f 140/221/160 73/102/160 74/103/160 
f 140/221/161 128/197/161 73/102/161 
f 120/183/161 73/102/161 128/197/161 
f 144/230/162 50/70/162 49/69/162 
f 144/229/163 49/96/163 68/95/163 
f 134/213/164 139/220/164 145/231/164 
f 144/229/165 68/95/165 145/232/165 
f 145/232/166 139/222/166 144/229/166 
f 146/233/167 147/234/167 148/235/167 
f 149/236/168 150/237/168 147/234/168 
f 150/237/169 148/235/169 147/234/169 
f 151/238/170 150/237/170 152/239/170 
f 149/236/171 152/239/171 150/237/171 
f 153/240/172 19/23/172 154/241/172 
f 152/242/173 149/243/173 93/244/173 
f 154/241/174 155/245/174 153/240/174 
f 156/246/175 157/247/175 158/248/175 
f 154/249/176 18/250/176 159/251/176 
f 19/23/177 18/22/177 154/241/177 
f 21/28/178 19/25/178 153/252/178 
f 21/28/179 153/252/179 150/253/179 
f 160/254/180 161/255/180 162/256/180 
f 162/256/181 161/255/181 163/257/181 
f 155/258/182 154/249/182 162/259/182 
f 162/259/183 154/249/183 160/260/183 
f 163/261/184 161/262/184 164/263/184 
f 164/263/185 161/262/185 165/264/185 
f 165/265/186 166/266/186 164/267/186 
f 167/268/187 168/269/187 166/270/187 
f 168/269/188 167/268/188 169/271/188 
f 159/272/189 161/255/189 160/254/189 
f 159/251/190 160/260/190 154/249/190 
f 159/251/191 20/273/191 132/274/191 
f 159/251/192 18/250/192 20/273/192 
f 138/224/193 159/272/193 132/225/193 
f 165/264/194 161/262/194 135/218/194 
f 159/272/195 138/224/195 161/255/195 
f 135/218/196 161/262/196 138/219/196 
f 137/216/197 165/265/197 135/214/197 
f 165/265/198 167/275/198 166/266/198 
f 141/276/199 143/277/199 170/278/199 
f 169/279/200 142/227/200 141/226/200 
f 141/276/201 171/280/201 172/281/201 
f 173/282/202 141/276/202 170/278/202 
f 172/283/203 169/279/203 141/226/203 
f 137/284/204 142/285/204 169/271/204 
f 137/284/205 169/271/205 167/268/205 
f 137/216/206 167/275/206 165/265/206 
f 172/283/207 168/286/207 169/279/207 
f 88/287/208 151/288/208 93/244/208 
f 147/289/209 146/290/209 93/244/209 
f 174/291/210 175/292/210 176/293/210 
f 177/294/211 176/293/211 175/292/211 
f 93/137/212 178/295/212 87/130/212 
f 179/296/213 86/297/213 180/298/213 
f 152/242/214 93/244/214 151/288/214 
f 147/289/215 93/244/215 149/243/215 
f 178/299/209 93/244/209 146/290/209 
f 181/300/216 182/301/216 183/302/216 
f 183/303/217 174/304/217 176/305/217 
f 181/306/218 184/307/218 185/308/218 
f 176/305/219 181/309/219 183/303/219 
f 181/306/220 176/310/220 184/307/220 
f 186/311/221 185/312/221 184/313/221 
f 181/314/222 185/315/222 186/316/222 
f 187/317/223 188/318/223 189/319/223 
f 188/318/224 190/320/224 191/321/224 
f 192/322/225 187/317/225 189/319/225 
f 188/318/226 191/321/226 189/319/226 
f 193/323/227 183/302/227 182/301/227 
f 177/324/228 182/325/228 194/326/228 
f 193/327/229 182/328/229 177/329/229 
f 195/330/230 196/331/230 197/332/230 
f 196/333/231 195/334/231 198/335/231 
f 199/336/232 200/337/232 201/338/232 
f 202/339/233 203/340/233 204/341/233 
f 205/342/234 200/337/234 206/343/234 
f 200/337/235 203/340/235 206/343/235 
f 200/337/236 205/342/236 207/344/236 
f 125/190/237 157/247/237 123/188/237 
f 197/332/238 158/248/238 157/247/238 
f 197/332/239 157/247/239 195/330/239 
f 131/345/240 208/346/240 209/347/240 
f 157/247/140 131/204/140 123/188/140 
f 157/247/241 156/246/241 131/204/241 
f 156/246/242 208/348/242 131/204/242 
f 209/347/243 210/349/243 131/345/243 
f 125/190/244 211/350/244 157/247/244 
f 203/340/245 212/351/245 206/343/245 
f 207/352/246 213/353/246 214/354/246 
f 205/355/247 213/353/247 207/352/247 
f 215/356/248 216/357/248 217/358/248 
f 215/359/249 217/360/249 206/361/249 
f 212/362/250 203/363/250 211/364/250 
f 218/365/251 204/366/251 219/367/251 
f 202/368/252 211/350/252 203/369/252 
f 134/370/253 220/371/253 221/372/253 
f 124/373/254 134/370/254 221/372/254 
f 134/374/255 222/375/255 220/376/255 
f 223/377/256 197/378/256 196/379/256 
f 199/336/257 204/341/257 203/340/257 
f 224/380/258 225/381/258 226/382/258 
f 200/337/259 199/336/259 203/340/259 
f 200/383/260 227/384/260 201/385/260 
f 228/386/261 199/387/261 226/388/261 
f 207/389/262 214/390/262 200/391/262 
f 214/390/263 227/392/263 200/391/263 
f 229/393/264 230/394/264 231/395/264 
f 232/396/265 229/397/265 231/398/265 
f 227/399/266 233/400/266 234/401/266 
f 227/402/267 214/403/267 233/404/267 
f 233/404/268 214/403/268 213/405/268 
f 223/377/269 235/406/269 236/407/269 
f 234/408/270 237/409/270 227/410/270 
f 198/411/271 223/377/271 196/379/271 
f 237/412/272 234/413/272 238/414/272 
f 223/377/273 239/415/273 235/406/273 
f 223/377/274 240/416/274 241/417/274 
f 242/418/275 227/410/275 237/409/275 
f 242/419/276 201/385/276 227/384/276 
f 243/420/277 224/380/277 226/382/277 
f 244/421/278 243/422/278 226/423/278 
f 218/365/279 245/424/279 204/366/279 
f 245/424/280 202/425/280 204/366/280 
f 204/426/281 246/427/281 247/428/281 
f 248/429/282 247/428/282 246/427/282 
f 228/430/283 226/431/283 247/432/283 
f 248/433/284 228/430/284 247/432/284 
f 199/336/285 246/434/285 204/341/285 
f 204/435/286 247/436/286 219/437/286 
f 249/438/287 218/365/287 219/367/287 
f 249/438/288 250/439/288 218/365/288 
f 247/440/289 226/441/289 251/442/289 
f 226/441/290 225/443/290 251/442/290 
f 251/444/291 225/445/291 252/446/291 
f 247/447/292 251/448/292 253/449/292 
f 218/365/293 250/439/293 245/424/293 
f 249/438/294 254/450/294 250/439/294 
f 255/451/295 254/452/295 249/453/295 
f 256/454/296 257/455/296 258/456/296 
f 259/457/297 257/458/297 260/459/297 
f 259/460/298 261/461/298 257/462/298 
f 261/461/299 259/460/299 262/463/299 
f 263/464/300 136/217/300 264/465/300 
f 136/215/301 263/466/301 137/216/301 
f 137/284/302 263/467/302 142/285/302 
f 252/446/303 225/445/303 224/468/303 
f 252/469/304 253/449/304 251/448/304 
f 253/470/305 219/437/305 247/436/305 
f 264/465/306 129/200/306 130/203/306 
f 253/471/307 243/472/307 265/473/307 
f 264/465/308 130/203/308 266/474/308 
f 224/468/309 243/475/309 253/476/309 
f 252/446/310 224/468/310 253/476/310 
f 174/304/311 183/303/311 175/477/311 
f 215/356/312 267/478/312 216/357/312 
f 268/479/313 210/480/313 209/481/313 
f 269/482/314 212/351/314 270/483/314 
f 269/482/315 270/483/315 271/484/315 
f 272/485/316 269/482/316 271/484/316 
f 271/484/317 270/483/317 273/486/317 
f 186/311/318 270/483/318 274/487/318 
f 275/488/319 270/483/319 186/311/319 
f 212/351/320 124/373/320 221/372/320 
f 125/489/321 124/373/321 212/351/321 
f 206/343/322 212/351/322 269/482/322 
f 215/490/323 206/343/323 269/482/323 
f 215/490/324 269/482/324 267/491/324 
f 125/492/325 212/362/325 211/364/325 
f 275/493/326 184/494/326 270/495/326 
f 176/496/327 177/497/327 273/498/327 
f 176/499/328 270/495/328 184/494/328 
f 270/500/329 176/496/329 273/498/329 
f 276/501/330 216/502/330 267/491/330 
f 194/326/331 277/503/331 177/324/331 
f 278/504/332 177/505/332 279/506/332 
f 175/477/333 183/303/333 193/507/333 
f 268/479/334 209/481/334 208/508/334 
f 193/327/335 177/329/335 175/509/335 
f 208/508/336 156/510/336 268/479/336 
f 268/479/337 266/511/337 210/480/337 
f 280/512/338 192/513/338 189/514/338 
f 217/515/339 276/516/339 233/517/339 
f 232/396/340 233/518/340 276/519/340 
f 281/520/341 233/518/341 232/396/341 
f 233/400/342 238/521/342 234/401/342 
f 276/519/343 229/397/343 232/396/343 
f 238/521/344 233/400/344 261/522/344 
f 282/523/345 229/524/345 283/525/345 
f 229/524/346 258/526/346 283/525/346 
f 233/527/347 206/361/347 217/360/347 
f 258/528/348 284/529/348 285/530/348 
f 217/515/349 216/531/349 276/516/349 
f 205/342/350 233/532/350 213/533/350 
f 233/532/351 205/342/351 206/343/351 
f 276/501/352 267/491/352 269/482/352 
f 276/534/353 269/535/353 272/536/353 
f 274/487/354 270/483/354 212/351/354 
f 275/488/355 186/311/355 184/313/355 
f 181/314/356 186/316/356 274/537/356 
f 283/538/357 258/539/357 257/540/357 
f 256/454/358 258/456/358 286/541/358 
f 181/542/359 274/543/359 192/544/359 
f 221/372/360 274/487/360 212/351/360 
f 187/317/361 220/376/361 188/318/361 
f 274/545/362 220/376/362 187/317/362 
f 283/546/363 287/547/363 282/548/363 
f 274/545/364 221/549/364 220/376/364 
f 257/540/365 287/550/365 283/538/365 
f 274/545/366 187/317/366 192/322/366 
f 181/542/367 192/544/367 182/551/367 
f 182/551/368 192/544/368 288/552/368 
f 220/376/369 245/424/369 188/318/369 
f 245/424/370 220/376/370 222/375/370 
f 287/547/371 289/553/371 282/548/371 
f 191/321/372 280/554/372 189/319/372 
f 261/461/373 262/463/373 290/555/373 
f 231/556/374 281/557/374 232/558/374 
f 281/557/375 231/556/375 230/559/375 
f 238/414/376 291/560/376 237/412/376 
f 230/561/377 261/562/377 233/563/377 
f 292/564/378 191/321/378 190/320/378 
f 191/321/379 293/565/379 294/566/379 
f 281/567/380 230/561/380 233/563/380 
f 268/479/381 241/417/381 295/568/381 
f 241/417/382 156/510/382 158/569/382 
f 241/417/383 268/479/383 156/510/383 
f 173/570/384 296/571/384 297/572/384 
f 223/377/385 241/417/385 197/378/385 
f 197/378/386 241/417/386 158/569/386 
f 298/573/274 241/417/274 240/416/274 
f 287/574/387 261/575/387 289/576/387 
f 257/577/388 261/575/388 287/574/388 
f 282/523/389 261/578/389 229/524/389 
f 261/578/390 282/523/390 289/579/390 
f 229/393/391 261/580/391 230/394/391 
f 261/581/392 242/582/392 291/583/392 
f 238/521/393 261/522/393 291/584/393 
f 259/457/394 260/459/394 299/585/394 
f 300/586/395 257/587/395 301/588/395 
f 299/589/396 262/590/396 259/591/396 
f 262/590/397 299/589/397 290/592/397 
f 242/582/398 237/593/398 291/583/398 
f 261/461/399 290/555/399 242/594/399 
f 298/595/400 297/572/400 296/571/400 
f 302/596/401 303/597/401 304/598/401 
f 190/320/402 250/439/402 305/599/402 
f 304/598/403 303/597/403 306/600/403 
f 292/564/404 293/565/404 191/321/404 
f 188/318/405 245/424/405 250/439/405 
f 190/320/406 188/318/406 250/439/406 
f 307/601/407 134/213/407 145/231/407 
f 303/597/408 302/596/408 308/602/408 
f 309/603/409 310/604/409 301/605/409 
f 306/600/410 310/606/410 309/607/410 
f 311/608/411 172/281/411 171/280/411 
f 312/609/412 172/281/412 311/608/412 
f 313/610/413 302/611/413 304/612/413 
f 243/422/414 302/611/414 313/610/414 
f 166/266/415 314/613/415 164/267/415 
f 171/280/416 141/276/416 173/282/416 
f 172/283/417 312/614/417 168/286/417 
f 311/615/418 171/616/418 315/617/418 
f 312/618/419 311/615/419 315/617/419 
f 306/600/420 316/619/420 317/620/420 
f 297/572/421 171/616/421 173/570/421 
f 306/600/422 309/607/422 316/619/422 
f 317/620/423 304/598/423 306/600/423 
f 318/621/424 314/622/424 319/623/424 
f 317/620/425 320/624/425 304/598/425 
f 321/625/426 322/626/426 223/377/426 
f 314/622/427 166/270/427 323/627/427 
f 319/623/428 314/622/428 323/627/428 
f 312/614/429 323/628/429 168/286/429 
f 315/617/430 323/627/430 312/618/430 
f 323/627/431 166/270/431 168/269/431 
f 243/629/432 324/630/432 325/631/432 
f 317/620/433 326/632/433 320/624/433 
f 170/633/434 327/634/434 328/635/434 
f 143/277/435 329/636/435 327/637/435 
f 328/635/436 296/571/436 170/633/436 
f 170/633/437 296/571/437 173/570/437 
f 327/637/438 170/278/438 143/277/438 
f 143/228/439 264/465/439 329/638/439 
f 263/467/440 264/639/440 142/285/440 
f 129/200/441 264/465/441 136/217/441 
f 264/465/442 143/228/442 142/227/442 
f 329/638/443 264/465/443 330/640/443 
f 266/474/444 330/640/444 264/465/444 
f 295/641/445 330/642/445 331/643/445 
f 330/642/446 295/641/446 328/635/446 
f 329/638/447 330/640/447 327/644/447 
f 330/640/448 266/474/448 331/645/448 
f 327/634/449 330/642/449 328/635/449 
f 328/635/450 295/641/450 298/595/450 
f 296/571/451 328/635/451 298/595/451 
f 298/573/381 295/568/381 241/417/381 
f 295/568/452 331/646/452 268/479/452 
f 277/647/453 279/506/453 177/505/453 
f 277/503/454 194/326/454 279/648/454 
f 332/649/455 284/650/455 271/651/455 
f 332/652/456 271/653/456 333/654/456 
f 334/655/457 278/656/457 279/657/457 
f 335/658/458 336/659/458 337/660/458 
f 338/661/459 339/662/459 337/660/459 
f 339/663/460 326/664/460 317/665/460 
f 284/650/461 272/666/461 271/651/461 
f 340/667/462 336/659/462 335/658/462 
f 341/668/463 256/669/463 286/670/463 
f 316/671/464 256/672/464 341/673/464 
f 256/672/465 316/671/465 257/674/465 
f 336/675/466 342/676/466 337/677/466 
f 309/607/467 257/678/467 316/619/467 
f 317/665/468 335/679/468 339/663/468 
f 266/511/452 268/479/452 331/646/452 
f 301/680/469 257/678/469 309/607/469 
f 343/681/470 339/662/470 338/661/470 
f 344/682/471 339/662/471 343/681/471 
f 345/683/472 346/684/472 347/685/472 
f 345/686/473 347/687/473 278/688/473 
f 344/689/474 292/564/474 339/690/474 
f 337/660/475 339/662/475 335/658/475 
f 278/688/476 347/687/476 348/691/476 
f 349/692/477 350/693/477 342/676/477 
f 315/617/478 321/694/478 323/627/478 
f 342/676/479 351/695/479 349/692/479 
f 315/617/480 322/696/480 321/694/480 
f 51/74/481 352/697/481 353/698/481 
f 347/699/482 354/700/482 348/701/482 
f 355/702/483 258/703/483 285/704/483 
f 348/701/484 356/705/484 285/704/484 
f 355/702/485 286/706/485 258/703/485 
f 272/536/486 284/529/486 276/534/486 
f 229/707/487 284/529/487 258/528/487 
f 53/76/481 352/697/481 51/74/481 
f 353/708/488 357/709/488 358/710/488 
f 353/708/489 358/710/489 61/86/489 
f 284/529/490 229/707/490 276/534/490 
f 353/708/491 61/86/491 51/78/491 
f 333/654/492 177/497/492 278/711/492 
f 53/712/493 349/713/493 352/714/493 
f 352/714/494 349/713/494 359/715/494 
f 360/716/494 352/714/494 359/715/494 
f 333/654/495 273/498/495 177/497/495 
f 351/695/496 359/717/496 349/692/496 
f 357/718/497 353/698/497 352/697/497 
f 357/718/498 352/697/498 360/719/498 
f 358/710/499 357/709/499 361/720/499 
f 362/721/500 92/136/500 357/722/500 
f 363/723/501 359/717/501 351/695/501 
f 364/724/502 63/90/502 96/140/502 
f 365/725/503 63/90/503 364/724/503 
f 365/726/504 366/727/504 350/728/504 
f 365/726/505 350/728/505 63/729/505 
f 53/730/506 63/731/506 349/732/506 
f 349/732/507 63/731/507 350/733/507 
f 366/727/508 365/726/508 367/734/508 
f 363/723/509 368/735/509 366/736/509 
f 360/719/510 367/737/510 357/718/510 
f 357/718/511 367/737/511 362/738/511 
f 104/739/512 362/738/512 367/737/512 
f 90/134/513 362/721/513 104/169/513 
f 254/450/514 255/740/514 250/439/514 
f 250/439/515 255/740/515 305/599/515 
f 255/740/516 369/741/516 305/599/516 
f 369/742/517 255/451/517 249/453/517 
f 265/473/518 243/472/518 325/743/518 
f 300/586/519 260/744/519 257/587/519 
f 300/745/520 301/605/520 310/604/520 
f 310/746/521 306/747/521 300/748/521 
f 223/377/426 322/626/426 240/416/426 
f 240/749/522 322/696/522 315/617/522 
f 315/617/523 297/572/523 240/749/523 
f 297/572/524 315/617/524 171/616/524 
f 240/749/525 297/572/525 298/595/525 
f 260/459/526 290/750/526 299/585/526 
f 348/701/527 354/700/527 356/705/527 
f 333/654/528 278/711/528 348/701/528 
f 332/652/529 333/654/529 348/701/529 
f 332/652/530 285/704/530 284/751/530 
f 285/704/531 332/652/531 348/701/531 
f 271/653/532 273/498/532 333/654/532 
f 370/752/533 279/648/533 194/326/533 
f 334/753/534 370/754/534 194/755/534 
f 346/684/535 278/756/535 334/757/535 
f 346/684/536 345/683/536 278/756/536 
f 92/136/537 362/721/537 90/134/537 
f 366/758/538 367/759/538 359/760/538 
f 360/761/539 359/760/539 367/759/539 
f 359/717/540 363/723/540 366/736/540 
f 371/762/541 372/763/541 350/693/541 
f 366/736/542 371/762/542 350/693/542 
f 100/146/543 364/764/543 96/147/543 
f 103/152/544 364/764/544 100/146/544 
f 372/763/545 342/676/545 350/693/545 
f 334/655/546 279/657/546 370/765/546 
f 182/766/547 334/753/547 194/755/547 
f 243/629/548 313/767/548 324/630/548 
f 182/551/549 288/552/549 334/768/549 
f 280/512/550 373/769/550 192/513/550 
f 280/554/551 191/321/551 373/770/551 
f 373/770/552 294/566/552 288/771/552 
f 373/770/553 191/321/553 294/566/553 
f 293/565/554 354/772/554 294/566/554 
f 354/773/555 346/774/555 334/775/555 
f 294/566/556 354/772/556 288/771/556 
f 354/772/557 293/565/557 374/776/557 
f 354/700/558 347/699/558 375/777/558 
f 354/700/559 374/778/559 356/705/559 
f 346/684/560 375/779/560 347/685/560 
f 354/773/561 375/780/561 346/774/561 
f 337/677/562 372/763/562 338/781/562 
f 337/677/563 342/676/563 372/763/563 
f 338/782/564 372/783/564 371/784/564 
f 288/552/565 354/785/565 334/768/565 
f 368/735/566 371/762/566 366/736/566 
f 288/786/567 192/513/567 373/769/567 
f 364/764/568 103/152/568 105/154/568 
f 105/787/569 367/737/569 365/725/569 
f 290/750/570 260/459/570 242/788/570 
f 105/787/571 365/725/571 364/724/571 
f 105/787/572 104/739/572 367/737/572 
f 260/789/573 303/597/573 242/419/573 
f 308/790/574 201/791/574 303/792/574 
f 308/790/575 376/793/575 201/791/575 
f 336/794/576 340/795/576 342/796/576 
f 377/797/462 340/667/462 335/658/462 
f 300/748/577 306/747/577 260/798/577 
f 242/419/578 303/597/578 201/385/578 
f 316/619/579 355/702/579 285/704/579 
f 316/619/580 341/799/580 355/702/580 
f 356/705/581 316/619/581 285/704/581 
f 316/619/582 356/705/582 317/620/582 
f 260/789/583 306/600/583 303/597/583 
f 302/611/584 243/422/584 244/421/584 
f 376/800/585 308/801/585 244/802/585 
f 302/803/585 244/802/585 308/801/585 
f 305/599/586 292/564/586 190/320/586 
f 292/564/587 305/599/587 378/804/587 
f 305/599/588 369/741/588 378/804/588 
f 324/805/589 379/806/589 380/807/589 
f 313/808/590 379/806/590 324/805/590 
f 341/668/591 286/670/591 355/809/591 
f 377/810/592 335/811/592 317/812/592 
f 381/813/593 351/814/593 340/795/593 
f 340/795/594 351/814/594 342/796/594 
f 340/667/595 377/797/595 381/815/595 
f 356/816/596 377/810/596 317/812/596 
f 374/778/597 377/817/597 356/705/597 
f 381/813/598 363/818/598 351/814/598 
f 380/807/599 265/819/599 325/820/599 
f 380/807/600 325/820/600 324/805/600 
f 344/682/601 343/681/601 382/821/601 
f 380/822/602 379/823/602 265/824/602 
f 265/824/603 379/823/603 253/825/603 
f 344/689/474 293/565/474 292/564/474 
f 383/826/604 313/827/604 384/828/604 
f 383/826/605 379/829/605 313/827/605 
f 292/564/606 320/830/606 326/831/606 
f 378/804/607 320/830/607 292/564/607 
f 385/832/608 249/453/608 219/833/608 
f 379/834/609 383/835/609 320/836/609 
f 320/837/610 385/838/610 379/839/610 
f 249/453/608 385/832/608 369/742/608 
f 385/838/611 253/470/611 379/839/611 
f 385/840/612 378/804/612 369/741/612 
f 339/663/613 292/841/613 326/664/613 
f 386/842/614 383/843/614 384/844/614 
f 385/838/615 219/437/615 253/470/615 
f 385/840/616 320/830/616 378/804/616 
f 382/845/617 363/846/617 381/847/617 
f 344/848/618 381/849/618 377/850/618 
f 382/851/619 381/849/619 344/848/619 
f 344/852/620 374/778/620 293/853/620 
f 344/852/621 377/817/621 374/778/621 
f 368/854/622 343/855/622 371/784/622 
f 338/782/623 371/784/623 343/855/623 
f 343/855/624 368/854/624 382/856/624 
f 382/845/625 368/857/625 363/846/625 
f 387/858/626 304/859/626 320/860/626 
f 320/860/627 386/842/627 387/858/627 
f 387/861/628 313/862/628 304/863/628 
f 387/861/629 384/864/629 313/862/629 
f 387/858/630 386/842/630 384/844/630 
f 320/836/631 383/835/631 386/865/631 
f 27/37/632 29/39/632 34/46/632 
f 39/57/30 27/52/30 26/50/30 
f 388/866/633 389/867/633 390/868/633 
f 391/869/634 392/870/634 393/871/634 
f 391/869/635 393/871/635 389/872/635 
f 391/873/636 389/867/636 394/874/636 
f 395/875/637 396/876/637 391/873/637 
f 395/875/638 391/873/638 394/874/638 
f 395/877/639 397/878/639 396/879/639 
f 389/867/640 398/880/640 394/874/640 
f 399/881/641 398/882/641 388/883/641 
f 400/884/642 401/885/642 402/886/642 
f 403/887/643 400/884/643 404/888/643 
f 398/889/644 405/890/644 394/891/644 
f 398/889/645 399/892/645 405/890/645 
f 406/893/646 405/894/646 399/895/646 
f 401/885/647 400/884/647 406/896/647 
f 407/897/648 400/884/648 408/898/648 
f 409/899/649 410/900/649 409/899/649 
f 411/901/650 409/899/650 410/900/650 
f 412/902/651 357/709/651 108/903/651 
f 92/904/652 108/903/652 357/709/652 
f 398/880/653 389/867/653 388/866/653 
f 399/895/654 401/905/654 406/893/654 
f 413/906/655 401/885/655 414/907/655 
f 415/908/656 91/135/656 90/134/656 
f 109/160/657 361/720/657 416/909/657 
f 109/160/658 358/710/658 361/720/658 
f 109/160/659 61/86/659 358/710/659 
f 60/85/660 109/160/660 54/79/660 
f 109/160/661 60/85/661 61/86/661 
f 417/910/662 418/911/662 419/912/662 
f 418/913/663 420/914/663 94/915/663 
f 418/913/664 94/915/664 52/916/664 
f 421/917/665 418/918/665 109/160/665 
f 109/160/666 418/918/666 52/77/666 
f 421/917/667 419/919/667 418/918/667 
f 422/920/668 423/921/668 424/922/668 
f 62/923/669 422/924/669 424/925/669 
f 62/87/670 424/922/670 423/921/670 
f 58/88/671 62/87/671 423/921/671 
f 425/926/672 43/927/672 42/928/672 
f 413/906/673 426/929/673 401/885/673 
f 427/930/674 428/931/674 429/931/674 
f 430/932/642 401/885/642 426/929/642 
f 431/933/675 429/934/675 428/934/675 
f 401/885/676 432/935/676 414/907/676 
f 416/909/677 427/936/677 433/937/677 
f 434/938/678 435/939/678 419/912/678 
f 429/931/679 434/938/679 427/930/679 
f 419/912/680 427/930/680 434/938/680 
f 433/937/681 427/936/681 419/919/681 
f 436/940/682 433/937/682 419/919/682 
f 429/934/683 431/933/683 434/941/683 
f 431/933/684 435/942/684 434/941/684 
f 436/940/685 419/919/685 421/917/685 
f 5/5/686 437/943/686 6/6/686 
f 6/6/687 437/943/687 401/885/687 
f 432/935/686 401/885/686 437/943/686 
f 417/910/688 419/912/688 435/939/688 
f 426/944/689 413/945/689 438/946/689 
f 109/160/690 436/940/690 421/917/690 
f 433/937/691 436/940/691 109/160/691 
f 433/937/692 109/160/692 416/909/692 
f 432/947/693 437/948/693 102/949/693 
f 99/155/694 101/950/694 5/951/694 
f 439/952/695 408/898/695 400/884/695 
f 440/953/696 408/954/696 441/955/696 
f 442/956/697 443/957/697 441/958/697 
f 403/887/698 439/952/698 400/884/698 
f 417/959/699 435/960/699 422/920/699 
f 404/888/700 400/884/700 402/886/700 
f 430/932/648 402/886/648 401/885/648 
f 403/961/701 444/962/701 439/963/701 
f 444/962/702 441/955/702 439/963/702 
f 445/964/703 422/920/703 435/960/703 
f 446/965/704 447/966/704 427/930/704 
f 402/967/705 448/968/705 449/969/705 
f 430/970/705 448/968/705 402/967/705 
f 431/933/706 450/971/706 435/942/706 
f 451/972/707 435/942/707 450/971/707 
f 451/972/708 445/973/708 435/942/708 
f 451/972/709 450/971/709 452/974/709 
f 441/975/710 443/976/710 440/977/710 
f 453/978/711 440/977/711 443/976/711 
f 423/921/712 422/920/712 454/979/712 
f 423/921/713 454/979/713 58/88/713 
f 445/964/714 455/980/714 454/979/714 
f 422/920/715 445/964/715 454/979/715 
f 456/981/716 454/979/716 455/980/716 
f 457/982/717 458/983/717 459/984/717 
f 42/928/672 458/985/672 425/926/672 
f 460/986/718 458/983/718 457/982/718 
f 461/987/719 458/983/719 460/986/719 
f 460/988/720 457/989/720 452/974/720 
f 407/990/721 462/991/721 400/992/721 
f 463/993/722 458/983/722 464/994/722 
f 462/995/723 465/996/723 466/997/723 
f 407/998/724 408/999/724 462/1000/724 
f 440/1001/725 462/1000/725 408/999/725 
f 462/1000/726 440/1001/726 465/1002/726 
f 439/963/727 441/955/727 408/954/727 
f 459/984/728 458/983/728 451/1003/728 
f 467/1004/729 468/1005/729 453/978/729 
f 458/983/730 469/1006/730 451/1003/730 
f 469/1006/728 458/983/728 470/1007/728 
f 440/977/731 453/978/731 468/1005/731 
f 456/1008/732 455/1009/732 469/1010/732 
f 447/1011/733 456/1008/733 470/1012/733 
f 451/972/706 469/1010/706 445/973/706 
f 451/972/734 452/974/734 459/1013/734 
f 459/1013/735 452/974/735 457/989/735 
f 461/1014/736 460/1015/736 471/1016/736 
f 410/900/737 409/899/737 443/957/737 
f 447/1011/738 472/1017/738 431/933/738 
f 428/934/739 447/1011/739 431/933/739 
f 455/1009/707 445/973/707 469/1010/707 
f 452/1018/736 471/1016/736 460/1015/736 
f 42/1019/740 56/1020/740 458/1021/740 
f 464/1022/741 458/1021/741 56/1020/741 
f 473/1023/742 410/900/742 442/956/742 
f 443/957/650 442/956/650 410/900/650 
f 444/962/743 442/1024/743 441/955/743 
f 474/1025/744 475/1026/744 476/1027/744 
f 39/57/745 476/1027/745 27/52/745 
f 393/871/746 475/1026/746 474/1025/746 
f 393/871/747 474/1025/747 389/872/747 
f 474/1025/748 476/1027/748 39/57/748 
f 389/872/749 474/1025/749 390/1028/749 
f 39/57/750 37/54/750 390/1028/750 
f 474/1025/751 39/57/751 390/1028/751 
f 477/1029/752 27/37/752 476/1030/752 
f 477/1029/753 28/38/753 27/37/753 
f 32/43/754 28/45/754 477/1031/754 
f 478/1032/755 32/43/755 477/1031/755 
f 36/68/756 479/1033/756 33/120/756 
f 33/120/757 479/1033/757 79/117/757 
f 480/1034/758 479/1033/758 36/68/758 
f 480/1035/759 84/127/759 479/1036/759 
f 479/1036/760 84/127/760 79/124/760 
f 48/67/761 480/1034/761 36/68/761 
f 48/1037/762 50/101/762 480/1035/762 
f 84/127/763 480/1035/763 72/100/763 
f 480/1035/764 50/101/764 72/100/764 
f 392/870/765 475/1026/765 393/871/765 
f 416/909/766 361/720/766 412/902/766 
f 475/1026/767 392/870/767 481/1038/767 
f 397/1039/768 481/1038/768 392/870/768 
f 481/1038/769 397/1039/769 482/1040/769 
f 450/1041/770 431/1042/770 483/1043/770 
f 452/1044/770 450/1041/770 484/1045/770 
f 472/1046/770 483/1043/770 431/1042/770 
f 485/1047/770 486/1048/770 472/1046/770 
f 428/931/771 427/930/771 447/966/771 
f 416/909/772 412/902/772 427/936/772 
f 59/1049/773 58/88/773 454/979/773 
f 396/1050/774 397/1039/774 392/870/774 
f 391/869/775 396/1050/775 392/870/775 
f 487/1051/776 488/1052/776 482/1053/776 
f 411/1054/777 488/1052/777 487/1051/777 
f 488/1052/778 489/1055/778 482/1053/778 
f 489/1055/779 481/1056/779 482/1053/779 
f 456/981/780 447/1057/780 454/979/780 
f 490/1058/781 491/1059/781 463/993/781 
f 470/1007/781 463/993/781 491/1059/781 
f 463/993/782 470/1007/782 458/983/782 
f 469/1010/783 470/1012/783 456/1008/783 
f 464/1060/784 56/1061/784 55/1062/784 
f 463/1063/785 55/1062/785 71/105/785 
f 464/1060/786 55/1062/786 463/1063/786 
f 472/1017/787 470/1012/787 491/1064/787 
f 492/1065/788 446/965/788 412/1066/788 
f 488/1067/789 411/901/789 410/900/789 
f 489/1055/790 493/1068/790 481/1056/790 
f 481/1056/791 493/1068/791 475/1069/791 
f 494/1070/792 410/900/792 495/1071/792 
f 488/1072/793 410/1073/793 489/1074/793 
f 493/1075/794 489/1074/794 410/1073/794 
f 493/1075/795 410/1073/795 478/1032/795 
f 476/1030/796 478/1076/796 477/1029/796 
f 476/1030/797 475/1069/797 478/1076/797 
f 478/1076/798 475/1069/798 493/1068/798 
f 410/1073/799 35/48/799 32/43/799 
f 35/48/800 410/1073/800 494/1077/800 
f 410/1073/801 32/43/801 478/1032/801 
f 470/1012/738 472/1017/738 447/1011/738 
f 496/1078/802 485/1079/802 490/1080/802 
f 491/1064/787 485/1081/787 472/1017/787 
f 57/1082/803 59/1049/803 454/979/803 
f 57/1082/804 454/979/804 497/1083/804 
f 446/1084/805 454/979/805 447/1057/805 
f 497/1085/806 64/1086/806 57/1087/806 
f 446/1088/807 497/1085/807 498/1089/807 
f 498/1090/808 497/1083/808 454/979/808 
f 446/1084/809 498/1090/809 454/979/809 
f 427/930/810 412/1066/810 446/965/810 
f 357/709/499 412/902/499 361/720/499 
f 499/1091/811 412/1092/811 108/159/811 
f 420/1093/812 500/1094/812 501/1095/812 
f 444/962/813 403/961/813 449/969/813 
f 404/1096/814 402/967/814 449/969/814 
f 414/1097/815 438/946/815 413/945/815 
f 426/944/816 438/946/816 430/1098/816 
f 448/1099/817 430/1098/817 438/946/817 
f 102/949/818 438/946/818 432/947/818 
f 414/1097/818 432/947/818 438/946/818 
f 101/950/819 102/949/819 437/948/819 
f 437/948/820 5/951/820 101/950/820 
f 438/1100/821 102/150/821 87/130/821 
f 448/1101/822 87/130/822 449/1102/822 
f 404/1096/823 449/969/823 403/961/823 
f 87/130/824 444/1103/824 449/1102/824 
f 87/130/825 448/1101/825 438/1100/825 
f 418/911/826 500/1094/826 420/1093/826 
f 417/910/827 500/1094/827 418/911/827 
f 422/924/828 500/1104/828 417/1105/828 
f 452/1044/770 484/1045/770 471/1106/770 
f 502/1107/829 503/1108/829 504/1109/829 
f 505/1110/830 502/1111/830 504/1112/830 
f 503/1108/831 44/1113/831 66/1114/831 
f 503/1115/832 66/1116/832 81/125/832 
f 505/1110/833 504/1112/833 503/1115/833 
f 67/111/834 77/110/834 69/1117/834 
f 500/1104/835 422/924/835 502/1107/835 
f 506/1118/836 484/1119/836 507/1120/836 
f 503/1108/837 502/1107/837 422/924/837 
f 503/1108/838 422/924/838 62/923/838 
f 62/923/839 44/1113/839 503/1108/839 
f 425/1121/840 77/1122/840 80/1123/840 
f 458/983/841 508/1124/841 425/1121/841 
f 509/1125/842 425/1121/842 508/1124/842 
f 510/1126/843 511/1127/843 77/1122/843 
f 510/1126/844 425/1121/844 509/1125/844 
f 77/1122/841 425/1121/841 510/1126/841 
f 77/1122/841 511/1127/841 512/1128/841 
f 510/1129/845 509/1130/845 513/1131/845 
f 511/1132/846 510/1129/846 484/1119/846 
f 512/1128/718 514/1133/718 77/1122/718 
f 509/1130/847 508/1134/847 515/1135/847 
f 471/1016/848 515/1135/848 508/1134/848 
f 515/1135/845 513/1131/845 509/1130/845 
f 506/1118/849 511/1132/849 484/1119/849 
f 513/1131/846 484/1119/846 510/1129/846 
f 516/1136/850 517/1137/850 518/1138/850 
f 516/1136/851 494/1070/851 517/1137/851 
f 516/1139/852 46/65/852 35/48/852 
f 35/48/853 494/1077/853 516/1139/853 
f 517/1137/854 494/1070/854 519/1140/854 
f 406/893/855 520/1141/855 405/894/855 
f 520/1142/856 406/896/856 521/1143/856 
f 520/1144/857 522/1145/857 523/1146/857 
f 520/1144/858 521/1147/858 522/1145/858 
f 397/878/859 395/877/859 523/1146/859 
f 511/1148/860 506/1149/860 512/1150/860 
f 400/884/861 521/1143/861 406/896/861 
f 65/1151/862 425/926/862 80/1152/862 
f 521/1153/863 400/1154/863 522/1155/863 
f 43/927/864 425/926/864 65/1151/864 
f 466/997/865 522/1155/865 400/1154/865 
f 505/1110/866 524/1156/866 502/1111/866 
f 525/1157/867 524/1156/867 505/1110/867 
f 526/1158/868 466/1159/868 527/1160/868 
f 465/1002/869 527/1160/869 466/1159/869 
f 528/1161/718 77/1122/718 529/1162/718 
f 530/1163/870 500/1094/870 524/1164/870 
f 466/1159/871 526/1158/871 522/1165/871 
f 500/1094/872 530/1163/872 501/1095/872 
f 502/1111/873 524/1156/873 500/1166/873 
f 508/1124/874 458/983/874 461/987/874 
f 514/1133/718 531/1167/718 77/1122/718 
f 529/1162/875 77/1122/875 531/1167/875 
f 532/1168/876 533/1169/876 514/1170/876 
f 483/1171/877 528/1172/877 534/1173/877 
f 506/1149/860 507/1174/860 512/1150/860 
f 514/1175/860 512/1150/860 507/1174/860 
f 461/1014/878 471/1016/878 508/1134/878 
f 532/1168/836 507/1120/836 484/1119/836 
f 507/1120/879 532/1168/879 514/1170/879 
f 531/1176/880 514/1170/880 533/1169/880 
f 531/1177/881 533/1178/881 529/1179/881 
f 529/1179/881 533/1178/881 534/1173/881 
f 529/1179/877 534/1173/877 528/1172/877 
f 533/1180/770 532/1181/770 450/1041/770 
f 534/1182/770 533/1180/770 450/1041/770 
f 483/1043/770 534/1182/770 450/1041/770 
f 486/1048/770 483/1043/770 472/1046/770 
f 532/1181/770 484/1045/770 450/1041/770 
f 515/1183/770 471/1106/770 484/1045/770 
f 513/1184/770 515/1183/770 484/1045/770 
f 535/1185/882 236/407/882 235/406/882 
f 535/1186/883 536/1187/883 236/1188/883 
f 537/1189/884 236/1188/884 536/1187/884 
f 499/1091/885 108/159/885 415/908/885 
f 114/166/886 415/908/886 90/134/886 
f 537/1190/887 538/1191/887 321/625/887 
f 539/1192/888 321/625/888 538/1191/888 
f 91/135/889 415/908/889 108/159/889 
f 540/1193/770 486/1048/770 541/1194/770 
f 541/1194/770 486/1048/770 542/1195/770 
f 542/1195/770 486/1048/770 543/1196/770 
f 486/1048/770 544/1197/770 543/1196/770 
f 486/1048/770 496/1198/770 544/1197/770 
f 496/1198/770 486/1048/770 485/1047/770 
f 71/105/890 76/107/890 463/1063/890 
f 76/1199/891 545/1200/891 463/993/891 
f 546/1201/892 545/1200/892 76/1199/892 
f 547/1202/893 463/993/893 545/1200/893 
f 490/1058/781 463/993/781 547/1202/781 
f 548/1203/894 549/1204/894 1/1205/894 
f 548/1203/895 1/1205/895 492/1206/895 
f 446/1088/896 492/1206/896 1/1205/896 
f 321/625/897 539/1192/897 453/978/897 
f 467/1004/898 453/978/898 539/1192/898 
f 466/1207/899 400/992/899 462/991/899 
f 465/1002/900 550/1208/900 527/1160/900 
f 551/1209/901 527/1160/901 550/1208/901 
f 527/1210/902 552/1211/902 148/235/902 
f 553/1212/903 148/235/903 554/1213/903 
f 555/1214/904 527/1210/904 556/1215/904 
f 551/1216/905 556/1215/905 527/1210/905 
f 554/1213/902 148/235/902 552/1211/902 
f 557/1217/905 148/235/905 553/1212/905 
f 552/1211/906 527/1210/906 536/1218/906 
f 536/1218/907 527/1210/907 555/1214/907 
f 557/1217/167 146/233/167 148/235/167 
f 538/1219/908 555/1220/908 539/1221/908 
f 539/1221/909 555/1220/909 467/1222/909 
f 556/1223/910 467/1222/910 555/1220/910 
f 556/1223/911 465/1002/911 468/1224/911 
f 556/1223/912 550/1208/912 465/1002/912 
f 556/1223/913 551/1209/913 550/1208/913 
f 538/1219/914 537/1189/914 555/1220/914 
f 536/1187/914 555/1220/914 537/1189/914 
f 558/1225/915 535/1226/915 495/1071/915 
f 468/1224/916 467/1222/916 556/1223/916 
f 468/1224/725 465/1002/725 440/1001/725 
f 473/1023/917 559/1227/917 410/900/917 
f 473/1228/918 560/1229/918 559/1230/918 
f 239/1231/919 198/335/919 195/334/919 
f 198/411/920 239/415/920 223/377/920 
f 561/1232/921 549/1233/921 546/1234/921 
f 548/1235/922 545/1236/922 549/1233/922 
f 544/1237/923 547/1238/923 492/1239/923 
f 545/1236/924 548/1235/924 547/1238/924 
f 562/1240/925 563/1241/925 564/1242/925 
f 563/1241/926 559/1230/926 560/1229/926 
f 557/1243/927 178/299/927 146/290/927 
f 553/1244/928 178/299/928 557/1243/928 
f 553/1244/929 554/1245/929 565/1246/929 
f 566/1247/930 565/1246/930 554/1245/930 
f 552/1248/931 566/1247/931 554/1245/931 
f 535/1186/932 558/1249/932 564/1242/932 
f 536/1187/933 535/1186/933 564/1242/933 
f 558/1249/934 562/1240/934 564/1242/934 
f 496/1078/935 490/1080/935 544/1237/935 
f 547/1238/935 544/1237/935 490/1080/935 
f 491/1250/802 490/1080/802 485/1079/802 
f 546/1234/936 549/1233/936 545/1236/936 
f 548/1235/924 492/1239/924 547/1238/924 
f 561/1232/937 542/1251/937 567/1252/937 
f 568/1253/938 492/1065/938 412/1066/938 
f 155/245/939 569/1254/939 153/240/939 
f 150/1255/940 569/1256/940 148/1257/940 
f 569/1256/941 150/1255/941 153/1258/941 
f 526/1259/942 570/1260/942 522/1261/942 
f 571/1262/943 570/1263/943 569/1254/943 
f 314/613/944 318/1264/944 164/267/944 
f 319/623/945 570/1260/945 572/1265/945 
f 573/1266/946 499/1267/946 567/1268/946 
f 573/1266/947 568/1253/947 499/1267/947 
f 568/1253/948 412/1066/948 499/1267/948 
f 542/1251/921 543/1269/921 567/1252/921 
f 546/1234/949 542/1251/949 561/1232/949 
f 573/1270/949 567/1252/949 543/1269/949 
f 543/1269/950 544/1237/950 492/1239/950 
f 573/1270/951 543/1269/951 568/1271/951 
f 568/1271/952 543/1269/952 492/1239/952 
f 3/3/953 525/1157/953 505/1110/953 
f 77/110/834 75/1272/834 69/1117/834 
f 574/1273/954 76/1199/954 575/1274/954 
f 576/1275/955 575/1274/955 75/1276/955 
f 577/1277/956 76/1199/956 574/1273/956 
f 575/1274/954 76/1199/954 75/1276/954 
f 77/1122/957 528/1161/957 75/1276/957 
f 578/1278/958 75/1276/958 528/1161/958 
f 576/1275/957 75/1276/957 578/1278/957 
f 528/1172/959 483/1171/959 578/1279/959 
f 572/1265/960 570/1260/960 571/1280/960 
f 570/1260/961 579/1281/961 148/1257/961 
f 577/1277/891 546/1201/891 76/1199/891 
f 486/1282/959 578/1279/959 483/1171/959 
f 579/1281/962 570/1260/962 526/1259/962 
f 578/1279/963 486/1282/963 576/1283/963 
f 527/1210/964 579/1284/964 526/1285/964 
f 541/1286/965 574/1287/965 540/1288/965 
f 541/1286/966 577/1289/966 574/1287/966 
f 155/245/967 571/1262/967 569/1254/967 
f 525/1290/968 580/1291/968 524/1164/968 
f 148/235/969 579/1284/969 527/1210/969 
f 577/1289/970 541/1286/970 546/1234/970 
f 530/1163/971 524/1164/971 580/1291/971 
f 580/1292/972 112/164/972 530/1293/972 
f 575/1294/973 576/1283/973 540/1295/973 
f 580/1291/974 525/1290/974 114/1296/974 
f 113/165/975 580/1292/975 114/1297/975 
f 580/1292/976 113/165/976 112/164/976 
f 549/1204/977 561/1298/977 1/1205/977 
f 486/1282/978 540/1295/978 576/1283/978 
f 575/1299/965 540/1288/965 574/1287/965 
f 546/1234/970 541/1286/970 542/1251/970 
f 561/1300/979 499/1267/979 525/1290/979 
f 567/1268/980 499/1267/980 561/1300/980 
f 3/3/981 2/2/981 525/1157/981 
f 497/1085/982 1/1205/982 64/1086/982 
f 1/1205/983 497/1085/983 446/1088/983 
f 525/1301/984 1/1205/984 561/1298/984 
f 2/1302/985 1/1205/985 525/1301/985 
f 114/166/986 499/1091/986 415/908/986 
f 90/134/987 104/169/987 114/166/987 
f 499/1267/988 114/1296/988 525/1290/988 
f 420/914/989 115/1303/989 94/915/989 
f 115/1303/990 95/1304/990 94/915/990 
f 505/1110/991 81/125/991 3/3/991 
f 505/1110/992 503/1115/992 81/125/992 
f 115/1305/993 501/1095/993 581/1306/993 
f 501/1095/994 115/1305/994 420/1093/994 
f 581/1307/995 501/1308/995 112/164/995 
f 501/1308/996 530/1293/996 112/164/996 
f 103/152/997 581/1307/997 112/164/997 
f 103/152/998 115/170/998 581/1307/998 
f 115/170/999 98/148/999 95/1309/999 
f 318/1310/1000 163/261/1000 164/263/1000 
f 571/1311/1001 155/258/1001 572/1312/1001 
f 162/259/1002 572/1312/1002 155/258/1002 
f 318/1310/1003 319/1313/1003 163/261/1003 
f 572/1265/1004 162/256/1004 319/623/1004 
f 162/256/1005 163/257/1005 319/623/1005 
f 570/1260/1006 148/1257/1006 569/1256/1006 
f 523/1314/1007 405/894/1007 520/1141/1007 
f 522/1261/1008 582/1315/1008 487/1316/1008 
f 522/1261/1009 487/1316/1009 523/1317/1009 
f 523/1318/1010 395/1319/1010 394/891/1010 
f 523/1318/1011 394/891/1011 405/890/1011 
f 397/1320/1012 523/1317/1012 482/1321/1012 
f 523/1317/1013 487/1316/1013 482/1321/1013 
f 487/1051/1014 582/1322/1014 411/1054/1014 
f 582/1322/1015 409/1323/1015 411/1054/1015 
f 582/1322/1016 583/1324/1016 409/1323/1016 
f 409/1323/1017 582/1322/1017 409/1323/1017 
f 583/1324/1018 443/976/1018 409/1323/1018 
f 558/1225/1019 495/1071/1019 562/1325/1019 
f 563/1326/1020 495/1071/1020 559/1227/1020 
f 519/1140/1021 495/1071/1021 584/1327/1021 
f 494/1070/1022 495/1071/1022 519/1140/1022 
f 235/1328/1023 495/1071/1023 535/1226/1023 
f 563/1326/1020 562/1325/1020 495/1071/1020 
f 410/900/1024 559/1227/1024 495/1071/1024 
f 211/350/1025 584/1329/1025 195/330/1025 
f 157/247/244 211/350/244 195/330/244 
f 195/334/1026 495/1071/1026 235/1328/1026 
f 495/1071/1027 195/334/1027 584/1327/1027 
f 195/334/1028 235/1328/1028 239/1231/1028 
f 560/1229/925 564/1242/925 563/1241/925 
f 442/1330/1029 560/1229/1029 473/1228/1029 
f 442/1024/1030 444/962/1030 560/1331/1030 
f 565/1246/1031 178/299/1031 553/1244/1031 
f 536/1187/1032 564/1242/1032 566/1247/1032 
f 552/1248/1033 536/1187/1033 566/1247/1033 
f 444/1103/824 87/130/824 560/1332/824 
f 564/1333/1034 560/1332/1034 87/130/1034 
f 564/1333/1035 87/130/1035 566/1334/1035 
f 87/130/1035 178/295/1035 565/1335/1035 
f 87/130/1036 565/1335/1036 566/1334/1036 
f 519/1140/1037 584/1327/1037 585/1336/1037 
f 517/1137/1038 585/1336/1038 586/1337/1038 
f 519/1140/1039 585/1336/1039 517/1137/1039 
f 518/1138/1040 517/1137/1040 586/1337/1040 
f 222/1338/1041 202/368/1041 245/1339/1041 
f 222/1338/1042 587/1340/1042 202/368/1042 
f 202/368/1043 587/1340/1043 211/350/1043 
f 585/1341/1044 584/1329/1044 587/1340/1044 
f 586/1342/1045 587/1340/1045 222/1338/1045 
f 585/1341/1046 587/1340/1046 586/1342/1046 
f 584/1329/1047 211/350/1047 587/1340/1047 
f 222/1338/1048 134/213/1048 307/601/1048 
f 588/1343/1049 248/433/1049 246/1344/1049 
f 248/433/1050 588/1343/1050 228/430/1050 
f 228/386/1051 588/1345/1051 199/387/1051 
f 246/434/1052 199/336/1052 588/1346/1052 
f 244/421/1053 226/423/1053 199/1347/1053 
f 376/1348/1054 199/336/1054 201/338/1054 
f 376/1348/1055 244/1349/1055 199/336/1055 
f 223/377/1056 236/407/1056 321/625/1056 
f 537/1190/1057 321/625/1057 236/407/1057 
f 443/976/1058 583/1324/1058 453/978/1058 
f 319/623/1059 583/1350/1059 570/1260/1059 
f 583/1350/1060 319/623/1060 453/1351/1060 
f 323/627/1061 321/694/1061 453/1351/1061 
f 323/627/1062 453/1351/1062 319/623/1062 
f 522/1261/1063 570/1260/1063 583/1350/1063 
f 522/1261/1064 583/1350/1064 582/1315/1064 
f 307/1352/1065 518/1138/1065 586/1337/1065 
f 307/601/1066 586/1342/1066 222/1338/1066 
f 589/1353/1067 22/29/1067 38/1354/1067 
f 589/1355/1068 38/1356/1068 45/1357/1068 
f 22/29/1069 589/1353/1069 26/50/1069 
f 590/1358/1070 22/1359/1070 15/1360/1070 
f 590/1358/1071 10/1361/1071 22/1359/1071 
f 38/55/1072 10/10/1072 6/12/1072 
f 401/885/1073 45/1357/1073 6/6/1073 
f 45/1357/1074 38/1356/1074 6/6/1074 
f 45/64/1075 401/905/1075 399/895/1075 
f 26/50/1076 589/1353/1076 45/64/1076 
f 388/866/1077 390/868/1077 25/1362/1077 
f 37/1363/1078 25/1362/1078 390/868/1078 
f 24/63/1079 45/64/1079 399/895/1079 
f 24/34/1080 399/881/1080 388/883/1080 
f 25/35/1081 24/34/1081 388/883/1081 
f 131/208/1082 591/1364/1082 133/209/1082 
f 122/1365/1083 592/1366/1083 591/1364/1083 
f 122/1365/1084 591/1364/1084 131/208/1084 
f 131/345/1085 210/349/1085 122/1367/1085 
f 593/1368/1086 122/1367/1086 210/349/1086 
f 593/1369/1087 121/184/1087 122/186/1087 
f 592/1370/1088 122/186/1088 89/185/1088 
f 180/298/1089 85/1371/1089 594/1372/1089 
f 594/1372/1090 85/1371/1090 595/1373/1090 
f 121/184/1091 595/1373/1091 85/1371/1091 
f 133/211/1092 591/1374/1092 130/206/1092 
f 13/17/1093 4/156/1093 7/15/1093 
f 5/951/1094 4/156/1094 99/155/1094 
f 592/1375/1095 593/1376/1095 591/1374/1095 
f 210/480/1096 591/1374/1096 593/1376/1096 
f 591/1374/1097 266/511/1097 130/206/1097 
f 591/1374/1098 210/480/1098 266/511/1098 
f 595/1377/1099 596/1378/1099 21/32/1099 
f 596/1378/1100 597/1379/1100 21/32/1100 
f 597/1379/1101 590/1380/1101 21/32/1101 
f 594/1381/1102 21/32/1102 180/1382/1102 
f 595/1377/1103 21/32/1103 594/1381/1103 
f 180/1382/1104 21/32/1104 179/1383/1104 
f 150/237/1105 598/1384/1105 21/32/1105 
f 179/1383/1101 21/32/1101 598/1384/1101 
f 598/1384/1106 150/237/1106 599/1385/1106 
f 599/1385/1107 150/237/1107 600/1386/1107 
f 21/32/1108 590/1380/1108 15/33/1108 
f 601/1387/1109 590/1380/1109 97/1388/1109 
f 602/1389/1110 590/1380/1110 601/1387/1110 
f 597/1379/1111 603/1390/1111 590/1380/1111 
f 97/1388/1110 590/1380/1110 603/1390/1110 
f 600/1386/1112 150/237/1112 151/238/1112 
f 590/1358/1113 602/1391/1113 604/1392/1113 
f 10/1361/1114 590/1358/1114 11/1393/1114 
f 604/1392/1115 11/1393/1115 590/1358/1115 
f 11/11/1116 601/1394/1116 14/18/1116 
f 602/1395/1117 601/1394/1117 604/1396/1117 
f 11/11/1118 604/1396/1118 601/1394/1118 
f 97/141/1119 603/1397/1119 89/142/1119 
f 601/1394/1120 97/141/1120 14/18/1120 
f 597/1398/1121 592/1370/1121 603/1399/1121 
f 89/185/1122 603/1399/1122 592/1370/1122 
f 596/1400/1123 592/1370/1123 597/1398/1123 
f 592/1370/1124 596/1400/1124 593/1369/1124 
f 121/184/1125 593/1369/1125 596/1400/1125 
f 596/1400/1126 595/1373/1126 121/184/1126 
f 85/1371/1127 180/298/1127 86/297/1127 
f 179/296/1128 598/1401/1128 86/297/1128 
f 151/288/1129 88/287/1129 600/1402/1129 
f 599/1403/1130 600/1402/1130 88/287/1130 
f 86/1404/1131 598/1405/1131 88/287/1131 
f 599/1403/1132 88/287/1132 598/1405/1132 
f 516/1406/1133 518/1407/1133 68/1408/1133 
f 68/1408/1134 46/1409/1134 516/1406/1134 
f 518/1407/1135 307/1410/1135 145/1411/1135 
f 145/1411/1136 68/1408/1136 518/1407/1136 
# 1221 faces

