# 3ds Max Wavefront OBJ Exporter v0.99 - (c)2007 guruware
# File Created: 07.01.2025 12:57:37

#
# object PiernasBoss
#

v  -0.2445 -0.1524 -0.2055
v  -0.2211 -0.1019 -0.2224
v  -0.2176 -0.1524 -0.2193
v  -0.0216 -0.4911 -0.0597
v  0.0184 -0.4911 -0.0597
v  -0.0246 -0.4911 -0.0418
v  0.0214 -0.4911 -0.0418
v  -0.0246 -0.4911 0.0151
v  0.0486 -0.4904 -0.0134
v  -0.1801 -0.1019 -0.2515
v  -0.1777 -0.1524 -0.2478
v  0.0214 -0.4911 0.0151
v  -0.0518 -0.4904 -0.0134
v  0.1090 -0.4357 0.0974
v  0.0691 -0.4357 0.1141
v  0.0313 -0.4813 0.0870
v  -0.2268 -0.0866 -0.2067
v  -0.3337 -0.0866 -0.1289
v  -0.1838 -0.0738 -0.1650
v  -0.2211 -0.1676 -0.2017
v  -0.3253 -0.1676 -0.1259
v  -0.0344 -0.4813 0.0870
v  -0.0016 -0.4813 0.0917
v  -0.0016 -0.4357 0.1241
v  -0.0723 -0.4357 0.1141
v  -0.0197 -0.4911 0.0639
v  -0.1274 -0.4086 0.0853
v  -0.1261 -0.4147 0.0845
v  -0.1122 -0.4357 0.0974
v  -0.1396 -0.4136 0.0638
v  0.0165 -0.4911 0.0639
v  0.8168 -0.9132 -0.9269
v  0.7902 -0.7997 -0.8650
v  0.8099 -0.9438 -0.8982
v  0.7900 -0.7997 -0.8645
v  -0.0016 -0.6187 0.4054
v  -0.0904 -0.5938 0.3964
v  -0.0016 -0.6572 0.3902
v  -0.1261 -0.4267 0.0845
v  0.0948 -0.6279 0.3809
v  0.0872 -0.5938 0.3964
v  -0.7913 0.1892 0.5322
v  -0.7797 0.1950 0.5714
v  -0.7175 0.1950 0.6598
v  0.9006 -1.0435 -0.8666
v  1.0029 -1.0809 -0.7679
v  0.9008 -1.1174 -0.8670
v  -0.6960 0.1717 0.5939
v  -0.7162 0.1892 0.6282
v  -0.6061 0.1717 0.6650
v  -0.7710 0.1717 0.4979
v  -0.1792 -0.3504 0.1223
v  -0.1287 -0.4017 0.0862
v  -0.1815 -0.3098 0.1261
v  -0.6406 0.1950 0.7232
v  -0.2041 -0.1762 -0.1815
v  -0.1834 -0.2260 -0.1646
v  -0.2706 -0.2260 -0.1043
v  -0.6264 0.1892 0.6993
v  -0.5209 0.1892 0.7438
v  -0.5006 0.1717 0.7095
v  -0.1535 -0.2536 0.1111
v  -0.1473 -0.2260 0.1326
v  -0.1329 -0.4022 0.0889
v  -0.2213 -0.4106 0.1463
v  -0.3012 -0.1762 -0.1144
v  -0.1261 -0.4267 -0.1154
v  -0.1261 -0.4053 -0.1154
v  -0.1292 -0.4054 -0.1107
v  -0.1292 -0.4052 -0.1107
v  -0.7337 0.1231 0.6871
v  -0.4005 0.1892 0.7633
v  -0.3803 0.1717 0.7290
v  -0.5640 0.1231 0.7874
v  -0.4566 0.1231 0.7994
v  -0.5479 0.1950 0.7601
v  -0.6567 0.1231 0.7506
v  -0.4405 0.1950 0.7720
v  0.0163 -0.1019 -0.2932
v  0.0163 -0.1524 -0.2893
v  -0.0195 -0.1019 -0.2932
v  -0.1545 -0.2291 -0.3211
v  -0.0016 -0.2291 -0.3407
v  -0.1545 -0.2390 -0.3706
v  -0.2205 -0.2578 -0.0319
v  -0.2288 -0.2829 -0.0411
v  -0.2148 -0.2782 -0.0319
v  -0.2229 -0.2598 -0.0445
v  -0.2259 -0.2598 -0.0392
v  -0.1541 -0.2563 -0.1357
v  -0.1674 -0.2598 -0.1422
v  -0.1473 -0.2260 -0.1594
v  -0.2407 -0.2281 -0.0134
v  0.8192 -1.0109 -0.9138
v  0.7533 -1.0113 -0.8024
v  0.7660 -1.0226 -0.7598
v  -0.0195 -0.1524 -0.2893
v  -0.1197 -0.1524 -0.2771
v  -0.1218 -0.1019 -0.2808
v  -0.2706 -0.2260 -0.0134
v  -0.2706 -0.2260 0.0775
v  -0.2712 -0.0738 -0.1045
v  -0.2480 -0.1019 -0.2086
v  -0.3303 -0.1524 -0.1430
v  -0.3355 -0.1019 -0.1448
v  -0.3479 -0.1018 -0.1205
v  -0.5078 -0.0135 0.7240
v  -0.4426 -0.0700 0.6139
v  -0.4531 -0.0622 0.5872
v  -0.3427 -0.1524 -0.1187
v  -0.1545 -0.0866 -0.2437
v  -0.0927 -0.0738 -0.1936
v  -0.0016 -0.0738 -0.2059
v  -0.1346 -0.0866 -0.2661
v  -0.1568 -0.1019 -0.2738
v  -0.4497 -0.0779 0.5200
v  -0.4593 -0.1007 0.5503
v  -0.4342 -0.1118 0.5428
v  -0.4281 -0.0917 0.5147
v  -0.4910 -0.2308 0.6512
v  -0.5068 -0.2087 0.6305
v  -0.2271 -0.2598 -0.1809
v  -0.3407 -0.2598 -0.1137
v  -0.4789 -0.0843 0.5833
v  -0.2940 -0.2075 0.2878
v  -0.2843 -0.2412 0.2893
v  -0.4408 -0.1949 0.5539
v  -0.3018 -0.3180 0.3188
v  0.7605 -0.9461 -0.8147
v  0.2893 -0.2475 0.2628
v  0.2843 -0.2412 0.2893
v  0.2940 -0.2075 0.2878
v  0.3018 -0.3180 0.3188
v  0.8339 -1.0437 -0.7538
v  -0.3173 -0.3708 0.3102
v  -0.5869 -0.2342 0.4989
v  -0.4344 -0.3708 0.2410
v  -0.4668 -0.1950 0.5629
v  0.7153 -1.0438 -0.7234
v  0.7155 -1.1178 -0.7237
v  0.8342 -1.1176 -0.7542
v  -0.3091 -0.3345 0.2962
v  -0.4699 -0.2342 0.5682
v  0.6177 -1.0823 -0.6382
v  -0.6238 -0.2087 0.5613
v  -0.4736 -0.2080 0.6662
v  -0.5387 -0.1515 0.7764
v  0.6181 -1.1173 -0.6389
v  -0.1547 -0.1524 -0.2702
v  0.5551 -1.1173 -0.6762
v  0.5547 -1.0823 -0.6755
v  -0.1089 -0.2260 -0.2155
v  -0.1390 -0.1762 -0.2133
v  -0.1211 -0.1762 -0.2357
v  -0.1507 -0.1676 -0.2378
v  -0.1313 -0.1676 -0.2602
v  -0.3526 -0.4268 -0.1207
v  -0.2896 -0.4268 -0.2176
v  -0.3522 -0.4267 -0.1212
v  -0.2772 -0.4267 -0.0978
v  -0.2286 -0.4267 -0.1745
v  -0.2286 -0.4268 -0.1745
v  -0.1774 -0.4267 -0.1448
v  -0.1774 -0.4268 -0.1448
v  -0.1812 -0.4267 -0.1511
v  -0.2689 -0.4194 -0.2996
v  -0.1782 -0.4589 -0.1462
v  -0.1746 -0.4268 -0.1401
v  -0.2896 -0.4267 -0.2176
v  -0.2063 -0.4268 -0.1600
v  -0.2595 -0.4268 -0.0899
v  -0.2061 -0.4267 -0.1598
v  -0.2791 -0.4268 -0.0948
v  -0.2772 -0.4268 -0.0978
v  -0.2765 -0.4268 -0.0933
v  -0.2834 -0.4268 -0.0758
v  -0.2765 -0.4267 -0.0933
v  -0.2791 -0.4267 -0.0948
v  -0.3353 -0.4589 -0.0533
v  -0.2651 -0.4274 -0.0867
v  -0.2651 -0.4268 -0.0866
v  -0.2627 -0.4267 -0.0851
v  -0.4260 -0.4194 -0.2067
v  0.7797 0.1950 0.5714
v  0.7913 0.1892 0.5322
v  0.7175 0.1950 0.6598
v  0.6960 0.1717 0.5939
v  0.6061 0.1717 0.6650
v  0.7162 0.1892 0.6282
v  0.7710 0.1717 0.4979
v  -0.1905 -0.4267 -0.0162
v  -0.1938 -0.2673 -0.1610
v  -0.2489 -0.2412 -0.2656
v  -0.1826 -0.2700 -0.1535
v  -0.1812 -0.3094 -0.1511
v  -0.1811 -0.2955 -0.1511
v  -0.1948 -0.2674 -0.1599
v  -0.1481 -0.2922 -0.1297
v  -0.6805 0.0587 0.6704
v  -0.7070 0.0587 0.6547
v  -0.6986 0.0521 0.6404
v  -0.7156 0.0257 0.6693
v  -0.6913 0.0069 0.6281
v  -0.1249 -0.2260 -0.1932
v  -0.6596 0.0599 0.6862
v  -0.3522 -0.2635 -0.1212
v  -0.3526 -0.2635 -0.1207
v  -0.1043 -0.2260 -0.1817
v  -0.0016 -0.2260 -0.2279
v  -0.1964 -0.3708 -0.0200
v  -0.8099 0.1064 0.5637
v  -0.8285 0.0235 0.5951
v  -0.7959 0.1231 0.5987
v  -0.1905 -0.4001 -0.0162
v  -0.1925 -0.3995 -0.0134
v  -0.3153 -0.2806 -0.0193
v  -0.2811 -0.2747 -0.0707
v  -0.3253 -0.2635 -0.1030
v  -0.3248 -0.2635 -0.1034
v  -0.2790 -0.2745 -0.0729
v  -0.3171 -0.2851 -0.0976
v  -0.2539 -0.2806 -0.0556
v  -0.7348 0.1064 0.6597
v  -0.2544 -0.2872 -0.0570
v  -0.3127 -0.3069 -0.0948
v  -0.8131 0.0401 0.6301
v  -0.7970 0.1116 0.6029
v  0.5006 0.1717 0.7095
v  0.5209 0.1892 0.7438
v  0.6293 0.0599 0.7042
v  0.6057 0.0587 0.7147
v  0.6264 0.1892 0.6993
v  -0.3116 -0.3109 -0.0948
v  0.6406 0.1950 0.7232
v  -0.0871 -0.5102 -0.3209
v  -0.0016 -0.5512 -0.3265
v  -0.1176 -0.5512 -0.3116
v  -0.0016 -0.5102 -0.3318
v  0.4005 0.1892 0.7633
v  -0.3167 -0.2851 -0.0982
v  0.3803 0.1717 0.7290
v  0.5479 0.1950 0.7601
v  0.5640 0.1231 0.7874
v  0.4405 0.1950 0.7720
v  0.8099 0.1064 0.5637
v  -0.0871 -0.4913 -0.2273
v  -0.0016 -0.4913 -0.2383
v  0.7959 0.1231 0.5987
v  0.7348 0.1064 0.6597
v  -0.1143 -0.2612 -0.2709
v  -0.1143 -0.2800 -0.3644
v  0.7353 0.1116 0.6911
v  0.7970 0.1116 0.6029
v  0.8131 0.0401 0.6301
v  -0.1176 -0.5413 -0.2620
v  0.8285 0.0235 0.5951
v  0.7571 -0.5608 -0.8088
v  0.7615 -0.5254 -0.8373
v  0.7728 -0.5145 -0.8217
v  0.7721 -0.5470 -0.7935
v  0.7628 -0.6027 -0.8186
v  0.7141 -0.6144 -0.7362
v  0.7347 -0.6309 -0.7387
v  0.7783 -0.6204 -0.8125
v  0.7826 -0.6247 -0.8521
v  0.7872 -0.6313 -0.8486
v  0.7848 -0.6407 -0.8558
v  0.7765 -0.6167 -0.8418
v  0.7826 -0.6247 -0.8520
v  0.7681 -0.6407 -0.8275
v  0.7823 -0.6226 -0.8516
v  0.7084 -0.5737 -0.7265
v  0.7682 -0.6407 -0.8278
v  0.7756 -0.6148 -0.8572
v  0.6428 -0.6027 -0.8896
v  0.8471 -0.0593 0.6265
v  0.8301 -0.0425 0.6622
v  0.8142 0.0284 0.6352
v  0.7275 -0.5589 -0.7180
v  0.7847 -0.6407 -0.8559
v  0.8675 -0.1558 0.6611
v  0.7925 -0.1558 0.7572
v  0.8506 -0.1559 0.7038
v  0.8241 -0.8985 -0.9110
v  0.8045 -0.7839 -0.8893
v  0.8461 -0.1670 0.6250
v  0.7347 -0.0593 0.7016
v  0.7156 0.0257 0.6693
v  0.8310 -0.0549 0.6677
v  0.8467 -0.1251 0.6944
v  0.8794 -0.2434 0.6812
v  0.2380 -0.4268 -0.1329
v  0.2834 -0.4268 -0.0758
v  0.3526 -0.4268 -0.1207
v  -0.7534 0.0235 0.6911
v  -0.8301 -0.0425 0.6622
v  -0.8142 0.0284 0.6352
v  -0.5602 -0.0917 0.4366
v  -0.5763 -0.1007 0.4810
v  -0.5544 -0.0779 0.4581
v  -0.5818 -0.1118 0.4555
v  -0.5838 -0.1950 0.4937
v  -0.5959 -0.0843 0.5141
v  -0.0796 -0.4357 -0.1421
v  -0.1122 -0.4357 -0.1242
v  -0.6117 -0.0622 0.4934
v  -0.6189 -0.0169 0.5057
v  0.8835 -0.4044 -0.7863
v  0.8144 -0.3311 -0.8561
v  0.8736 -0.3311 -0.7695
v  0.8162 -0.3309 -0.8228
v  0.8912 -0.3309 -0.7268
v  -0.6401 -0.0700 0.4971
v  -0.7052 -0.0135 0.6072
v  0.8120 -0.3169 -0.8526
v  0.8709 -0.3169 -0.7661
v  0.7263 -0.3309 -0.8938
v  0.1513 -0.2291 -0.3211
v  0.1513 -0.2390 -0.3706
v  -0.4604 -0.0169 0.5995
v  -0.7362 -0.1515 0.6596
v  -0.7180 -0.1122 0.6733
v  -0.7347 -0.0593 0.7016
v  0.1536 -0.1019 -0.2738
v  0.1769 -0.1019 -0.2515
v  0.1515 -0.1524 -0.2702
v  -0.8461 -0.1670 0.6250
v  -0.8471 -0.0593 0.6265
v  -0.8310 -0.0549 0.6677
v  -0.7709 -0.0549 0.7549
v  0.6986 0.0521 0.6404
v  0.7070 0.0587 0.6547
v  0.6913 0.0069 0.6281
v  0.6805 0.0587 0.6704
v  -0.7720 -0.0593 0.7226
v  0.1314 -0.0866 -0.2661
v  0.1513 -0.0866 -0.2437
v  0.1186 -0.1019 -0.2808
v  0.1165 -0.1524 -0.2771
v  -0.8675 -0.1558 0.6611
v  -0.8605 -0.2294 0.7206
v  -0.8506 -0.1559 0.7038
v  0.1281 -0.1676 -0.2602
v  0.7052 -0.0135 0.6072
v  0.6117 -0.0622 0.4934
v  0.6401 -0.0700 0.4971
v  0.0895 -0.0738 -0.1936
v  0.1806 -0.0738 -0.1650
v  0.6189 -0.0169 0.5057
v  -0.5884 -0.1949 0.4666
v  0.5544 -0.0779 0.4581
v  0.5763 -0.1007 0.4810
v  0.5602 -0.0917 0.4366
v  -0.4261 -0.3345 0.2271
v  0.5818 -0.1118 0.4555
v  0.1475 -0.1676 -0.2378
v  0.1358 -0.1762 -0.2133
v  0.1179 -0.1762 -0.2357
v  0.5838 -0.1950 0.4937
v  0.4497 -0.0779 0.5200
v  -0.6710 -0.2080 0.5494
v  -0.6495 -0.2308 0.5574
v  -0.6399 -0.2224 0.5852
v  -0.6617 -0.2408 0.6220
v  -0.7002 -0.1702 0.6871
v  0.1745 -0.1524 -0.2478
v  -0.6512 -0.2881 0.6043
v  0.4261 -0.2075 0.2097
v  0.4023 -0.2093 0.2008
v  -0.4829 -1.1176 -1.0757
v  -0.4498 -1.1177 -1.0198
v  -0.5520 -1.1176 -0.9211
v  -0.4827 -1.0809 -1.0755
v  -0.4497 -1.0810 -1.0196
v  -0.3427 -0.1524 0.0935
v  -0.3479 -0.1018 0.0954
v  0.8244 -0.4044 -0.8729
v  0.8280 -0.4184 -0.8428
v  0.1442 -0.2260 -0.1594
v  0.1011 -0.2260 -0.1817
v  0.1218 -0.2260 -0.1932
v  0.1803 -0.2260 -0.1646
v  0.1057 -0.2260 -0.2155
v  0.7382 -0.4184 -0.9139
v  0.8066 -0.4296 -0.8066
v  0.7168 -0.4296 -0.8777
v  -0.5199 -0.2224 0.6562
v  0.1508 -0.2598 -0.1344
v  0.1487 -0.2706 -0.1330
v  -0.1802 -0.4100 0.0012
v  -0.1830 -0.4333 -0.0134
v  0.9031 -0.4184 -0.7468
v  -0.1905 -0.4267 -0.0147
v  0.1515 -0.2589 -0.1337
v  0.1546 -0.2598 -0.1356
v  0.1514 -0.2598 -0.1335
v  0.1513 -0.2598 -0.1336
v  -0.5312 -0.2881 0.6753
v  -0.2418 -0.4267 0.0657
v  -0.2223 -0.2551 0.0035
v  -0.2379 -0.2598 0.0160
v  -0.2265 -0.2598 0.0361
v  -0.2113 -0.3048 -0.0012
v  0.7286 -0.2318 -0.7199
v  -0.2186 -0.2682 0.0035
v  -0.0016 -0.2390 -0.3903
v  -0.0016 -0.2800 -0.3788
v  -0.0016 -0.0866 -0.2821
v  -0.0016 -0.0866 -0.2598
v  -0.2889 -0.2736 0.0461
v  -0.2570 -0.2813 0.0285
v  -0.2569 -0.2806 0.0283
v  -0.2265 -0.2709 0.0087
v  -0.2871 -0.4267 0.0480
v  0.6512 -0.2881 -0.6298
v  -0.4191 0.1064 0.7947
v  -0.3153 -0.2806 -0.0062
v  -0.3353 -0.4589 0.0277
v  -0.0016 -0.1762 -0.2494
v  -0.2712 -0.0738 0.0778
v  0.2976 -0.2093 0.2627
v  0.4531 -0.0622 0.5872
v  0.5959 -0.0843 0.5141
v  0.6710 -0.2080 0.5494
v  0.7180 -0.1122 0.6733
v  0.7362 -0.1515 0.6596
v  -0.3012 -0.1762 0.0881
v  -0.2870 -0.2735 0.0480
v  -0.5395 0.1064 0.7752
v  -0.4598 0.1116 0.8024
v  -0.5667 0.1116 0.7908
v  0.4604 -0.0169 0.5995
v  -0.1421 -0.0738 0.1581
v  -0.0577 -0.0738 0.0396
v  -0.2326 -0.0738 0.1335
v  -0.3340 -0.0866 0.1034
v  -0.2869 -0.0866 0.1750
v  -0.5446 0.0557 0.7419
v  -0.5400 0.0521 0.7341
v  -0.5523 0.0557 0.7374
v  0.5400 0.0521 0.7341
v  0.4426 -0.0700 0.6139
v  0.5078 -0.0135 0.7240
v  -0.3395 -0.1018 0.1235
v  0.4736 -0.2080 0.6662
v  -0.5750 0.0587 0.7328
v  -0.3342 -0.1524 0.1216
v  -0.5327 0.0069 0.7219
v  0.4342 -0.1118 0.5428
v  0.4593 -0.1007 0.5503
v  0.4281 -0.0917 0.5147
v  -0.1837 -0.2695 0.1299
v  -0.1983 -0.2660 0.1397
v  -0.1793 -0.2598 0.1191
v  -0.1418 -0.2260 0.1577
v  -0.2321 -0.2260 0.1332
v  0.4789 -0.0843 0.5833
v  0.4910 -0.2308 0.6512
v  -0.2023 -0.2663 0.1354
v  -0.2313 -0.2598 0.1528
v  -0.2154 -0.2635 0.1425
v  -0.5828 0.0401 0.8180
v  -0.4759 0.0401 0.8296
v  -0.2489 -0.2412 0.2401
v  -0.2143 -0.2635 0.1432
v  -0.5581 0.0235 0.8067
v  -0.6749 0.0401 0.7814
v  -0.1774 -0.3820 0.1193
v  -0.4378 0.0235 0.8262
v  -0.5571 0.0257 0.7631
v  0.5884 -0.1949 0.4666
v  -0.4798 0.0284 0.8330
v  -0.2689 -0.4194 0.2740
v  -0.1782 -0.4589 0.1206
v  -0.1746 -0.4268 0.1145
v  -0.1774 -0.4268 0.1193
v  -0.1946 -0.4267 0.1279
v  -0.2301 -0.4268 0.0817
v  -0.4957 -0.0425 0.8599
v  -0.4564 -0.0593 0.8577
v  0.6495 -0.2308 0.5574
v  0.6238 -0.2087 0.5613
v  0.6617 -0.2408 0.6220
v  0.6399 -0.2224 0.5852
v  0.7002 -0.1702 0.6871
v  0.1184 -0.4267 -0.1133
v  0.1685 -0.4267 -0.0342
v  0.1090 -0.4357 -0.1242
v  0.6512 -0.2881 0.6043
v  -0.2186 -0.4267 0.1436
v  -0.2186 -0.4268 0.1436
v  -0.1949 -0.4268 0.1281
v  -0.2215 -0.4268 0.1392
v  -0.2215 -0.4267 0.1392
v  -0.2903 -0.4267 0.1911
v  -0.5595 -0.1122 0.7671
v  -0.5834 -0.0915 0.8075
v  -0.5834 -0.0916 0.8076
v  -0.5838 -0.0934 0.8082
v  -0.2424 -0.2773 0.1600
v  -0.2426 -0.2776 0.1616
v  -0.2254 -0.3866 0.1504
v  0.1144 -0.5413 -0.2620
v  0.1144 -0.5512 -0.3116
v  -0.4768 -0.1558 0.8923
v  -0.5160 -0.1251 0.8900
v  -0.6213 -0.1251 0.8793
v  -0.5002 -0.0549 0.8634
v  0.0839 -0.5102 -0.3209
v  -0.5767 -0.0593 0.8381
v  -0.6019 -0.0425 0.8487
v  -0.5706 -0.1618 0.7858
v  -0.5802 -0.1702 0.7581
v  -0.0016 -0.5413 -0.2769
v  0.0839 -0.4913 -0.2273
v  -0.5417 -0.2408 0.6930
v  0.1111 -0.2800 -0.3644
v  -0.4554 -0.1670 0.8560
v  -0.4887 -0.2434 0.9123
v  -0.4672 -0.2546 0.8761
v  0.0764 -0.4357 -0.1421
v  -0.0016 -0.0866 0.2208
v  -0.0016 -0.0738 0.1689
v  0.1111 -0.2612 -0.2709
v  0.1207 -0.4148 -0.1148
v  -0.0016 -0.2431 0.2561
v  -0.0104 -0.2431 0.2824
v  -0.0160 -0.2431 0.2547
v  -0.0511 -0.2431 0.2785
v  -0.0878 -0.2431 0.2477
v  -0.0016 -0.2260 0.2220
v  -0.0184 -0.3393 0.2948
v  -0.0947 -0.2260 0.2088
v  -0.0016 -0.2612 -0.2854
v  -0.0878 -0.2431 0.2749
v  -0.0878 -0.2260 0.2725
v  -0.0878 -0.2260 0.2363
v  -0.1247 -0.2136 0.2785
v  -0.1224 -0.2034 0.2623
v  -0.1247 -0.1762 0.2537
v  0.4261 -0.3345 -0.2526
v  0.4034 -0.3967 -0.2142
v  0.4344 -0.3708 -0.2665
v  -0.1577 -0.1762 0.1775
v  0.1604 -0.2598 -0.1406
v  0.1840 -0.3130 -0.1560
v  -0.1351 -0.1676 0.2774
v  -0.0016 -0.2256 0.2809
v  -0.0016 -0.1762 0.2656
v  -0.1205 -0.2260 0.2694
v  -0.1121 -0.2260 0.2340
v  -0.1202 -0.2285 0.2698
v  -0.1147 -0.2431 0.2565
v  0.1364 -0.3257 0.1019
v  0.1442 -0.2260 0.1326
v  0.1517 -0.2598 0.1063
v  0.1492 -0.2598 0.1103
v  0.1386 -0.2260 0.1577
v  0.2289 -0.2260 0.1332
v  0.3885 -0.2639 -0.1889
v  0.4260 -0.4194 -0.2067
v  0.2227 -0.2598 0.1580
v  -0.0947 -0.3457 0.2882
v  -0.0972 -0.3384 0.2870
v  0.1182 -0.4193 0.0901
v  0.5199 -0.2224 0.6562
v  -0.1637 -0.2256 0.2651
v  -0.1206 -0.2256 0.2693
v  0.1699 -0.4267 0.0053
v  0.1790 -0.4267 -0.0092
v  0.3453 -0.4267 0.0966
v  0.5869 -0.2342 0.4989
v  0.5068 -0.2087 0.6305
v  0.4699 -0.2342 0.5682
v  0.1167 -0.4267 0.0892
v  0.0915 -0.2260 0.2088
v  0.3526 -0.2635 -0.1207
v  0.3253 -0.2635 -0.1030
v  0.3453 -0.2635 -0.1197
v  0.2840 -0.2635 -0.2140
v  0.2896 -0.2635 -0.2176
v  0.1582 -0.4267 0.1161
v  0.3453 -0.4267 -0.1197
v  0.3153 -0.2806 -0.0193
v  0.3353 -0.4589 -0.0533
v  0.4059 -0.2412 -0.1727
v  -0.1121 -0.2948 0.2796
v  -0.1901 -0.4001 -0.0169
v  -0.1795 -0.4036 -0.0319
v  -0.1897 -0.4095 -0.0134
v  0.3383 -0.2598 -0.1151
v  0.3223 -0.2635 -0.1048
v  -0.1883 -0.4095 -0.0111
v  0.2531 -0.2806 -0.0561
v  -0.1803 -0.4006 -0.0319
v  -0.1905 -0.4036 -0.0147
v  0.3047 -0.2851 -0.0905
v  0.3034 -0.2851 -0.0925
v  0.2159 -0.2607 -0.0357
v  0.4668 -0.1950 0.5629
v  0.4408 -0.1949 0.5539
v  -0.1801 -0.4038 -0.0323
v  0.3003 -0.3007 -0.0905
v  0.3028 -0.2882 -0.0921
v  0.3173 -0.3708 0.3102
v  0.2156 -0.2603 -0.0335
v  0.2126 -0.2709 -0.0335
v  0.2147 -0.2603 -0.0349
v  0.2148 -0.2600 -0.0349
v  0.2148 -0.2598 -0.0350
v  0.1930 -0.3694 -0.0208
v  0.1089 -0.2260 0.2340
v  0.1816 -0.4269 -0.0134
v  0.1817 -0.4267 -0.0134
v  -0.5323 -0.2294 -0.9403
v  -0.5223 -0.1559 -0.9234
v  -0.4768 -0.1558 -0.9178
v  0.5312 -0.2881 0.6753
v  0.0961 -0.3227 0.2796
v  0.1089 -0.2431 0.2454
v  0.0712 -0.2260 0.2376
v  0.1115 -0.2431 0.2565
v  0.0712 -0.2431 0.2490
v  0.1174 -0.2260 0.2694
v  0.0712 -0.2260 0.2739
v  0.1215 -0.1762 0.2537
v  0.1215 -0.1763 0.2537
v  0.1174 -0.2256 0.2693
v  -0.4798 0.0284 -0.8585
v  -0.5581 0.0235 -0.8322
v  -0.4378 0.0235 -0.8518
v  0.1215 -0.2431 0.2980
v  0.3091 -0.3345 0.2962
v  0.1545 -0.1762 0.1775
v  0.7337 0.1231 0.6871
v  0.1678 -0.1676 0.2012
v  0.1319 -0.1676 0.2774
v  0.6567 0.1231 0.7506
v  0.6589 0.1116 0.7542
v  0.7514 0.0401 0.7182
v  -0.4531 -0.0622 -0.6127
v  -0.5078 -0.0135 -0.7496
v  -0.5327 0.0069 -0.7474
v  0.1089 -0.2961 0.2804
v  0.1605 -0.2256 0.2651
v  0.7534 0.0235 0.6911
v  0.2069 -0.2598 0.0205
v  0.2375 -0.2281 -0.0134
v  0.2132 -0.2598 0.0108
v  0.1389 -0.0738 0.1581
v  0.1721 -0.0866 0.2069
v  0.1353 -0.0866 0.2831
v  0.3363 -0.2598 0.0908
v  0.7532 0.0284 0.7229
v  0.0915 -0.3479 0.2897
v  0.0712 -0.3462 0.2914
v  0.7691 -0.0425 0.7498
v  0.1800 -0.4267 -0.0108
v  -0.2896 -0.4268 0.1921
v  -0.0016 -0.2431 0.3100
v  0.2126 -0.2628 0.0104
v  0.2135 -0.2633 0.0087
v  0.2125 -0.2633 0.0103
v  0.2965 -0.2867 0.0649
v  0.2980 -0.2868 0.0626
v  0.2139 -0.2637 0.0113
v  0.1798 -0.4333 -0.0134
v  0.2099 -0.2762 0.0087
v  0.2929 -0.3047 0.0626
v  -0.3255 -0.1676 0.1004
v  -0.2583 -0.1762 0.1501
v  -0.2797 -0.1676 0.1701
v  0.3153 -0.2806 -0.0062
v  0.3353 -0.4589 0.0277
v  0.2834 -0.4268 0.0502
v  -0.3450 -0.2598 0.0856
v  0.2980 -0.1762 0.0881
v  0.2674 -0.2260 0.0775
v  0.2674 -0.2260 -0.0134
v  0.3204 -0.2635 0.0804
v  -0.4059 -0.2412 0.1472
v  0.3395 -0.1524 0.0935
v  0.3447 -0.1018 0.0954
v  0.3311 -0.1524 0.1216
v  -0.5223 -0.1559 0.8979
v  -0.6270 -0.1559 0.8876
v  -0.5323 -0.2294 0.9147
v  -0.6369 -0.2294 0.9045
v  -0.5349 -0.2438 0.9168
v  -0.5448 -0.3169 0.9335
v  -0.5724 -0.0423 0.7889
v  0.3308 -0.0866 0.1034
v  0.3363 -0.1018 0.1235
v  0.2680 -0.0738 0.0778
v  0.2837 -0.0866 0.1750
v  0.2295 -0.0738 0.1335
v  -0.5124 -0.4184 0.9524
v  -0.4791 -0.3421 0.8961
v  -0.5005 -0.3309 0.9323
v  -0.4909 -0.4296 0.9161
v  -0.5464 -0.3311 0.9375
v  -0.5563 -0.4044 0.9542
v  -0.6208 -0.3309 0.9128
v  -0.5884 -0.5737 0.7720
v  -0.6293 0.0599 0.7042
v  -0.6589 0.1116 0.7542
v  -0.6450 0.1064 0.7307
v  -0.6057 0.0587 0.7147
v  -0.6038 0.0587 0.7158
v  -0.2903 -0.2635 0.1911
v  -0.2470 -0.2786 0.1630
v  -0.6934 -0.0425 0.8126
v  -0.6774 0.0284 0.7857
v  -0.4260 -0.4194 0.1811
v  -0.5860 0.0284 0.8218
v  0.7720 -0.0593 0.7226
v  -0.2534 -0.4267 0.0505
v  -0.2684 -0.4309 0.0601
v  -0.2680 -0.4268 0.0593
v  -0.2656 -0.4306 0.0617
v  0.6822 -0.0593 0.7936
v  -0.2833 -0.4267 0.0502
v  0.7709 -0.0549 0.7549
v  -0.2834 -0.4268 0.0502
v  -0.6636 0.0235 0.7622
v  -0.4564 -0.0593 -0.8832
v  -0.4957 -0.0425 -0.8855
v  0.7911 -0.1559 0.7905
v  -0.7353 0.1116 0.6911
v  -0.5002 -0.0549 -0.8889
v  -0.5767 -0.0593 -0.8637
v  -0.6019 -0.0425 -0.8742
v  0.7461 -0.1471 0.7208
v  0.8817 -0.4296 0.6851
v  0.7313 -0.1471 0.7295
v  -0.7514 0.0401 0.7182
v  -0.7691 -0.0425 0.7498
v  -0.7532 0.0284 0.7229
v  0.7386 -0.0763 0.7080
v  0.7424 -0.0934 0.7145
v  0.7292 -0.1618 0.6921
v  -0.4554 -0.1670 -0.8816
v  0.7185 -0.1443 0.7445
v  -0.5160 -0.1251 -0.9155
v  0.7449 -0.1298 0.7187
v  -0.6213 -0.1251 -0.9049
v  -0.6055 -0.0549 -0.8782
v  0.8698 -0.3421 0.6650
v  0.8580 -0.2546 0.6450
v  -0.5890 -0.1315 -0.8426
v  -0.5838 -0.0934 -0.8338
v  -0.5595 -0.1122 -0.7926
v  -0.6822 -0.0593 0.7936
v  -0.5706 -0.1618 -0.8114
v  0.7867 -0.1251 0.7815
v  -0.5387 -0.1515 -0.8019
v  -0.5762 -0.0593 0.7954
v  0.6960 -0.0549 0.8171
v  -0.4604 -0.0169 -0.6250
v  -0.4426 -0.0700 -0.6394
v  0.0291 -0.3426 0.2950
v  0.3224 -0.1676 0.1004
v  0.0128 -0.2431 0.2547
v  0.0574 -0.2961 0.2854
v  -0.4887 -0.2434 -0.9378
v  0.0169 -0.2961 0.2894
v  -0.5005 -0.3309 -0.9579
v  -0.5448 -0.3169 -0.9591
v  -0.6369 -0.2294 -0.9300
v  -0.5349 -0.2438 -0.9423
v  0.2551 -0.1762 0.1501
v  -0.6090 -0.2434 -0.9183
v  -0.3526 -0.4267 0.0952
v  -0.2710 -0.4267 0.0610
v  0.1864 -0.2683 0.1344
v  -0.2710 -0.4268 0.0610
v  -0.2685 -0.4267 0.0595
v  -0.2685 -0.4268 0.0595
v  -0.7185 -0.1443 0.7445
v  -0.7292 -0.1618 0.6921
v  -0.6848 -0.1443 0.7644
v  -0.3526 -0.4268 0.0952
v  0.2531 -0.2806 0.0306
v  0.3253 -0.2635 0.0775
v  -0.5800 -0.0763 0.8018
v  0.4059 -0.2412 0.1472
v  0.1864 -0.3160 0.1344
v  -0.5947 -0.1443 0.8177
v  -0.5908 -0.1443 0.8200
v  -0.6192 -0.1443 0.8032
v  -0.6112 -0.4296 0.8966
v  -0.1753 -0.0866 0.2069
v  -0.1968 -0.1019 0.2152
v  -0.1385 -0.0866 0.2831
v  0.7405 -0.3311 -0.9178
v  0.7504 -0.4044 -0.9345
v  0.7269 -0.2294 -0.8947
v  0.8011 -0.2294 -0.8329
v  0.7145 -0.2434 -0.8738
v  -0.2791 -0.1524 0.1873
v  -0.1940 -0.1524 0.2116
v  0.7384 -0.3169 -0.9141
v  0.7285 -0.2438 -0.8974
v  -0.2836 -0.1019 0.1903
v  -0.3067 -0.1018 0.1733
v  -0.3022 -0.1524 0.1703
v  -0.5124 -0.4184 -0.9779
v  -0.4791 -0.3421 -0.9216
v  -0.4909 -0.4296 -0.9417
v  -0.5464 -0.3311 -0.9630
v  -0.5563 -0.4044 -0.9798
v  -0.6208 -0.3309 -0.9383
v  -0.1709 -0.1676 0.2012
v  -0.6607 -0.4044 -0.9696
v  0.5223 -0.1559 -0.9234
v  0.5323 -0.2294 -0.9403
v  0.4768 -0.1558 -0.9178
v  -0.1221 -0.6419 0.3535
v  -0.1774 -0.2142 0.2964
v  -0.4672 -0.2546 -0.9016
v  -0.2464 -0.2786 0.1640
v  -0.5724 -0.0423 -0.8144
v  -0.5571 0.0257 -0.7886
v  -0.2896 -0.2635 0.1921
v  0.6934 -0.0425 -0.8381
v  0.6019 -0.0425 -0.8742
v  0.6774 0.0284 -0.8112
v  -0.4736 -0.2080 -0.6917
v  0.3526 -0.2635 0.0952
v  0.2896 -0.2635 0.1921
v  0.3453 -0.2635 0.0966
v  0.1864 -0.4267 0.1344
v  0.1774 -0.4267 0.1193
v  0.1774 -0.4268 0.1193
v  0.1782 -0.4589 0.1206
v  -0.5068 -0.2087 -0.6561
v  -0.4910 -0.2308 -0.6767
v  0.1746 -0.4268 0.1145
v  0.6636 0.0235 -0.7877
v  0.5860 0.0284 -0.8473
v  0.5581 0.0235 -0.8322
v  0.4260 -0.4194 0.1811
v  0.4377 0.0235 -0.8518
v  0.4798 0.0284 -0.8585
v  0.4957 -0.0425 -0.8855
v  -0.4063 -0.2475 0.1936
v  -0.3885 -0.2639 0.1633
v  -0.5199 -0.2224 -0.6817
v  -0.5312 -0.2881 -0.7008
v  -0.5417 -0.2408 -0.7186
v  0.3526 -0.4268 0.0952
v  -0.4789 -0.0843 -0.6088
v  -0.6512 -0.2881 -0.6298
v  -0.0028 0.0761 -0.0682
v  0.0522 0.0761 0.0396
v  0.0618 0.0761 0.0207
v  0.0652 0.0761 -0.0003
v  0.0618 0.0761 -0.0213
v  0.0522 0.0761 -0.0403
v  0.0182 0.0761 -0.0649
v  0.0372 0.0761 -0.0553
v  -0.6399 -0.2224 -0.6107
v  -0.2976 -0.2093 0.2627
v  -0.0427 0.0761 -0.0553
v  -0.0577 0.0761 -0.0403
v  -0.0238 0.0761 -0.0649
v  -0.0674 0.0761 -0.0213
v  -0.0707 0.0761 -0.0003
v  -0.0674 0.0761 0.0207
v  -0.0577 0.0761 0.0396
v  -0.0427 0.0761 0.0547
v  -0.4699 -0.2342 -0.5937
v  -0.6238 -0.2087 -0.5869
v  0.0372 0.0761 0.0547
v  -0.0238 0.0761 0.0643
v  -0.0028 0.0761 0.0676
v  0.0182 0.0761 0.0643
v  0.0618 -0.0738 0.0207
v  0.5400 0.0521 -0.7597
v  0.5571 0.0257 -0.7886
v  0.5327 0.0069 -0.7474
v  -0.0028 -0.0738 -0.0682
v  -0.0238 -0.0738 -0.0649
v  -0.5884 -0.5737 -0.7976
v  -0.6270 -0.1559 -0.9131
v  -0.0238 -0.0738 0.0643
v  -0.5860 0.0284 -0.8473
v  -0.2715 -0.2639 0.2326
v  -0.2893 -0.2475 0.2628
v  -0.4023 -0.2093 0.2008
v  -0.6061 0.1717 -0.6905
v  -0.5006 0.1717 -0.7350
v  -0.5209 0.1892 -0.7693
v  -0.6774 0.0284 -0.8112
v  -0.4005 0.1892 -0.7888
v  -0.3803 0.1717 -0.7545
v  -0.6636 0.0235 -0.7877
v  -0.4405 0.1950 -0.7976
v  -0.4566 0.1231 -0.8249
v  -0.5479 0.1950 -0.7856
v  -0.2864 -0.3967 0.2579
v  -0.6264 0.1892 -0.7248
v  -0.5640 0.1231 -0.8130
v  -0.6406 0.1950 -0.7488
v  -0.7162 0.1892 -0.6538
v  -0.6960 0.1717 -0.6195
v  -0.4494 -0.3180 0.2315
v  -0.7534 0.0235 -0.7166
v  -0.4320 -0.2412 0.2020
v  -0.7175 0.1950 -0.6853
v  -0.6805 0.0587 -0.6959
v  -0.5890 -0.1315 0.8170
v  -0.7959 0.1231 -0.6242
v  -0.7797 0.1950 -0.5969
v  -0.7156 0.0257 -0.6948
v  -0.6913 0.0069 -0.6536
v  -0.6986 0.0521 -0.6659
v  -0.7913 0.1892 -0.5577
v  -0.7710 0.1717 -0.5235
v  -0.8099 0.1064 -0.5892
v  -0.6314 -0.1437 0.7974
v  -0.6216 -0.1443 0.8017
v  -0.8285 0.0235 -0.6206
v  -0.8131 0.0401 -0.6557
v  -0.6711 -0.1434 0.7749
v  -0.6374 -0.1434 0.7948
v  -0.7532 0.0284 -0.7484
v  -0.8142 0.0284 -0.6608
v  -0.8301 -0.0425 -0.6877
v  -0.8471 -0.0593 -0.6521
v  -0.4598 0.1116 -0.8280
v  -0.5395 0.1064 -0.8007
v  -0.4191 0.1064 -0.8203
v  -0.6934 -0.0425 -0.8381
v  -0.4759 0.0401 -0.8551
v  -0.5762 -0.0593 -0.8209
v  -0.5400 0.0521 -0.7597
v  -0.5446 0.0557 -0.7675
v  -0.5523 0.0557 -0.7630
v  -0.5750 0.0587 -0.7583
v  0.8605 -0.2294 0.7206
v  -0.6960 -0.0549 0.8171
v  -0.7691 -0.0425 -0.7754
v  -0.7386 -0.0763 0.7080
v  -0.7449 -0.1298 0.7187
v  -0.7424 -0.0934 0.7145
v  0.7096 -0.2175 0.7030
v  0.7286 -0.2318 0.6943
v  0.6846 -0.2533 0.6199
v  0.6213 -0.1251 -0.9049
v  0.6960 -0.0549 -0.8426
v  0.7118 -0.1251 -0.8693
v  0.7358 -0.2474 0.7338
v  0.7728 -0.5145 0.7962
v  0.6055 -0.0549 -0.8782
v  0.5002 -0.0549 -0.8889
v  0.5767 -0.0593 -0.8637
v  0.7214 -0.2344 0.7438
v  -0.8066 -0.4296 0.7811
v  -0.7313 -0.1471 0.7295
v  0.8011 -0.2294 0.8074
v  -0.8817 -0.4296 0.6851
v  0.7169 -0.1559 0.8524
v  0.7269 -0.2294 0.8692
v  0.8043 -0.2434 0.7772
v  0.7532 0.0284 -0.7484
v  0.7691 -0.0425 -0.7754
v  0.6822 -0.0593 -0.8192
v  -0.7461 -0.1471 0.7208
v  0.8709 -0.3169 0.7406
v  0.8610 -0.2438 0.7239
v  0.8021 -0.2438 0.8104
v  -0.8698 -0.3421 0.6650
v  -0.8580 -0.2546 0.6450
v  0.7275 -0.5589 0.6925
v  0.8066 -0.4296 0.7811
v  0.6848 -0.1443 0.7644
v  -0.7925 -0.1558 0.7572
v  -0.8467 -0.1251 0.6944
v  -0.7867 -0.1251 0.7815
v  0.8120 -0.3169 0.8271
v  -0.7911 -0.1559 0.7905
v  0.7169 -0.1559 -0.8779
v  0.6270 -0.1559 -0.9131
v  0.7026 -0.1558 -0.8538
v  0.5971 -0.1558 -0.8983
v  0.6369 -0.2294 -0.9300
v  -0.7026 -0.1558 0.8282
v  -0.7118 -0.1251 0.8437
v  -0.6055 -0.0549 0.8527
v  0.7145 -0.2434 0.8483
v  0.7285 -0.2438 0.8719
v  0.7384 -0.3169 0.8886
v  0.6489 -0.3169 0.9236
v  -0.4261 -0.2075 0.2097
v  -0.4034 -0.3967 0.1887
v  -0.6822 -0.0593 -0.8192
v  -0.6960 -0.0549 -0.8426
v  -0.6112 -0.4296 -0.9221
v  -0.5908 -0.1443 -0.8455
v  -0.5947 -0.1443 -0.8432
v  -0.5971 -0.1558 -0.8983
v  -0.7026 -0.1558 -0.8538
v  -0.7169 -0.1559 0.8524
v  -0.5971 -0.1558 0.8727
v  -0.7169 -0.1559 -0.8779
v  -0.7118 -0.1251 -0.8693
v  0.5908 -0.1443 -0.8455
v  0.6112 -0.4296 -0.9221
v  0.5947 -0.1443 -0.8432
v  0.5890 -0.1315 -0.8426
v  0.3036 -0.1018 0.1733
v  0.2991 -0.1524 0.1703
v  0.8912 -0.3309 0.7012
v  0.9031 -0.4184 0.7213
v  0.8736 -0.3311 0.7440
v  0.8835 -0.4044 0.7607
v  0.2804 -0.1019 0.1903
v  0.1936 -0.1019 0.2152
v  0.2759 -0.1524 0.1873
v  0.2765 -0.1676 0.1701
v  0.8280 -0.4184 0.8173
v  0.5159 -0.1251 -0.9155
v  0.8162 -0.3309 0.7973
v  0.6848 -0.1443 -0.7899
v  0.7292 -0.1618 -0.7176
v  0.6711 -0.1434 -0.8004
v  0.6374 -0.1434 -0.8203
v  0.8144 -0.3311 0.8306
v  0.5724 -0.0423 -0.8144
v  0.5762 -0.0593 -0.8209
v  0.5595 -0.1122 -0.7926
v  0.5800 -0.0763 -0.8273
v  0.5834 -0.0915 -0.8331
v  0.1909 -0.1524 0.2116
v  0.4909 -0.4296 -0.9417
v  0.4672 -0.2546 -0.9016
v  0.4791 -0.3421 -0.9216
v  -0.7096 -0.2175 0.7030
v  -0.6846 -0.2533 0.6199
v  0.5834 -0.0916 -0.8331
v  0.5838 -0.0934 -0.8338
v  0.7168 -0.4296 0.8521
v  0.5706 -0.1618 -0.8114
v  0.5387 -0.1515 -0.8019
v  0.5802 -0.1702 -0.7837
v  0.6192 -0.1443 -0.8287
v  0.8244 -0.4044 0.8473
v  0.7504 -0.4044 0.9090
v  0.7382 -0.4184 0.8883
v  0.7405 -0.3311 0.8922
v  0.6216 -0.1443 -0.8273
v  0.7002 -0.1702 -0.7126
v  0.6314 -0.1437 -0.8230
v  0.7263 -0.3309 0.8683
v  0.4554 -0.1670 -0.8816
v  0.4564 -0.0593 -0.8832
v  0.6326 -0.4184 0.9328
v  -0.5728 -0.2318 0.7864
v  -0.6164 -0.5470 0.8601
v  -0.5718 -0.5589 0.7846
v  -0.5289 -0.2533 0.7121
v  0.6596 0.0599 0.6862
v  -0.5896 -0.2175 0.7740
v  -0.6039 -0.2474 0.8118
v  0.5078 -0.0135 -0.7496
v  -0.7867 -0.1251 -0.8071
v  -0.7168 -0.4296 0.8521
v  -0.5800 -0.0763 -0.8273
v  -0.5834 -0.0915 -0.8331
v  0.1501 -0.1524 0.2878
v  -0.5802 -0.1702 -0.7837
v  -0.6216 -0.1443 -0.8273
v  -0.6192 -0.1443 -0.8287
v  -0.5834 -0.0916 -0.8331
v  -0.7002 -0.1702 -0.7126
v  0.4531 -0.0622 -0.6127
v  0.4604 -0.0169 -0.6250
v  0.4320 -0.2412 0.2020
v  0.4494 -0.3180 0.2315
v  0.4426 -0.0700 -0.6394
v  0.4063 -0.2475 0.1936
v  0.4736 -0.2080 -0.6917
v  0.4261 -0.3345 0.2271
v  0.3885 -0.2639 0.1633
v  -0.6314 -0.1437 -0.8230
v  0.6390 -0.2438 -0.9324
v  0.6489 -0.3169 -0.9491
v  0.6208 -0.3309 -0.9383
v  0.4034 -0.3967 0.1887
v  0.4344 -0.3708 0.2410
v  -0.7214 -0.2344 0.7438
v  -0.6196 -0.2344 0.8039
v  0.4886 -0.2434 -0.9378
v  0.6090 -0.2434 -0.9183
v  0.5005 -0.3309 -0.9579
v  0.5448 -0.3169 -0.9591
v  0.5349 -0.2438 -0.9423
v  -0.6408 -0.5145 0.8742
v  -0.6598 -0.5254 0.8719
v  0.6326 -0.4184 -0.9584
v  0.6607 -0.4044 -0.9696
v  0.5563 -0.4044 -0.9798
v  0.6508 -0.3311 -0.9529
v  -0.8011 -0.2294 0.8074
v  -0.8043 -0.2434 0.7772
v  -0.6567 0.1231 -0.7761
v  -0.7286 -0.2318 0.6943
v  -0.7358 -0.2474 0.7338
v  -0.6450 0.1064 -0.7562
v  -0.5667 0.1116 -0.8163
v  -0.5828 0.0401 -0.8435
v  -0.6589 0.1116 -0.7797
v  0.5124 -0.4184 -0.9779
v  0.5464 -0.3311 -0.9630
v  -0.6749 0.0401 -0.8069
v  -0.8912 -0.3309 0.7012
v  -0.8794 -0.2434 0.6812
v  -0.8709 -0.3169 0.7406
v  -0.8611 -0.2438 0.7239
v  -0.8021 -0.2438 0.8104
v  -0.7292 -0.1618 -0.7176
v  -0.6374 -0.1434 -0.8203
v  -0.6711 -0.1434 -0.8004
v  -0.6293 0.0599 -0.7297
v  -0.6057 0.0587 -0.7402
v  -0.6596 0.0599 -0.7118
v  -0.7709 -0.0549 -0.7804
v  -0.7337 0.1231 -0.7126
v  -0.7720 -0.0593 -0.7481
v  -0.8120 -0.3169 0.8271
v  -0.7285 -0.2438 0.8719
v  -0.7070 0.0587 -0.6802
v  -0.8162 -0.3309 0.7973
v  -0.6848 -0.1443 -0.7899
v  -0.6489 -0.3169 0.9236
v  0.5417 -0.2408 -0.7186
v  0.5896 -0.2175 -0.7995
v  -0.6189 -0.0169 -0.5313
v  -0.7911 -0.1559 -0.8161
v  -0.7925 -0.1558 -0.7827
v  -0.6038 0.0587 -0.7413
v  -0.6390 -0.2438 0.9068
v  -0.7145 -0.2434 0.8483
v  -0.6090 -0.2434 0.8928
v  -0.7384 -0.3169 0.8886
v  -0.7269 -0.2294 0.8692
v  -0.7180 -0.1122 -0.6988
v  -0.7052 -0.0135 -0.6327
v  0.7214 -0.2344 -0.7693
v  0.6196 -0.2344 -0.8294
v  -0.7348 0.1064 -0.6852
v  -0.7263 -0.3309 0.8683
v  -0.7347 -0.0593 -0.7271
v  -0.7353 0.1116 -0.7166
v  0.5728 -0.2318 -0.8120
v  0.6408 -0.5145 -0.8998
v  0.6164 -0.5470 -0.8856
v  0.6039 -0.2474 -0.8374
v  -0.7970 0.1116 -0.6285
v  -0.7424 -0.0934 -0.7400
v  -0.7386 -0.0763 -0.7336
v  -0.7514 0.0401 -0.7437
v  0.2864 -0.3967 0.2579
v  -0.8461 -0.1670 -0.6505
v  0.2715 -0.2639 0.2326
v  -0.8310 -0.0549 -0.6933
v  0.2851 -0.2635 0.1892
v  -0.8467 -0.1251 -0.7199
v  0.2489 -0.2412 0.2401
v  -0.7313 -0.1471 -0.7550
v  -0.7185 -0.1443 -0.7700
v  -0.7461 -0.1471 -0.7463
v  -0.7362 -0.1515 -0.6851
v  -0.7449 -0.1298 -0.7443
v  0.2689 -0.4194 0.2740
v  -0.8698 -0.3421 -0.6906
v  -0.8580 -0.2546 -0.6705
v  -0.8817 -0.4296 -0.7106
v  0.2896 -0.4268 0.1921
v  0.2851 -0.4267 0.1892
v  0.5289 -0.2533 -0.7376
v  0.5199 -0.2224 -0.6817
v  0.4910 -0.2308 -0.6767
v  0.5068 -0.2087 -0.6561
v  0.4566 0.1231 0.7994
v  0.6450 0.1064 0.7307
v  0.5667 0.1116 0.7908
v  0.5312 -0.2881 -0.7008
v  0.4789 -0.0843 -0.6088
v  0.5395 0.1064 0.7752
v  0.5869 -0.2342 -0.5245
v  0.4699 -0.2342 -0.5937
v  0.6238 -0.2087 -0.5869
v  0.5523 0.0557 0.7374
v  0.5750 0.0587 0.7328
v  0.6038 0.0587 0.7158
v  0.6749 0.0401 0.7814
v  0.5827 0.0401 0.8180
v  0.6774 0.0284 0.7857
v  0.6636 0.0235 0.7622
v  0.5581 0.0235 0.8067
v  0.5884 -0.5737 -0.7976
v  0.5860 0.0284 0.8218
v  0.4598 0.1116 0.8024
v  0.4758 0.0401 0.8296
v  0.4497 -0.0779 -0.5455
v  0.4593 -0.1007 -0.5758
v  0.4342 -0.1118 -0.5683
v  0.4281 -0.0917 -0.5402
v  0.6117 -0.0622 -0.5190
v  0.6189 -0.0169 -0.5313
v  0.4191 0.1064 0.7947
v  0.4377 0.0235 0.8262
v  0.5327 0.0069 0.7219
v  0.5571 0.0257 0.7631
v  0.5446 0.0557 0.7419
v  0.4798 0.0284 0.8330
v  0.4957 -0.0425 0.8599
v  0.5724 -0.0423 0.7889
v  0.5595 -0.1122 0.7671
v  0.5762 -0.0593 0.7954
v  0.6934 -0.0425 0.8126
v  0.5800 -0.0763 0.8018
v  0.7118 -0.1251 0.8437
v  0.6055 -0.0549 0.8527
v  0.5767 -0.0593 0.8381
v  0.6019 -0.0425 0.8487
v  0.6314 -0.1437 0.7974
v  0.6374 -0.1434 0.7948
v  0.6711 -0.1434 0.7749
v  0.7026 -0.1558 0.8282
v  0.5834 -0.0915 0.8075
v  0.4909 -0.4296 0.9161
v  0.5834 -0.0916 0.8076
v  0.5838 -0.0934 0.8082
v  0.5890 -0.1315 0.8170
v  -0.8675 -0.1558 -0.6867
v  -0.8506 -0.1559 -0.7293
v  -0.8605 -0.2294 -0.7462
v  0.4408 -0.1949 -0.5794
v  0.4668 -0.1950 -0.5884
v  0.5908 -0.1443 0.8200
v  0.5706 -0.1618 0.7858
v  0.5947 -0.1443 0.8177
v  -0.6401 -0.0700 -0.5226
v  -0.6710 -0.2080 -0.5749
v  0.3173 -0.3708 -0.3357
v  0.3018 -0.3180 -0.3443
v  0.6216 -0.1443 0.8017
v  0.6192 -0.1443 0.8032
v  0.2843 -0.2412 -0.3148
v  0.2940 -0.2075 -0.3134
v  0.6112 -0.4296 0.8966
v  -0.6489 -0.3169 -0.9491
v  -0.6390 -0.2438 -0.9324
v  0.5387 -0.1515 0.7764
v  0.5802 -0.1702 0.7581
v  0.2893 -0.2475 -0.2883
v  0.2976 -0.2093 -0.2883
v  -0.7269 -0.2294 -0.8947
v  -0.6508 -0.3311 -0.9529
v  -0.6326 -0.4184 -0.9584
v  0.3091 -0.3345 -0.3218
v  0.2864 -0.3967 -0.2834
v  0.2715 -0.2639 -0.2581
v  0.4554 -0.1670 0.8560
v  0.2689 -0.4194 -0.2996
v  0.2489 -0.2412 -0.2656
v  -0.8736 -0.3311 0.7440
v  -0.8144 -0.3311 0.8306
v  0.6369 -0.2294 0.9045
v  0.6270 -0.1559 0.8876
v  -0.7728 -0.5145 0.7962
v  0.5971 -0.1558 0.8727
v  0.6213 -0.1251 0.8793
v  0.5159 -0.1251 0.8900
v  -0.8835 -0.4044 0.7607
v  0.4564 -0.0593 0.8577
v  -0.7615 -0.5254 0.8117
v  -0.6508 -0.3311 0.9273
v  0.5223 -0.1559 0.8979
v  0.4768 -0.1558 0.8923
v  0.5323 -0.2294 0.9147
v  0.4672 -0.2546 0.8761
v  0.1782 -0.4589 -0.1462
v  -0.7504 -0.4044 -0.9345
v  0.2840 -0.4267 -0.2140
v  0.2896 -0.4268 -0.2176
v  -0.7405 -0.3311 -0.9178
v  -0.7263 -0.3309 -0.8938
v  0.6370 -0.5608 -0.8798
v  -0.7384 -0.3169 -0.9141
v  -0.6326 -0.4184 0.9328
v  -0.6607 -0.4044 0.9441
v  -0.7405 -0.3311 0.8922
v  0.8704 -1.1173 -0.9856
v  0.6187 -1.1174 -1.0338
v  0.7374 -1.1173 -1.0643
v  0.8345 -1.0821 -1.1488
v  0.7372 -1.0433 -1.0639
v  0.8975 -1.0821 -1.1115
v  0.8349 -1.1171 -1.1494
v  -0.5896 -0.2175 -0.7995
v  -0.5289 -0.2533 -0.7376
v  -0.5728 -0.2318 -0.8120
v  -0.6039 -0.2474 -0.8374
v  0.6333 -1.0113 -0.8734
v  0.7073 -0.9146 -0.9871
v  0.7073 -0.9095 -0.9887
v  0.7073 -0.8980 -0.9858
v  0.7073 -0.9147 -0.9871
v  0.6574 -0.6313 -0.9254
v  0.6574 -0.6312 -0.9253
v  0.6706 -0.6148 -0.9194
v  0.6574 -0.6189 -0.9142
v  0.6529 -0.6223 -0.9142
v  0.6658 -0.6127 -0.9142
v  -0.6196 -0.2344 -0.8294
v  0.6709 -0.6188 -0.9204
v  0.6574 -0.6312 -0.9254
v  0.6453 -0.6264 -0.9142
v  0.6574 -0.6199 -0.9142
v  0.6655 -0.6155 -0.9142
v  0.6711 -0.6186 -0.9203
v  -0.7096 -0.2175 -0.7286
v  0.6937 -0.7997 -0.9629
v  0.6961 -0.7997 -0.9626
v  0.6860 -0.7997 -0.9640
v  -0.7214 -0.2344 -0.7693
v  0.6807 -0.7997 -0.9647
v  0.6961 -0.7997 -0.9625
v  0.6403 -0.6649 -0.9142
v  0.6715 -0.7997 -0.9567
v  0.6599 -0.6796 -0.9142
v  0.6699 -0.7997 -0.9355
v  0.6494 -0.7997 -0.9142
v  0.6512 -0.6407 -0.9017
v  0.6574 -0.6407 -0.9142
v  -0.7382 -0.4184 0.8883
v  -0.7504 -0.4044 0.9090
v  -0.8244 -0.4044 0.8473
v  -0.8280 -0.4184 0.8173
v  0.6383 -0.6805 -0.9142
v  0.6383 -0.7997 -0.9142
v  0.6633 -0.6407 -0.9142
v  0.5717 -0.5589 -0.8101
v  0.6598 -0.5254 -0.8975
v  0.5002 -0.0549 0.8634
v  -0.9031 -0.4184 0.7213
v  0.6300 -0.6204 -0.9002
v  -0.5547 -1.0823 0.6500
v  -0.5551 -1.1173 0.6507
v  -0.6181 -1.1173 0.6133
v  -0.6177 -1.0823 0.6127
v  -0.4827 -1.0809 1.0500
v  -0.4497 -1.0810 0.9941
v  -0.6185 -1.0435 1.0079
v  -0.6333 -1.0113 0.8479
v  -0.5518 -1.0437 0.8951
v  -0.5898 -1.0226 0.8384
v  -0.4498 -1.1177 0.9943
v  -0.4829 -1.1176 1.0502
v  -0.5520 -1.1176 0.8955
v  -0.5823 -1.0438 0.7765
v  -0.7168 -0.4296 -0.8777
v  -0.7285 -0.2438 -0.8974
v  -0.7145 -0.2434 -0.8738
v  -0.7084 -0.5737 0.7010
v  0.5864 -0.6309 -0.8264
v  0.5941 -0.6144 -0.8072
v  -0.7615 -0.5254 -0.8373
v  -0.8011 -0.2294 -0.8329
v  -0.8043 -0.2434 -0.8028
v  -0.7141 -0.6144 0.7106
v  -0.8021 -0.2438 -0.8359
v  -0.8120 -0.3169 -0.8526
v  -0.5828 -0.6535 0.7625
v  -0.7571 -0.5608 0.7833
v  -0.7721 -0.5470 0.7680
v  -0.7275 -0.5589 0.6925
v  0.6481 -0.6407 -0.8984
v  -0.6370 -0.5608 0.8543
v  -0.7628 -0.6027 0.7930
v  -0.7347 -0.6309 0.7132
v  -0.7783 -0.6204 0.7870
v  0.5417 -0.2408 0.6930
v  -0.7763 -0.9280 0.7835
v  0.5828 -0.6535 -0.7880
v  0.5289 -0.2533 0.7121
v  0.5728 -0.2318 0.7864
v  0.5896 -0.2175 0.7740
v  0.6280 -0.9280 -0.8968
v  -0.7826 -0.6247 0.8265
v  -0.7872 -0.6313 0.8231
v  -0.7848 -0.6407 0.8302
v  -0.7765 -0.6167 0.8163
v  0.6242 -0.9469 -0.8580
v  -0.8709 -0.3169 -0.7661
v  0.6548 -0.7997 -0.9420
v  -0.8611 -0.2438 -0.7494
v  -0.7681 -0.6407 0.8020
v  -0.7823 -0.6226 0.8260
v  0.6722 -0.9259 -0.9715
v  0.6899 -0.9438 -0.9692
v  0.6943 -0.8985 -0.9878
v  -0.7682 -0.6407 0.8022
v  -0.8168 -0.9132 0.9013
v  0.6196 -0.2344 0.8039
v  0.7117 -0.9132 -0.9890
v  -0.7756 -0.6148 0.8317
v  0.4827 -1.0809 -1.0755
v  0.4497 -1.0810 -1.0196
v  0.6185 -1.0435 -1.0335
v  0.6039 -0.2474 0.8118
v  0.5518 -1.0437 -0.9207
v  0.6991 -1.0109 -0.9848
v  0.6865 -1.0221 -1.0275
v  -0.6617 -0.2408 -0.6475
v  0.5640 0.1231 -0.8130
v  0.4566 0.1231 -0.8249
v  0.5479 0.1950 -0.7856
v  0.6406 0.1950 -0.7488
v  0.4005 0.1892 -0.7888
v  0.4405 0.1950 -0.7976
v  0.5209 0.1892 -0.7693
v  0.6264 0.1892 -0.7248
v  -0.6495 -0.2308 -0.5830
v  0.5006 0.1717 -0.7350
v  0.6061 0.1717 -0.6905
v  0.5520 -1.1176 -0.9211
v  0.4829 -1.1176 -1.0757
v  0.4498 -1.1177 -1.0198
v  0.7615 -0.5254 0.8117
v  0.3803 0.1717 -0.7545
v  0.5823 -1.0438 -0.8020
v  0.5898 -1.0226 -0.8639
v  -0.6428 -0.6027 0.8640
v  -0.6300 -0.6204 0.8747
v  -0.5864 -0.6309 0.8009
v  -0.6574 -0.6313 0.8999
v  -0.6943 -0.8985 0.9622
v  -0.5941 -0.6144 0.7817
v  0.6567 0.1231 -0.7761
v  -0.6626 -0.6248 0.8975
v  -0.6648 -0.6407 0.9012
v  0.6589 0.1116 -0.7797
v  0.5667 0.1116 -0.8163
v  0.6450 0.1064 -0.7562
v  -0.6481 -0.6407 0.8729
v  0.5395 0.1064 -0.8007
v  -0.6961 -0.7997 0.9370
v  -0.6706 -0.6148 0.8939
v  -0.6741 -0.6407 0.8999
v  -0.6727 -0.6407 0.9001
v  -0.6512 -0.6407 0.8762
v  0.5827 0.0401 -0.8435
v  0.6749 0.0401 -0.8069
v  0.4598 0.1116 -0.8280
v  0.4758 0.0401 -0.8551
v  -0.6846 -0.2533 -0.6455
v  -0.7286 -0.2318 -0.7199
v  -0.5828 -0.6535 -0.7880
v  -0.8794 -0.2434 -0.7067
v  -0.7358 -0.2474 -0.7593
v  0.4791 -0.3421 0.8961
v  -0.7847 -0.6407 0.8303
v  0.5884 -0.5737 0.7720
v  0.6090 -0.2434 0.8928
v  0.6390 -0.2438 0.9068
v  -0.5718 -0.5589 -0.8101
v  -0.6164 -0.5470 -0.8856
v  0.6208 -0.3309 0.9128
v  -0.8066 -0.4296 -0.8066
v  0.8702 -1.0433 -0.9853
v  0.4886 -0.2434 0.9123
v  0.5005 -0.3309 0.9323
v  0.5349 -0.2438 0.9168
v  0.5448 -0.3169 0.9335
v  -0.8244 -0.4044 -0.8729
v  -0.8835 -0.4044 -0.7863
v  -0.8144 -0.3311 -0.8561
v  0.5825 -1.1178 -0.8024
v  -0.8736 -0.3311 -0.7695
v  -0.8162 -0.3309 -0.8228
v  -0.7728 -0.5145 -0.8217
v  0.6408 -0.5145 0.8742
v  0.5717 -0.5589 0.7846
v  -0.7382 -0.4184 -0.9139
v  -0.8280 -0.4184 -0.8428
v  0.5446 0.0557 -0.7675
v  0.5750 0.0587 -0.7583
v  0.5523 0.0557 -0.7630
v  0.6607 -0.4044 0.9441
v  0.6508 -0.3311 0.9273
v  -0.8912 -0.3309 -0.7268
v  0.6164 -0.5470 0.8601
v  -0.9031 -0.4184 -0.7468
v  0.0182 -0.0738 -0.0649
v  0.2680 -0.0738 -0.1045
v  0.0652 -0.0738 -0.0003
v  0.4191 0.1064 -0.8203
v  0.2449 -0.1019 -0.2086
v  0.2413 -0.1524 -0.2055
v  0.2180 -0.1019 -0.2224
v  0.2236 -0.0866 -0.2067
v  0.5124 -0.4184 0.9524
v  0.5464 -0.3311 0.9375
v  0.5563 -0.4044 0.9542
v  0.2144 -0.1524 -0.2193
v  0.6598 -0.5254 0.8719
v  0.6057 0.0587 -0.7402
v  -0.4281 -0.0917 -0.5402
v  -0.4497 -0.0779 -0.5455
v  -0.2976 -0.2093 -0.2883
v  0.3305 -0.0866 -0.1289
v  -0.5602 -0.0917 -0.4621
v  -0.5818 -0.1118 -0.4810
v  -0.4261 -0.2075 -0.2353
v  0.6986 0.0521 -0.6659
v  -0.4593 -0.1007 -0.5758
v  -0.4342 -0.1118 -0.5683
v  0.6038 0.0587 -0.7413
v  -0.5763 -0.1007 -0.5066
v  0.6293 0.0599 -0.7297
v  0.1840 -0.2694 -0.1560
v  0.2009 -0.1762 -0.1815
v  -0.5959 -0.0843 -0.5396
v  0.2179 -0.1676 -0.2017
v  -0.4408 -0.1949 -0.5794
v  -0.3018 -0.3180 -0.3443
v  -0.4668 -0.1950 -0.5884
v  -0.2843 -0.2412 -0.3148
v  0.2674 -0.2260 -0.1043
v  0.2246 -0.2598 -0.1823
v  -0.5869 -0.2342 -0.5245
v  0.8099 0.1064 -0.5892
v  0.7913 0.1892 -0.5577
v  0.7710 0.1717 -0.5235
v  0.8285 0.0235 -0.6206
v  -0.6280 -0.9280 0.8712
v  0.7970 0.1116 -0.6285
v  0.7353 0.1116 -0.7166
v  -0.7942 -0.6823 0.8350
v  -0.7875 -0.6609 0.8350
v  -0.8007 -0.7561 0.8350
v  -0.8044 -0.7997 0.8350
v  -0.8205 -0.9259 0.8583
v  -0.7876 -0.7809 0.8350
v  0.7162 0.1892 -0.6538
v  0.6960 0.1717 -0.6195
v  -0.7533 -1.0113 0.7769
v  0.7175 0.1950 -0.6853
v  -0.8045 -0.7997 0.8350
v  -0.7888 -0.7997 0.8350
v  -0.6722 -0.9259 0.9460
v  -0.6937 -0.7997 0.9373
v  -0.6865 -0.7997 0.9272
v  0.5547 -1.0823 0.6500
v  0.6177 -1.0823 0.6127
v  0.6181 -1.1173 0.6133
v  0.5551 -1.1173 0.6507
v  -0.7900 -0.7997 0.8390
v  -0.8078 -0.7997 0.8505
v  -0.6699 -0.7997 0.9100
v  0.7721 -0.5470 0.7680
v  0.7571 -0.5608 0.7833
v  -0.8104 -0.7997 0.8624
v  -0.8072 -0.7997 0.8668
v  -0.8068 -0.7997 0.8673
v  -0.6242 -0.9469 0.8325
v  -0.7605 -0.9461 0.7891
v  0.7797 0.1950 -0.5969
v  0.7959 0.1231 -0.6242
v  0.1896 -0.2598 -0.0741
v  0.2143 -0.2598 -0.0357
v  0.7347 -0.6309 0.7132
v  0.7141 -0.6144 0.7106
v  0.7628 -0.6027 0.7930
v  -0.2940 -0.2075 -0.3134
v  0.7783 -0.6204 0.7870
v  0.7826 -0.6247 0.8265
v  0.7848 -0.6407 0.8302
v  0.7872 -0.6313 0.8231
v  0.7765 -0.6167 0.8162
v  -0.6899 -0.9438 0.9436
v  -0.7091 -0.9110 0.9633
v  0.2170 -0.4268 -0.1661
v  0.7348 0.1064 -0.6852
v  0.7337 0.1231 -0.7126
v  0.2171 -0.4267 -0.1660
v  0.2403 -0.4267 -0.1294
v  0.7681 -0.6407 0.8020
v  -0.7073 -0.9146 0.9616
v  0.2167 -0.4268 -0.1666
v  0.2167 -0.4267 -0.1666
v  -0.7092 -0.9115 0.9634
v  0.8168 -0.9132 0.9013
v  0.7682 -0.6407 0.8022
v  0.1774 -0.4267 -0.1448
v  0.1840 -0.4267 -0.1560
v  0.1774 -0.4268 -0.1448
v  0.1746 -0.4268 -0.1401
v  0.2139 -0.4268 -0.1648
v  -0.7117 -0.9132 0.9635
v  0.2136 -0.4267 -0.1646
v  0.7084 -0.5737 0.7010
v  0.7756 -0.6148 0.8317
v  -0.8099 -0.9438 0.8726
v  -0.8241 -0.8985 0.8855
v  -0.8212 -0.9043 0.8917
v  0.1812 -0.4267 -0.0142
v  0.1790 -0.4267 -0.0175
v  -0.7155 -1.1178 0.6982
v  -0.7153 -1.0438 0.6978
v  -0.5825 -1.1178 0.7768
v  -0.7660 -1.0226 0.7342
v  -0.8342 -1.1176 0.7287
v  -0.9698 -1.0810 0.6864
v  -0.8339 -1.0437 0.7283
v  -0.9699 -1.1177 0.6866
v  0.8461 -0.1670 -0.6505
v  0.8471 -0.0593 -0.6521
v  -0.8704 -1.1173 0.9601
v  0.8131 0.0401 -0.6557
v  0.7514 0.0401 -0.7437
v  -0.6865 -1.0221 1.0019
v  -0.6991 -1.0109 0.9593
v  0.8675 -0.1558 -0.6867
v  0.7534 0.0235 -0.7166
v  0.7070 0.0587 -0.6802
v  0.6805 0.0587 -0.6959
v  0.6596 0.0599 -0.7118
v  -0.8192 -1.0109 0.8883
v  -0.8626 -1.0221 0.8978
v  -0.8702 -1.0433 0.9597
v  -0.9006 -1.0435 0.8411
v  -0.8980 -1.1171 1.0866
v  -0.7374 -1.1173 1.0387
v  -0.6187 -1.1174 1.0083
v  -0.8976 -1.0821 1.0860
v  0.7847 -0.6407 0.8303
v  0.7763 -0.9280 0.7835
v  -1.0029 -1.0809 0.7423
v  0.8045 -0.7839 0.8638
v  0.8067 -0.7997 0.8674
v  0.8068 -0.7997 0.8673
v  -0.9008 -1.1174 0.8414
v  0.7902 -0.7997 0.8394
v  -1.0030 -1.1176 0.7425
v  0.8794 -0.2434 -0.7067
v  0.8605 -0.2294 -0.7462
v  0.8610 -0.2438 -0.7494
v  0.8021 -0.2438 -0.8359
v  0.8043 -0.2434 -0.8028
v  0.7900 -0.7997 0.8390
v  0.8205 -0.9259 0.8583
v  0.7605 -0.9461 0.7891
v  -0.2893 -0.2475 -0.2883
v  -0.3091 -0.3345 -0.3218
v  0.8241 -0.8985 0.8855
v  0.8212 -0.9043 0.8917
v  0.8099 -0.9438 0.8726
v  0.8580 -0.2546 -0.6705
v  0.8817 -0.4296 -0.7106
v  0.8698 -0.3421 -0.6906
v  0.7424 -0.0934 -0.7400
v  -0.8350 -1.1171 1.1239
v  -0.4023 -0.2093 -0.2263
v  0.6899 -0.9438 0.9436
v  0.9698 -1.0810 -0.7120
v  -0.8345 -1.0821 1.1232
v  -0.7372 -1.0433 1.0384
v  1.0030 -1.1176 0.7425
v  0.8342 -1.1176 0.7287
v  0.9699 -1.1177 0.6866
v  1.0029 -1.0809 0.7423
v  0.9698 -1.0810 0.6864
v  0.8339 -1.0437 0.7283
v  1.0030 -1.1176 -0.7681
v  -0.5544 -0.0779 -0.4836
v  0.9699 -1.1177 -0.7121
v  -0.3173 -0.3708 -0.3357
v  -0.2864 -0.3967 -0.2834
v  0.7156 0.0257 -0.6948
v  0.6913 0.0069 -0.6536
v  0.8142 0.0284 -0.6608
v  0.8301 -0.0425 -0.6877
v  0.7153 -1.0438 0.6978
v  0.7660 -1.0226 0.7342
v  0.7155 -1.1178 0.6982
v  0.5825 -1.1178 0.7768
v  0.7911 -0.1559 -0.8161
v  -0.4344 -0.3708 -0.2665
v  0.7533 -1.0113 0.7769
v  0.8192 -1.0109 0.8883
v  0.9006 -1.0435 0.8411
v  0.5898 -1.0226 0.8384
v  0.5823 -1.0438 0.7765
v  0.6333 -1.0113 0.8479
v  0.7709 -0.0549 -0.7804
v  0.7867 -0.1251 -0.8071
v  -0.4059 -0.2412 -0.1727
v  -0.2715 -0.2639 -0.2581
v  -0.4063 -0.2475 -0.2191
v  0.7925 -0.1558 -0.7827
v  0.8467 -0.1251 -0.7199
v  0.7347 -0.0593 -0.7271
v  0.7720 -0.0593 -0.7481
v  0.9008 -1.1174 0.8414
v  0.8310 -0.0549 -0.6933
v  0.6242 -0.9469 0.8325
v  0.8626 -1.0221 0.8978
v  -0.3885 -0.2639 -0.1889
v  -0.4320 -0.2412 -0.2275
v  -0.4261 -0.3345 -0.2526
v  -0.4494 -0.3180 -0.2570
v  -0.4034 -0.3967 -0.2142
v  0.8702 -1.0433 0.9597
v  0.8975 -1.0821 1.0860
v  0.8704 -1.1173 0.9601
v  0.7374 -1.1173 1.0387
v  0.6187 -1.1174 1.0083
v  0.6991 -1.0109 0.9593
v  0.8980 -1.1171 1.0866
v  0.8349 -1.1171 1.1239
v  0.7372 -1.0433 1.0384
v  0.8345 -1.0821 1.1232
v  -0.5838 -0.1950 -0.5192
v  -0.5884 -0.1949 -0.4921
v  -0.6117 -0.0622 -0.5190
v  0.7073 -0.8980 0.9603
v  0.7073 -0.9095 0.9632
v  0.7073 -0.9146 0.9615
v  0.7073 -0.9147 0.9615
v  0.8506 -0.1559 -0.7293
v  0.7180 -0.1122 -0.6988
v  0.7449 -0.1298 -0.7443
v  0.7386 -0.0763 -0.7336
v  0.5828 -0.6535 0.7625
v  0.6370 -0.5608 0.8543
v  0.5941 -0.6144 0.7817
v  -0.6187 -1.1174 -1.0338
v  0.6428 -0.6027 0.8640
v  0.7461 -0.1471 -0.7463
v  0.7313 -0.1471 -0.7550
v  0.7362 -0.1515 -0.6851
v  0.6626 -0.6248 0.8975
v  0.6574 -0.6313 0.8999
v  0.6648 -0.6407 0.9012
v  -0.5518 -1.0437 -0.9207
v  0.6300 -0.6204 0.8747
v  0.5864 -0.6309 0.8009
v  0.6481 -0.6407 0.8729
v  -0.6658 -0.6127 -0.9142
v  -0.6574 -0.6189 -0.9142
v  -0.6706 -0.6148 -0.9194
v  -0.6574 -0.6312 -0.9253
v  -0.6529 -0.6223 -0.9142
v  -0.6574 -0.6313 -0.9254
v  -0.6709 -0.6188 -0.9204
v  -0.6961 -0.7997 -0.9626
v  0.6741 -0.6407 0.8999
v  0.6727 -0.6407 0.9001
v  0.6706 -0.6148 0.8939
v  -0.6574 -0.6312 -0.9254
v  0.6512 -0.6407 0.8762
v  -0.6453 -0.6265 -0.9142
v  -0.6453 -0.6264 -0.9142
v  -0.6655 -0.6155 -0.9142
v  -0.6574 -0.6199 -0.9142
v  -0.6711 -0.6186 -0.9203
v  -0.6937 -0.7997 -0.9629
v  -0.6860 -0.7997 -0.9640
v  -0.6807 -0.7997 -0.9647
v  -0.6961 -0.7997 -0.9625
v  -0.6403 -0.6649 -0.9142
v  -0.6715 -0.7997 -0.9567
v  -0.6494 -0.7997 -0.9142
v  -0.6699 -0.7997 -0.9355
v  -0.6599 -0.6796 -0.9142
v  -0.6512 -0.6407 -0.9017
v  -0.6574 -0.6407 -0.9142
v  -0.6383 -0.6805 -0.9142
v  -0.6383 -0.7997 -0.9142
v  -0.6633 -0.6407 -0.9142
v  -0.6408 -0.5145 -0.8998
v  -0.6598 -0.5254 -0.8975
v  0.6280 -0.9280 0.8712
v  0.6961 -0.7997 0.9370
v  0.6937 -0.7997 0.9373
v  0.6943 -0.8985 0.9622
v  0.6865 -0.7997 0.9272
v  0.6699 -0.7997 0.9100
v  0.6722 -0.9259 0.9460
v  0.7358 -0.2474 -0.7593
v  0.7117 -0.9132 0.9635
v  0.7185 -0.1443 -0.7700
v  0.5520 -1.1176 0.8955
v  0.7096 -0.2175 -0.7286
v  0.5518 -1.0437 0.8951
v  0.4497 -1.0810 0.9941
v  0.6865 -1.0221 1.0019
v  -0.6370 -0.5608 -0.8798
v  0.6185 -1.0435 1.0079
v  0.4827 -1.0809 1.0500
v  0.4498 -1.1177 0.9943
v  0.4829 -1.1176 1.0502
v  -0.0016 -0.0866 0.2970
v  0.0497 -0.2431 0.2785
v  0.0030 -0.2431 0.2830
v  0.7052 -0.0135 -0.6327
v  -0.6428 -0.6027 -0.8896
v  0.6401 -0.0700 -0.5226
v  -0.1555 -0.1019 0.2914
v  -0.1318 -0.1019 0.2969
v  -0.1297 -0.1524 0.2933
v  -0.1533 -0.1524 0.2878
v  -0.6300 -0.6204 -0.9002
v  -0.5941 -0.6144 -0.8072
v  -0.6280 -0.9280 -0.8968
v  -0.5864 -0.6309 -0.8264
v  -0.0595 -0.2948 0.2847
v  -0.0878 -0.2948 0.2820
v  -0.0016 -0.2431 0.2833
v  -0.0017 -0.2948 0.2903
v  -0.6481 -0.6407 -0.8984
v  0.6399 -0.2224 -0.6107
v  0.6617 -0.2408 -0.6475
v  -0.0136 -0.1524 0.3051
v  -0.0016 -0.1676 0.2910
v  -0.1168 -0.2565 0.2739
v  -0.1184 -0.2431 0.2719
v  -0.1247 -0.3076 0.3408
v  -0.7756 -0.6148 -0.8572
v  0.6846 -0.2533 -0.6455
v  -0.1312 -0.2786 0.3543
v  -0.7275 -0.5589 -0.7180
v  -0.7721 -0.5470 -0.7935
v  -0.7571 -0.5608 -0.8088
v  -0.7848 -0.6407 -0.8558
v  -0.7872 -0.6313 -0.8486
v  -0.7826 -0.6247 -0.8521
v  -0.7765 -0.6167 -0.8418
v  -0.7783 -0.6204 -0.8125
v  -0.7628 -0.6027 -0.8186
v  -0.7826 -0.6247 -0.8520
v  -0.7141 -0.6144 -0.7362
v  -0.7681 -0.6407 -0.8275
v  -0.1247 -0.2431 0.2980
v  -0.7823 -0.6226 -0.8515
v  -0.8168 -0.9132 -0.9269
v  -0.7682 -0.6407 -0.8278
v  -0.7347 -0.6309 -0.7387
v  -0.1174 -0.2094 0.3334
v  -0.7084 -0.5737 -0.7265
v  0.0618 -0.0738 -0.0213
v  0.0522 -0.0738 -0.0403
v  -0.0427 -0.0738 -0.0553
v  -0.0577 -0.0738 -0.0403
v  -0.0674 -0.0738 -0.0213
v  -0.0674 -0.0738 0.0207
v  -0.0028 -0.0738 0.0676
v  0.0372 -0.0738 0.0547
v  -0.7847 -0.6407 -0.8559
v  0.5763 -0.1007 -0.5066
v  0.5544 -0.0779 -0.4836
v  0.5602 -0.0917 -0.4621
v  0.5818 -0.1118 -0.4810
v  -0.0980 -0.6279 0.3809
v  0.0522 -0.0738 0.0396
v  -0.8045 -0.7839 -0.8893
v  -0.8241 -0.8985 -0.9110
v  -0.1127 -0.6497 0.3321
v  -0.8067 -0.7997 -0.8930
v  -0.8068 -0.7997 -0.8929
v  0.0372 -0.0738 -0.0553
v  -0.8205 -0.9259 -0.8838
v  -0.0147 -0.2948 0.2890
v  -0.7902 -0.7997 -0.8650
v  -0.0707 -0.0738 -0.0003
v  -0.0427 -0.0738 0.0547
v  0.0182 -0.0738 0.0643
v  -0.1026 -0.3227 0.2843
v  -0.7605 -0.9461 -0.8147
v  -0.1121 -0.3573 0.3210
v  -0.0016 -0.3573 0.3318
v  -0.6548 -0.7997 -0.9420
v  -0.7900 -0.7997 -0.8645
v  -0.6943 -0.8985 -0.9878
v  -0.7091 -0.9110 -0.9888
v  -0.7073 -0.9146 -0.9871
v  -0.6722 -0.9259 -0.9715
v  -0.6899 -0.9438 -0.9692
v  -0.7092 -0.9115 -0.9890
v  -0.7117 -0.9132 -0.9890
v  -0.6185 -1.0435 -1.0335
v  0.0401 -0.4813 -0.0649
v  -0.6865 -1.0221 -1.0275
v  -0.6991 -1.0109 -0.9848
v  0.0347 -0.4813 -0.0828
v  -0.0016 -0.6791 0.3428
v  -0.0947 -0.3573 0.2959
v  -0.0016 -0.4357 -0.1520
v  0.0893 -0.4801 -0.0134
v  -0.7372 -1.0433 -1.0639
v  -0.0016 -0.3379 0.2962
v  0.5959 -0.0843 -0.5396
v  0.6495 -0.2308 -0.5830
v  -0.0016 -0.3573 0.3091
v  -0.0016 -0.1676 -0.2758
v  0.4261 -0.2075 -0.2353
v  -0.0016 -0.4813 -0.0875
v  0.1523 -0.1019 0.2914
v  0.1286 -0.1019 0.2969
v  -0.1292 -0.4053 -0.1106
v  0.1265 -0.1524 0.2933
v  -0.0433 -0.4813 -0.0649
v  -0.0379 -0.4813 -0.0828
v  0.1153 -0.2431 0.2721
v  -0.7374 -1.1173 -1.0643
v  0.5838 -0.1950 -0.5192
v  0.5884 -0.1949 -0.4921
v  0.0104 -0.1524 0.3051
v  -0.8702 -1.0433 -0.9853
v  0.1742 -0.2142 0.2964
v  0.6710 -0.2080 -0.5749
v  0.1143 -0.2094 0.3334
v  -0.5825 -1.1178 -0.8024
v  -0.8704 -1.1173 -0.9856
v  -0.8350 -1.1171 -1.1494
v  0.0712 -0.2431 0.2764
v  0.0401 -0.4813 0.0382
v  -0.8345 -1.0821 -1.1488
v  -0.0433 -0.4813 0.0382
v  -0.8626 -1.0221 -0.9233
v  -0.8192 -1.0109 -0.9138
v  -0.0925 -0.4801 -0.0134
v  0.4320 -0.2412 -0.2275
v  0.4494 -0.3180 -0.2570
v  0.4023 -0.2093 -0.2263
v  -0.9006 -1.0435 -0.8666
v  0.4063 -0.2475 -0.2191
v  0.1136 -0.2567 0.2742
v  0.1215 -0.3076 0.3408
v  -0.0136 -0.1019 0.3089
v  0.0104 -0.1019 0.3089
v  0.3323 -0.1019 -0.1448
v  0.3271 -0.1524 -0.1430
v  0.3447 -0.1018 -0.1205
v  0.3395 -0.1524 -0.1187
v  -0.0016 -0.2094 0.3452
v  -0.0016 -0.2786 0.3675
v  -0.9008 -1.1174 -0.8670
v  -0.8980 -1.1171 -1.1121
v  -0.8976 -1.0821 -1.1115
v  0.3222 -0.1676 -0.1259
v  -0.8194 -0.9106 -0.9142
v  -0.8226 -0.9015 -0.9142
v  -0.8194 -0.8913 -0.9142
v  -0.6242 -0.9469 -0.8580
v  0.2980 -0.1762 -0.1144
v  -0.7763 -0.9280 -0.8090
v  -0.8099 -0.9438 -0.8982
v  0.1189 -0.6419 0.3535
v  0.1095 -0.6497 0.3321
v  0.1280 -0.2786 0.3543
v  0.8068 -0.7997 -0.8929
v  0.8067 -0.7997 -0.8930
v  -0.6333 -1.0113 -0.8734
v  -0.5898 -1.0226 -0.8639
v  0.8980 -1.1171 -1.1121
v  -0.5823 -1.0438 -0.8020
v  -0.5547 -1.0823 -0.6755
v  0.1000 -0.3227 0.2852
v  0.0712 -0.2961 0.2841
v  0.1089 -0.3227 0.2981
v  0.0712 -0.3125 0.2950
v  -0.7153 -1.0438 -0.7234
v  -0.7155 -1.1178 -0.7237
v  -0.8342 -1.1176 -0.7542
v  0.8626 -1.0221 -0.9233
v  0.1177 -0.3227 0.3348
v  -0.7533 -1.0113 -0.8024
v  0.0936 -0.3418 0.2886
v  0.8226 -0.9015 -0.9142
v  0.8194 -0.9106 -0.9142
v  0.8194 -0.8913 -0.9142
v  0.8205 -0.9259 -0.8838
v  0.7763 -0.9280 -0.8090
v  0.0915 -0.3573 0.2959
v  0.1089 -0.3573 0.3210
v  -0.0016 -0.2948 0.2903
v  -0.8339 -1.0437 -0.7538
v  -0.6181 -1.1173 -0.6389
v  -0.6177 -1.0823 -0.6382
v  -0.7660 -1.0226 -0.7598
v  -0.5551 -1.1173 -0.6762
v  -1.0029 -1.0809 -0.7679
v  -0.9698 -1.0810 -0.7120
v  -1.0030 -1.1176 -0.7681
v  -0.9699 -1.1177 -0.7121
# 2002 vertices

vn -0.4552 -0.0863 -0.8862
vn 0.0000 -1.0000 -0.0000
vn 0.0131 -0.9999 0.0106
vn -0.5785 -0.0868 -0.8110
vn 0.0000 -0.9997 -0.0231
vn 0.0160 -0.9991 0.0385
vn -0.5755 -0.0902 -0.8128
vn -0.0151 -0.9998 -0.0087
vn 0.2922 -0.6565 0.6954
vn -0.1249 0.9772 -0.1717
vn -0.4515 -0.6289 -0.6330
vn -0.3944 -0.7418 -0.5424
vn -0.1138 -0.5766 0.8091
vn -0.1143 -0.5764 0.8092
vn 0.1138 -0.5766 0.8091
vn 0.1143 -0.5764 0.8092
vn -0.0509 -0.9309 0.3618
vn -0.8224 -0.2284 0.5211
vn -0.8224 -0.2285 0.5210
vn -0.4976 -0.8660 0.0498
vn 0.0000 -0.9430 0.3328
vn 0.0509 -0.9309 0.3618
vn 0.9535 0.0628 0.2949
vn 0.9526 0.0620 0.2979
vn -0.1941 -0.3608 0.9122
vn 0.8387 0.0000 -0.5446
vn 0.1961 -0.3694 0.9083
vn 0.3308 0.9145 -0.2328
vn 0.6957 0.0060 -0.7183
vn 0.2525 0.9134 -0.3193
vn 0.3377 0.9035 -0.2639
vn 0.2145 0.9622 -0.1676
vn 0.5474 -0.0486 0.8355
vn 0.1425 0.9746 -0.1728
vn -0.5057 -0.4587 -0.7306
vn 0.1582 0.9134 -0.3751
vn -0.8208 -0.2259 0.5247
vn -0.8201 -0.2259 0.5258
vn -0.8209 -0.2261 0.5244
vn 0.5446 -0.0002 0.8387
vn -0.2029 -0.9386 -0.2791
vn 0.5446 0.0002 0.8387
vn 0.5448 0.0001 0.8385
vn 0.8384 0.0000 0.5450
vn 0.8384 0.0020 0.5450
vn -0.5832 0.3994 0.7074
vn 0.1273 0.9787 -0.1610
vn 0.0687 0.9035 -0.4230
vn -0.1023 0.3731 0.9221
vn -0.5832 0.3995 0.7074
vn -0.3390 0.3995 0.8518
vn 0.0576 0.9332 -0.3548
vn 0.0000 -0.0774 -0.9970
vn 0.0318 0.9576 -0.2864
vn 0.0858 0.9753 -0.2034
vn 0.0761 0.9786 -0.1913
vn -0.0251 0.9803 -0.1958
vn -0.5048 -0.1419 0.8515
vn -0.1986 0.9736 -0.1127
vn -0.1985 0.9736 -0.1128
vn -0.1983 0.9736 -0.1126
vn -0.8187 -0.2281 -0.5270
vn -0.8187 -0.2280 -0.5270
vn 0.2801 0.9450 0.1689
vn 0.2793 0.9456 0.1668
vn -0.1200 -0.0768 -0.9898
vn -0.1198 -0.0772 -0.9898
vn -0.0700 -0.9975 -0.0000
vn -0.1277 0.9745 -0.1845
vn -0.5864 -0.0899 -0.8050
vn -0.7705 0.5020 -0.3928
vn 0.6331 0.7738 -0.0224
vn -0.4341 0.6756 -0.5960
vn -0.4327 0.6775 -0.5948
vn -0.4563 -0.0857 -0.8857
vn -0.8860 -0.1082 -0.4509
vn -0.8861 -0.1081 -0.4507
vn -0.0290 0.9764 -0.2139
vn -0.0699 -0.9958 -0.0590
vn -0.8520 -0.5235 -0.0000
vn -0.4289 0.8186 -0.3820
vn -0.5056 -0.4589 -0.7306
vn 0.4647 0.6310 0.6212
vn 0.5378 0.6262 0.5645
vn -0.1782 -0.9497 -0.2575
vn -0.6956 -0.6246 -0.3549
vn -0.3960 -0.7400 -0.5437
vn 0.4654 -0.4036 -0.7877
vn 0.0000 1.0000 -0.0000
vn 0.4652 -0.4035 -0.7879
vn 0.8829 0.2700 0.3842
vn 0.8830 0.2689 0.3847
vn 0.8607 -0.0003 0.5091
vn 0.8607 -0.0002 0.5091
vn 0.8608 0.0001 0.5090
vn 0.8607 0.0005 0.5092
vn -0.9364 0.2588 -0.2369
vn -0.9577 -0.2630 -0.1171
vn 0.2793 0.9456 0.1667
vn -0.2111 -0.9099 0.3570
vn 0.1905 -0.8189 0.5414
vn 0.3255 0.1000 0.9402
vn 0.2488 -0.0039 0.9685
vn 0.2487 -0.0038 0.9686
vn 0.1894 -0.8195 0.5409
vn 0.3262 0.0997 0.9400
vn 0.1691 0.7303 0.6619
vn 0.8604 -0.0002 0.5097
vn 0.8609 0.0003 0.5088
vn 0.6579 -0.0018 0.7531
vn -0.1688 -0.9434 0.2854
vn -0.1778 0.9372 0.3002
vn 0.8609 0.0001 0.5088
vn -0.1540 0.6169 -0.7718
vn 0.8317 -0.3503 -0.4308
vn 0.8608 0.0000 0.5090
vn 0.8326 -0.3497 -0.4296
vn -0.0911 0.6516 -0.7531
vn 0.6569 -0.0069 0.7540
vn -0.1941 -0.0794 -0.9778
vn -0.1951 -0.0787 -0.9776
vn -0.0018 -1.0000 0.0030
vn -0.1520 0.9544 0.2570
vn -0.7133 -0.4066 -0.5709
vn -0.2585 -0.9396 -0.2244
vn -0.1416 -0.6861 -0.7136
vn -0.0846 -0.7115 -0.6975
vn 0.8387 -0.0157 0.5444
vn -0.8217 -0.2326 -0.5203
vn 0.8609 0.0000 -0.5087
vn 0.8608 -0.0001 -0.5090
vn 0.8607 0.0000 -0.5092
vn -0.5446 0.0000 0.8387
vn 0.8609 -0.0000 -0.5087
vn 0.5474 -0.0506 -0.8353
vn 0.5458 -0.0894 -0.8331
vn 0.4971 -0.2159 0.8404
vn 0.1787 -0.9745 0.1354
vn -0.5063 -0.1176 0.8543
vn -0.5057 -0.1308 0.8527
vn 0.4970 -0.2156 0.8406
vn 0.4970 -0.2151 0.8407
vn -0.5048 -0.1409 0.8517
vn -0.5052 -0.1365 0.8522
vn -0.1101 -0.9763 -0.1862
vn -0.3308 0.9145 -0.2328
vn 0.8388 0.0000 0.5445
vn -0.8218 -0.2125 -0.5286
vn -0.8226 -0.2082 -0.5292
vn -0.8272 -0.2034 -0.5238
vn -0.2111 -0.9100 0.3569
vn 0.4971 -0.2160 0.8404
vn 0.4974 -0.2151 0.8404
vn 0.1823 -0.9735 0.1378
vn 0.1780 -0.9747 0.1349
vn 0.8608 0.0002 0.5089
vn -0.2525 0.9134 -0.3193
vn -0.3377 0.9035 -0.2639
vn -0.2145 0.9622 -0.1676
vn 0.1101 0.9764 0.1860
vn 0.1100 0.9764 0.1860
vn 0.8608 -0.0001 -0.5089
vn 0.8608 -0.0002 -0.5090
vn 0.5473 -0.0483 -0.8355
vn 0.1096 0.9763 0.1867
vn -0.1989 0.9736 -0.1119
vn -0.1981 0.9736 -0.1131
vn 0.5474 -0.0487 -0.8354
vn 0.4530 -0.4564 -0.7658
vn 0.8608 -0.0000 -0.5090
vn -0.8607 -0.0008 -0.5091
vn -0.1457 -0.9477 -0.2840
vn -0.8610 -0.0002 -0.5087
vn -0.7357 -0.4220 -0.5297
vn -0.2605 -0.9427 -0.2085
vn 0.1868 0.9303 -0.3158
vn -0.1332 -0.9528 -0.2730
vn 0.5446 -0.0002 -0.8387
vn 0.4533 -0.4564 -0.7657
vn 0.5446 -0.0003 -0.8387
vn 0.5446 0.0000 -0.8387
vn -0.3944 -0.4384 -0.8076
vn 0.5665 -0.4074 -0.7163
vn -0.3942 -0.4386 -0.8076
vn 0.1869 0.9302 -0.3158
vn 0.8377 0.0000 0.5461
vn -0.8198 -0.2305 -0.5242
vn -0.8608 0.0000 -0.5089
vn -0.9272 0.2955 0.2303
vn -0.8196 -0.2305 -0.5245
vn -0.8201 -0.2304 -0.5238
vn 0.7253 -0.3905 -0.5669
vn 0.1099 0.9764 0.1860
vn 0.1101 0.9764 0.1859
vn 0.5447 -0.0000 -0.8386
vn 0.1101 0.9763 0.1861
vn -0.6656 -0.5350 0.5203
vn 0.4970 -0.2161 0.8404
vn 0.5447 0.0000 -0.8387
vn 0.5446 -0.0001 -0.8387
vn -0.9272 0.2955 0.2302
vn -0.9166 0.3045 0.2592
vn -0.1582 0.9134 -0.3751
vn -0.3602 -0.3745 -0.8544
vn -0.5048 -0.1423 0.8515
vn -0.5050 -0.1417 0.8514
vn -0.1425 0.9746 -0.1728
vn -0.5049 -0.1418 0.8514
vn -0.1261 -0.1288 -0.9836
vn -0.1273 0.9787 -0.1610
vn -0.1259 -0.1284 -0.9837
vn 0.5446 -0.0000 -0.8387
vn -0.0687 0.9035 -0.4230
vn -0.8182 -0.2300 -0.5269
vn -0.8189 -0.2300 -0.5259
vn 0.1105 0.9764 0.1853
vn -0.2008 0.9736 -0.1090
vn -0.1982 0.9736 -0.1130
vn -0.1979 0.9736 -0.1136
vn -0.1996 0.9736 -0.1107
vn 0.3390 0.3995 0.8518
vn -0.0576 0.9332 -0.3548
vn -0.0318 0.9576 -0.2864
vn -0.0858 0.9753 -0.2034
vn -0.0761 0.9786 -0.1913
vn 0.8608 0.0001 -0.5089
vn -0.5447 -0.0000 0.8386
vn -0.5446 -0.0003 0.8387
vn -0.0254 0.9799 -0.1977
vn -0.5447 -0.0001 0.8387
vn 0.6656 -0.5350 0.5203
vn 0.7588 0.3730 0.5339
vn -0.5446 -0.0000 0.8387
vn -0.5446 0.0001 0.8387
vn 0.9272 0.2955 0.2303
vn 0.9272 0.2955 0.2302
vn -0.5446 0.0002 0.8387
vn 0.9933 0.1130 -0.0228
vn -0.3278 0.9165 -0.2294
vn -0.0422 -0.1904 -0.9808
vn -0.2021 0.9665 -0.1580
vn 0.9166 0.3045 0.2592
vn -0.0419 -0.1904 -0.9808
vn -0.9933 -0.1132 0.0226
vn 0.8552 -0.3859 -0.3460
vn 0.8074 -0.3953 -0.4379
vn 0.9170 0.3038 0.2585
vn 0.5937 0.6697 0.4462
vn 0.5932 0.6701 0.4462
vn 0.7758 0.2429 -0.5823
vn 0.7461 0.6647 0.0389
vn 0.7396 0.6355 0.2215
vn 0.8115 0.5839 0.0244
vn 0.8116 0.5838 0.0247
vn 0.8609 -0.0002 0.5087
vn -0.8754 0.0573 -0.4800
vn -0.8609 0.0002 -0.5087
vn 0.8612 0.0004 0.5083
vn -0.8610 0.0003 -0.5086
vn 0.8608 0.0003 0.5090
vn 0.9540 0.0633 0.2932
vn 0.9539 0.0633 0.2932
vn 0.1479 0.9569 -0.2499
vn 0.9533 0.0627 0.2953
vn 0.7759 0.2424 -0.5824
vn 0.9061 0.3122 0.2854
vn -0.8116 -0.5836 -0.0247
vn 0.9066 0.3115 0.2847
vn 0.5471 -0.8138 0.1960
vn 0.5474 -0.8136 0.1961
vn 0.0023 1.0000 0.0018
vn 0.7760 0.2429 -0.5821
vn 0.7757 0.2430 -0.5824
vn 0.9732 0.0844 0.2141
vn -0.7438 -0.3766 -0.5521
vn 0.9080 0.3107 0.2811
vn 0.8975 0.3044 0.3192
vn 0.8609 -0.0002 -0.5089
vn 0.8601 -0.0002 -0.5102
vn 0.8608 -0.0000 -0.5089
vn -0.7412 -0.3736 -0.5577
vn -0.9170 0.3038 0.2584
vn -0.6848 -0.4945 0.5353
vn -0.9066 0.3115 0.2847
vn -0.7885 0.5920 -0.1665
vn -0.3015 0.8057 0.5098
vn -0.7335 0.6668 -0.1314
vn -0.8609 -0.0002 -0.5088
vn -0.9809 0.0999 0.1667
vn -0.3015 0.8057 0.5099
vn -0.9395 -0.0469 0.3393
vn -0.4691 -0.2221 -0.8547
vn -0.8209 -0.2257 -0.5245
vn -0.8205 -0.2256 -0.5253
vn -0.8607 0.0004 -0.5091
vn 0.4658 -0.4033 -0.7877
vn 0.8027 0.2343 -0.5484
vn 0.0110 0.9999 -0.0075
vn 0.0147 0.9998 -0.0115
vn -0.2852 0.7738 -0.5656
vn 0.5978 -0.6905 -0.4073
vn -0.2848 0.7741 -0.5654
vn -0.8608 -0.0001 -0.5090
vn 0.0057 1.0000 -0.0073
vn 0.0251 0.9803 -0.1958
vn 0.4854 0.3010 -0.8208
vn 0.4657 -0.4042 -0.7872
vn 0.3461 -0.8298 -0.4377
vn -0.9021 0.3145 0.2953
vn -0.8608 -0.0002 -0.5090
vn -0.9022 0.3144 0.2952
vn -0.8607 -0.0002 -0.5092
vn 0.6902 -0.0806 -0.7191
vn 0.1998 0.9198 -0.3378
vn 0.1999 0.9197 -0.3380
vn -0.7253 -0.3905 -0.5669
vn -0.8608 0.0001 -0.5089
vn -0.8601 -0.0002 -0.5102
vn 0.3312 0.9156 -0.2282
vn 0.8607 -0.0008 -0.5091
vn 0.8610 -0.0002 -0.5087
vn -0.4533 -0.4564 -0.7657
vn -0.4530 -0.4564 -0.7658
vn -0.5665 -0.4074 -0.7163
vn -0.1868 0.9303 -0.3158
vn -0.7026 -0.4524 0.5492
vn -0.9061 0.3122 0.2854
vn 0.3975 0.8466 -0.3540
vn 0.1941 -0.0794 -0.9778
vn 0.1786 0.9740 -0.1396
vn 0.1540 0.6169 -0.7718
vn -0.9092 0.2058 0.3620
vn 0.1416 -0.6861 -0.7136
vn 0.1951 -0.0787 -0.9776
vn 0.2848 0.7741 -0.5654
vn -0.8975 0.3044 0.3192
vn 0.2851 0.7738 -0.5656
vn 0.0568 0.9819 -0.1809
vn 0.8607 0.0004 -0.5091
vn -0.9808 0.1003 0.1675
vn 0.7885 0.5920 -0.1665
vn -0.8608 0.0001 -0.5090
vn 0.7335 0.6668 -0.1314
vn 0.2479 -0.9446 -0.2152
vn 0.4015 -0.8470 -0.3485
vn 0.2722 -0.9373 -0.2178
vn 0.9809 0.1000 0.1667
vn 0.3015 0.8057 0.5098
vn -0.0227 -0.3504 -0.9363
vn -0.8609 0.0001 -0.5088
vn 0.3528 -0.8628 -0.3620
vn -0.8608 -0.0003 -0.5090
vn 0.1278 0.8506 -0.5100
vn 0.1279 0.8506 -0.5100
vn -0.0011 -1.0000 -0.0008
vn 0.8606 -0.0000 -0.5092
vn 0.8606 -0.0001 -0.5092
vn -0.0242 -0.3499 -0.9365
vn -0.7151 -0.6958 -0.0661
vn -0.9947 -0.1031 -0.0000
vn 0.5855 -0.7051 -0.4000
vn 0.4657 -0.4043 -0.7872
vn -0.8608 -0.0000 -0.5090
vn 0.3411 -0.8354 -0.4311
vn 0.7057 -0.4277 -0.5648
vn 0.7439 -0.3998 -0.5356
vn -0.8608 0.0002 -0.5089
vn 0.1607 -0.9659 -0.2032
vn 0.3944 -0.4384 -0.8076
vn 0.1606 -0.9659 -0.2030
vn -0.2055 -0.9149 0.3475
vn -0.2057 -0.9147 0.3479
vn 0.8209 -0.2256 -0.5246
vn -0.8225 -0.2283 0.5210
vn 0.2162 -0.9616 -0.1691
vn 0.8387 -0.0001 -0.5446
vn 0.8203 -0.2263 -0.5253
vn -0.5475 -0.0487 -0.8354
vn 0.8208 -0.2263 -0.5245
vn 0.8203 -0.2262 -0.5253
vn 0.1198 -0.0772 -0.9898
vn 0.0911 0.6516 -0.7531
vn 0.4823 -0.3205 -0.8153
vn 0.4823 -0.3207 -0.8152
vn 0.1200 -0.0768 -0.9898
vn -0.1982 0.9737 0.1127
vn -0.8608 -0.0002 -0.5089
vn 0.7412 -0.3736 -0.5577
vn 0.0846 -0.7115 -0.6975
vn 0.6787 -0.5076 -0.5308
vn -0.8196 -0.2304 0.5246
vn -0.0027 0.9998 -0.0213
vn -0.1225 -0.2659 -0.9562
vn -0.1226 -0.2658 -0.9562
vn 0.0909 0.6522 -0.7526
vn -0.1984 0.9737 0.1124
vn 0.0232 0.9751 -0.2207
vn -0.5049 -0.1407 -0.8516
vn -0.5045 -0.1421 -0.8517
vn -0.5049 -0.1419 -0.8514
vn -0.5046 -0.1419 -0.8516
vn -0.5446 0.0001 -0.8387
vn 0.0027 0.9998 -0.0213
vn -0.5447 0.0000 -0.8386
vn -0.5446 -0.0000 -0.8387
vn 0.0000 0.9998 -0.0195
vn 0.8619 0.0009 0.5070
vn 0.8608 -0.0001 0.5089
vn 0.4970 -0.2166 -0.8403
vn 0.4971 -0.2159 -0.8404
vn 0.1050 -0.3960 -0.9122
vn -0.2007 0.9797 -0.0000
vn -0.2049 0.9154 -0.3464
vn -0.4658 -0.4033 -0.7877
vn 0.0242 -0.3499 -0.9365
vn -0.0090 -0.9998 0.0201
vn 0.9021 0.3145 0.2953
vn 0.9022 0.3144 0.2952
vn -0.1980 0.9737 0.1130
vn 0.0558 0.9374 -0.3438
vn 0.0295 0.9620 -0.2715
vn -0.1155 -0.6930 0.7116
vn -0.0977 -0.4640 0.8805
vn -0.4854 0.3010 -0.8208
vn 0.2452 0.2954 0.9234
vn 0.2449 0.2957 0.9234
vn -0.2001 0.9798 -0.0002
vn -0.1580 0.9820 0.1038
vn -0.1518 0.9828 0.1049
vn 0.1865 0.9304 -0.3154
vn 0.1866 0.9304 -0.3154
vn -0.2056 0.9148 -0.3477
vn -0.6331 0.7738 -0.0224
vn -0.7756 0.5869 0.2325
vn 0.3941 -0.6329 -0.6664
vn -0.8326 -0.3497 -0.4296
vn -0.7321 0.6812 -0.0007
vn -0.7375 0.6754 -0.0000
vn 0.1867 0.9305 -0.3151
vn 0.1532 -0.2955 -0.9430
vn -0.9522 -0.1094 0.2854
vn 0.1531 -0.2955 -0.9430
vn -0.4647 0.6310 0.6212
vn 0.8607 -0.0004 0.5091
vn -0.5378 0.6262 0.5645
vn 0.2056 0.9148 -0.3477
vn 0.5474 -0.0486 0.8354
vn 0.5474 -0.0484 0.8355
vn -0.1983 0.9736 0.1127
vn -0.1983 0.9736 0.1128
vn -0.1983 0.9736 0.1126
vn -0.8187 -0.2284 0.5268
vn -0.8192 -0.2268 0.5267
vn -0.1999 0.9197 -0.3380
vn 0.3015 0.8057 0.5099
vn -0.1998 0.9198 -0.3378
vn -0.4657 -0.4042 -0.7872
vn -0.8317 -0.3503 -0.4308
vn -0.8829 0.2700 0.3842
vn -0.1982 0.9736 0.1130
vn 0.5446 0.0004 0.8387
vn -0.8830 0.2689 0.3847
vn -0.1002 0.3726 0.9226
vn 0.1099 0.9764 -0.1861
vn 0.1103 0.9764 -0.1859
vn 0.1103 0.9764 -0.1858
vn -0.2387 -0.7626 0.6012
vn 0.1097 0.9763 -0.1866
vn 0.5472 -0.0487 0.8356
vn 0.5473 -0.0487 0.8355
vn 0.8609 -0.0003 0.5087
vn 0.5476 -0.0483 0.8354
vn 0.8606 -0.0000 0.5094
vn 0.8609 -0.0002 -0.5088
vn 0.8607 -0.0003 0.5092
vn 0.9808 0.1003 0.1675
vn 0.8608 -0.0001 0.5090
vn 0.0550 0.9394 -0.3385
vn -0.1187 -0.6720 0.7310
vn 0.8608 -0.0000 0.5089
vn 0.3942 -0.6329 -0.6663
vn 0.8607 0.0000 0.5091
vn -0.0985 -0.4082 0.9075
vn 0.2147 0.3040 0.9282
vn 0.1785 -0.9746 -0.1354
vn 0.2142 0.3044 0.9281
vn 0.1866 0.3117 0.9317
vn 0.1862 0.3121 0.9316
vn -0.4652 -0.4035 -0.7879
vn 0.8609 0.0001 -0.5088
vn 0.8223 -0.2288 -0.5210
vn 0.8608 -0.0003 -0.5090
vn 0.6334 0.7735 -0.0222
vn 0.5469 -0.0613 0.8350
vn 0.5472 -0.0496 0.8355
vn -0.8097 -0.2701 0.5210
vn -0.8097 -0.2700 0.5210
vn 0.1785 -0.9746 -0.1355
vn 0.7151 -0.6958 -0.0661
vn 0.8593 -0.0055 0.5114
vn 0.8606 0.0004 0.5092
vn 1.0000 0.0000 -0.0000
vn -0.1979 0.9736 0.1133
vn -0.1973 0.9737 0.1143
vn 0.5447 -0.0002 0.8387
vn 0.5446 -0.0001 0.8387
vn 0.5446 0.0000 0.8387
vn 0.1756 0.3146 0.9328
vn 0.1760 0.3144 0.9328
vn 0.9933 -0.1132 0.0226
vn -0.1007 -0.0556 0.9934
vn 0.1800 0.2980 0.9374
vn 0.1540 0.3203 0.9347
vn 0.0253 0.9799 -0.1978
vn 0.0529 0.9440 -0.3257
vn -0.1215 -0.6524 0.7480
vn -0.0982 -0.3544 0.9299
vn 0.1259 -0.1284 -0.9837
vn 0.4025 -0.6959 0.5947
vn 0.1261 -0.1288 -0.9836
vn -0.2040 -0.9148 0.3486
vn -0.0251 -0.9803 0.1957
vn 0.0254 0.9799 -0.1977
vn 0.4015 -0.6965 0.5947
vn 0.8608 -0.0000 0.5090
vn 0.8609 -0.0003 0.5088
vn -0.2056 -0.9149 0.3474
vn 0.8608 0.0002 0.5090
vn 0.0419 -0.1904 -0.9808
vn 0.0422 -0.1904 -0.9808
vn 0.1316 -0.3736 -0.9182
vn 0.8611 0.0001 0.5085
vn 0.8607 0.0001 0.5092
vn 0.9395 -0.0469 0.3393
vn -0.9933 0.1130 -0.0228
vn -0.0183 0.9707 0.2396
vn 0.4696 -0.2172 -0.8557
vn 0.9395 -0.0468 0.3394
vn 0.4493 -0.2207 -0.8657
vn 0.8208 -0.2257 -0.5247
vn 0.8203 -0.2256 -0.5255
vn 0.0227 -0.3504 -0.9363
vn 0.1225 -0.2659 -0.9562
vn 0.1226 -0.2658 -0.9562
vn 0.1170 -0.5488 -0.8277
vn -0.1271 -0.4194 0.8989
vn 0.1249 -0.1985 -0.9721
vn -1.0000 0.0000 -0.0000
vn 0.9613 0.1523 0.2297
vn 0.8608 -0.0002 0.5089
vn -0.8362 -0.4114 0.3625
vn -0.5447 -0.0001 -0.8386
vn -0.3805 -0.9100 0.1650
vn -0.0921 0.2941 0.9513
vn -0.9611 -0.1532 -0.2296
vn -0.9613 -0.1523 -0.2296
vn 0.8204 -0.2258 0.5252
vn 0.8207 -0.2256 0.5250
vn -0.4654 -0.4036 -0.7877
vn 0.0000 0.1466 0.9892
vn 0.9613 0.1523 0.2296
vn 0.4973 0.2161 -0.8402
vn -0.7695 -0.3529 -0.5323
vn -0.0803 0.5506 0.8309
vn 0.8199 -0.2257 0.5261
vn -0.4823 -0.3205 -0.8153
vn 0.0957 -0.1352 -0.9862
vn 0.0924 -0.2938 -0.9514
vn 0.0923 -0.2938 -0.9514
vn 0.8608 0.0002 -0.5089
vn -0.9616 -0.1499 -0.2298
vn -0.9613 -0.1522 -0.2296
vn 0.8204 -0.2259 0.5253
vn 0.9610 0.1501 0.2322
vn 0.9613 0.1522 0.2296
vn 0.0000 0.1471 0.9891
vn -0.0957 0.1343 0.9863
vn 0.1688 -0.9434 0.2854
vn -0.4657 -0.4043 -0.7872
vn -0.8712 -0.3547 0.3394
vn -0.0923 0.2938 0.9514
vn 0.3784 -0.2148 0.9004
vn -0.3523 -0.4161 0.8383
vn 0.8222 -0.2292 0.5211
vn 0.7779 -0.3258 0.5374
vn -0.8012 -0.2274 0.5535
vn -0.5446 -0.0001 0.8387
vn -0.8388 0.0000 0.5445
vn 0.0957 -0.1343 -0.9863
vn 0.8386 0.0000 -0.5447
vn 0.8608 0.0000 0.5089
vn -0.2217 0.5855 0.7798
vn -0.5446 0.0000 -0.8387
vn -0.1269 -0.4194 0.8989
vn -0.8195 -0.2304 -0.5248
vn -0.8195 -0.2304 -0.5247
vn -0.1101 0.9764 0.1860
vn -0.1100 0.9763 0.1862
vn -0.8192 -0.2303 0.5253
vn -0.1100 0.9764 0.1860
vn -0.8200 -0.2304 0.5239
vn -0.8195 -0.2302 -0.5248
vn -0.8196 -0.2304 -0.5245
vn -0.8201 -0.2306 -0.5238
vn -0.8182 -0.2317 -0.5263
vn 0.1989 0.9736 -0.1122
vn -0.8604 -0.0002 0.5096
vn -0.3262 0.0997 0.9400
vn -0.5037 -0.1415 0.8522
vn -0.3255 0.1000 0.9402
vn 0.8220 -0.2312 -0.5205
vn 0.8190 -0.2255 -0.5276
vn -0.8609 0.0003 0.5088
vn 0.8387 -0.0001 -0.5445
vn 0.8382 0.0001 -0.5454
vn -0.4971 -0.2159 0.8404
vn 0.2111 -0.9100 0.3569
vn 0.8391 0.0000 -0.5440
vn 0.5047 -0.1419 0.8516
vn -0.8609 0.0001 0.5088
vn 0.8174 -0.2339 -0.5265
vn 0.8218 -0.2206 -0.5254
vn 0.1981 0.9736 -0.1135
vn 0.8386 -0.0000 0.5447
vn 0.8386 0.0001 0.5447
vn 0.1993 0.9734 -0.1132
vn 0.8386 -0.0001 0.5447
vn 0.8378 0.0000 0.5459
vn 0.8192 -0.2304 -0.5253
vn -0.5447 -0.0000 -0.8387
vn -0.5447 -0.0000 -0.8386
vn 0.2055 -0.9149 0.3475
vn 0.8052 -0.2303 -0.5465
vn 0.1199 0.2063 -0.9711
vn 0.2057 -0.9147 0.3479
vn -0.4823 -0.3207 -0.8152
vn 0.5446 -0.0010 0.8387
vn 0.7692 -0.3530 -0.5326
vn 0.5446 -0.0000 0.8387
vn 0.0803 0.5506 0.8309
vn 0.5447 -0.0001 0.8387
vn 0.9614 -0.1520 -0.2294
vn -0.9614 0.1520 0.2294
vn 0.0803 0.5507 0.8308
vn 0.5430 -0.0021 0.8397
vn 0.5401 -0.0086 0.8415
vn 0.9450 -0.1182 -0.3051
vn 0.9613 -0.1523 -0.2296
vn 0.9612 -0.1528 -0.2296
vn 0.0955 0.1454 0.9847
vn -0.1905 -0.8189 0.5414
vn 0.0923 0.2938 0.9514
vn 0.0550 0.9394 0.3385
vn -0.8607 -0.0003 0.5091
vn -0.8607 -0.0002 0.5091
vn -0.9613 0.1523 0.2296
vn -0.9611 0.1529 0.2300
vn -0.8608 0.0002 0.5089
vn -0.1894 -0.8195 0.5409
vn 0.8522 -0.4044 0.3319
vn 0.0609 0.3607 0.9307
vn 0.6106 -0.6653 0.4296
vn 0.3667 -0.9142 0.1725
vn 0.8549 -0.3629 0.3706
vn 0.5832 0.3995 0.7074
vn -0.1330 0.9780 -0.1610
vn 0.7601 0.3730 0.5321
vn 0.7601 0.3728 0.5323
vn 0.6334 0.7735 0.0222
vn 0.7697 -0.3528 -0.5321
vn 0.7693 -0.3530 -0.5326
vn 0.0000 0.5524 0.8336
vn 0.0803 0.5507 0.8309
vn -0.0955 -0.1463 -0.9846
vn 0.6284 -0.6414 0.4401
vn 0.8189 -0.2277 0.5269
vn 0.8189 -0.2278 0.5268
vn 0.0183 0.9707 0.2396
vn 0.6848 -0.4945 0.5353
vn 0.0193 0.9701 0.2417
vn -0.3286 0.9164 -0.2286
vn 0.8222 -0.2295 0.5209
vn -0.1926 0.9696 -0.1506
vn -0.1169 -0.5488 -0.8277
vn 0.7619 0.3721 0.5301
vn 0.0921 0.2941 0.9513
vn 0.8607 -0.0002 -0.5092
vn 0.8608 0.0003 -0.5089
vn -0.0805 -0.5508 -0.8307
vn 0.8191 -0.2274 0.5267
vn 0.8188 -0.2276 0.5270
vn 0.8196 -0.2260 0.5265
vn 0.1988 0.9736 0.1121
vn 0.1964 0.9740 0.1125
vn 0.8200 -0.2305 0.5239
vn 0.5445 -0.0006 -0.8388
vn 0.5452 -0.0011 -0.8383
vn 0.5455 -0.0004 -0.8381
vn -0.2511 -0.9523 0.1737
vn -0.2400 -0.9579 0.1577
vn -0.4971 -0.2159 -0.8404
vn -0.6966 -0.5312 0.4822
vn -0.3370 -0.9415 -0.0000
vn -0.6969 -0.5309 0.4821
vn -0.3348 -0.9423 -0.0003
vn -0.6946 -0.6886 0.2082
vn -0.6634 -0.7483 -0.0000
vn 0.8520 -0.5235 -0.0000
vn -0.5231 -0.7798 0.3438
vn -0.6593 -0.7518 -0.0006
vn 0.1101 0.9764 -0.1859
vn 0.1100 0.9764 -0.1861
vn 0.1101 0.9763 -0.1861
vn 0.9522 -0.1094 0.2854
vn 0.8607 0.0001 0.5091
vn 0.8610 -0.0004 0.5086
vn -0.0951 0.2345 0.9674
vn -0.0882 -0.4322 0.8974
vn 0.1205 0.2059 0.9711
vn 0.1199 0.2063 0.9711
vn 0.0929 0.2103 0.9732
vn 0.2685 -0.2493 -0.9305
vn 0.1256 -0.3765 -0.9178
vn 0.7756 0.5869 0.2325
vn 0.1580 0.9820 0.1038
vn 0.1518 0.9828 0.1049
vn 0.5834 0.7160 0.3834
vn 0.1269 -0.4194 0.8989
vn 0.1074 0.2079 0.9722
vn 0.0930 0.2102 0.9732
vn -0.0030 0.9998 0.0184
vn 0.8611 -0.0002 0.5085
vn 0.4719 -0.3774 -0.7968
vn 0.1180 0.9817 -0.1492
vn -0.3384 0.3994 0.8520
vn 0.0798 0.9787 -0.1892
vn 0.0704 0.9816 -0.1773
vn -0.2289 -0.8079 0.5430
vn -0.2335 -0.7754 0.5867
vn 0.1866 0.9303 -0.3156
vn 0.1866 0.9304 -0.3156
vn 0.1869 0.9299 -0.3167
vn 0.4523 -0.4561 -0.7664
vn 0.4525 -0.4562 -0.7662
vn 0.1866 0.9304 -0.3155
vn 0.1867 0.9303 -0.3157
vn 0.3602 -0.3745 -0.8544
vn -0.3371 0.3991 0.8527
vn -0.8608 0.0000 -0.5090
vn 0.0275 0.9648 -0.2615
vn -0.0972 0.3724 0.9230
vn 0.6465 -0.6162 0.4498
vn -0.0975 0.3720 0.9231
vn 0.7026 -0.4524 0.5492
vn -0.5048 -0.1416 -0.8516
vn 0.1819 -0.9736 -0.1380
vn -0.3382 0.3996 0.8520
vn 0.1819 -0.9736 -0.1382
vn 0.1815 -0.9736 -0.1387
vn 0.4045 -0.7581 0.5115
vn -0.3312 0.9156 -0.2282
vn -0.1786 0.9740 -0.1397
vn 0.4971 -0.2160 -0.8403
vn 0.4921 -0.2524 -0.8332
vn 0.0658 0.9839 -0.1664
vn 0.4970 -0.2157 -0.8405
vn 0.4968 -0.2163 -0.8405
vn 0.4967 -0.2171 -0.8404
vn -0.1101 -0.9763 0.1862
vn 0.7644 0.3717 0.5268
vn 0.0753 0.9811 -0.1785
vn 0.1866 0.3117 -0.9317
vn -0.2336 -0.7990 0.5541
vn 0.0018 1.0000 0.0012
vn 0.1862 0.3121 -0.9316
vn 0.7812 -0.1310 0.6104
vn 0.1330 0.9780 -0.1610
vn -0.6106 -0.6653 0.4296
vn -0.7588 0.3730 0.5339
vn 0.0529 0.9440 0.3257
vn -0.1215 -0.6525 -0.7480
vn -0.3756 -0.8071 0.4556
vn -0.0982 -0.3543 -0.9299
vn -0.3876 -0.7807 0.4902
vn -0.5045 -0.1343 -0.8529
vn 0.3277 0.9165 -0.2294
vn 0.2021 0.9665 -0.1580
vn -0.7601 0.3730 0.5321
vn -0.7601 0.3728 0.5323
vn -0.5838 0.3995 0.7068
vn -0.5837 0.3994 0.7069
vn -0.5849 0.3991 0.7061
vn 0.8613 -0.0010 -0.5081
vn -0.6284 -0.6414 0.4401
vn 0.1257 0.9804 -0.1518
vn 0.8603 0.0013 -0.5098
vn -0.3965 -0.7692 0.5011
vn 0.1107 0.9840 -0.1399
vn -0.3837 -0.7981 0.4646
vn 0.3286 0.9164 -0.2286
vn 0.1927 0.9696 -0.1506
vn 0.2053 -0.9151 0.3471
vn 0.8611 0.0001 -0.5085
vn -0.7619 0.3721 0.5301
vn 0.1800 0.2980 -0.9374
vn 0.9022 0.3147 0.2948
vn 0.8607 0.0000 -0.5091
vn 0.8608 0.0005 -0.5090
vn 0.8607 0.0005 -0.5090
vn 0.8607 -0.0000 -0.5092
vn -0.1007 -0.0556 -0.9934
vn -0.0937 0.3717 -0.9236
vn -0.7139 -0.2465 -0.6554
vn 0.1540 0.3202 -0.9347
vn -0.7002 -0.2480 -0.6695
vn 0.8606 0.0003 0.5093
vn 0.8606 0.0002 0.5092
vn -0.5048 -0.1344 -0.8527
vn -0.4378 -0.1339 -0.8890
vn 0.1625 -0.9300 0.3298
vn -0.8402 -0.3476 -0.4162
vn 0.8606 0.0002 -0.5093
vn -0.7965 -0.3627 -0.4837
vn -0.3907 -0.7904 0.4717
vn 0.8607 -0.0005 -0.5091
vn 0.1760 0.3144 -0.9328
vn 0.7902 -0.2814 0.5445
vn 0.1756 0.3146 -0.9328
vn 0.0383 -0.3635 -0.9308
vn 0.5859 0.3993 0.7051
vn 0.8607 -0.0004 -0.5091
vn 0.6331 0.7738 0.0224
vn -0.1170 -0.5488 -0.8277
vn 0.6946 -0.6887 0.2082
vn 0.1271 -0.4194 0.8989
vn 0.1205 0.2059 -0.9711
vn 0.0806 0.5508 0.8307
vn 0.0930 0.2102 -0.9732
vn -0.0882 -0.4323 -0.8974
vn 0.0929 0.2103 -0.9732
vn 0.6969 -0.5309 0.4821
vn -0.2375 -0.7914 0.5633
vn -0.0057 0.9994 -0.0353
vn 0.8189 -0.2275 0.5269
vn 0.6966 -0.5312 0.4822
vn 0.2380 -0.4229 0.8744
vn -0.8123 -0.2753 0.5141
vn -0.8180 -0.2507 0.5177
vn -0.5046 -0.1438 -0.8513
vn -0.5059 -0.1686 -0.8460
vn -0.5026 -0.1701 -0.8476
vn -0.5035 -0.1543 -0.8501
vn -0.2052 -0.9151 0.3471
vn 0.5446 -0.0089 0.8386
vn 0.5447 0.0000 0.8387
vn -0.1100 0.9764 -0.1860
vn 0.8615 0.0008 0.5078
vn 0.8600 -0.0010 0.5103
vn -0.1091 -0.3309 -0.9373
vn -0.1101 0.9764 -0.1860
vn 0.2493 -0.2479 -0.9361
vn -0.2040 -0.9151 0.3478
vn 0.4919 -0.2586 -0.8314
vn 0.8182 -0.2300 0.5269
vn 0.5045 -0.1419 -0.8517
vn 0.5045 -0.1418 -0.8517
vn 0.1546 -0.2629 -0.9524
vn -0.4988 0.8325 0.2409
vn 0.6195 0.2540 -0.7428
vn -0.0193 0.9701 0.2417
vn 0.6194 0.2537 -0.7430
vn 0.3221 -0.8642 -0.3866
vn -0.2746 -0.0820 0.9581
vn -0.0625 0.9738 0.2189
vn -0.0587 0.9746 0.2161
vn 0.3303 -0.8569 -0.3956
vn -0.2034 0.6721 0.7120
vn 0.6199 0.2540 -0.7424
vn -0.2742 -0.0826 0.9581
vn -0.2041 0.6707 0.7131
vn -0.4899 0.5621 0.6664
vn -0.5834 0.7160 0.3834
vn -0.5832 0.7162 0.3832
vn 0.0054 1.0000 -0.0065
vn -0.5901 -0.1005 0.8010
vn -0.5890 -0.1012 0.8017
vn -0.1880 -0.7309 0.6561
vn 0.8607 0.0001 -0.5092
vn -0.8310 -0.1067 0.5460
vn -0.8310 -0.1066 0.5460
vn -0.5231 -0.7799 0.3437
vn -0.2379 -0.4230 0.8744
vn -0.2380 -0.4229 0.8744
vn 0.3262 -0.8605 -0.3914
vn 0.1074 0.2079 -0.9722
vn -0.0030 0.9998 -0.0184
vn -0.3304 -0.9310 0.1554
vn -0.0886 -0.3993 -0.9125
vn -0.1199 0.2063 -0.9711
vn 0.1100 0.9764 -0.1860
vn -0.9237 -0.1656 -0.3455
vn 0.8610 -0.0004 -0.5086
vn -0.8188 -0.2259 0.5278
vn -0.1978 0.9737 0.1129
vn -0.1974 0.9736 0.1143
vn 0.1256 -0.3766 0.9178
vn -0.5444 0.0008 -0.8388
vn 0.3371 0.3991 -0.8527
vn -0.5447 -0.0000 0.8387
vn 0.8608 0.0000 -0.5090
vn -0.4428 -0.6626 0.6041
vn -0.0861 -0.9447 0.3164
vn -0.5447 0.0000 0.8387
vn -0.8609 -0.0000 0.5088
vn -0.8609 0.0000 0.5088
vn -0.0854 -0.9504 0.2992
vn 0.4654 -0.4036 0.7877
vn -0.8607 0.0000 0.5091
vn -0.1869 -0.7327 0.6544
vn -0.0753 0.9811 0.1785
vn -0.0658 0.9839 0.1664
vn 0.4025 -0.6959 -0.5947
vn 0.8317 -0.3503 0.4308
vn 0.8326 -0.3497 0.4296
vn -0.1860 0.3122 -0.9316
vn -0.0549 0.9394 0.3384
vn -0.0275 0.9648 0.2615
vn 0.0972 0.3724 -0.9230
vn 0.8609 -0.0003 -0.5088
vn -0.8202 -0.2259 0.5255
vn 0.5445 -0.0003 0.8387
vn -0.5446 -0.0001 -0.8387
vn 0.4652 -0.4035 0.7879
vn 0.4823 -0.3207 0.8152
vn -0.2055 -0.9149 -0.3475
vn 0.5097 0.8500 -0.1328
vn -0.1688 -0.9434 -0.2854
vn 0.9876 0.0000 0.1570
vn -0.8605 -0.0000 -0.5094
vn 0.1570 0.0000 -0.9876
vn -0.1570 0.0000 -0.9876
vn -0.4530 0.0000 -0.8915
vn 0.8611 -0.0002 -0.5085
vn -0.0951 0.2345 -0.9674
vn -0.1570 0.0000 0.9876
vn 0.0275 0.9648 0.2616
vn -0.0972 0.3724 -0.9230
vn -0.4971 0.2153 0.8405
vn 0.2153 0.9061 -0.3642
vn 0.5059 0.1089 -0.8557
vn 0.5059 0.1088 -0.8557
vn 0.1582 0.9134 0.3751
vn 0.9660 0.2092 -0.1522
vn -0.3371 0.3991 -0.8527
vn 0.0687 0.9035 0.4230
vn 0.2152 0.9063 -0.3638
vn 0.0658 0.9839 0.1664
vn -0.1023 0.3731 -0.9221
vn 0.0753 0.9811 0.1785
vn 0.9364 0.2588 -0.2369
vn 0.0576 0.9331 0.3548
vn 0.0318 0.9576 0.2864
vn 0.9578 -0.2628 -0.1168
vn 0.9577 -0.2630 -0.1171
vn -0.4971 0.2159 0.8404
vn -0.3390 0.3995 -0.8518
vn 0.0858 0.9753 0.2034
vn 0.0761 0.9786 0.1913
vn 0.2525 0.9134 0.3193
vn -0.5658 -0.8191 0.0942
vn -0.5659 -0.8191 0.0941
vn 0.1107 0.9840 0.1399
vn 0.1273 0.9787 0.1610
vn -0.8608 -0.0004 -0.5089
vn -0.3579 -0.2635 -0.8958
vn -0.3591 -0.2626 -0.8956
vn 0.1425 0.9746 0.1728
vn 0.5665 -0.4074 0.7163
vn 0.4933 -0.2585 -0.8306
vn 0.4913 -0.2586 -0.8317
vn -0.7588 0.3730 -0.5339
vn 0.1758 0.3143 0.9329
vn -0.8610 -0.0002 0.5087
vn 0.8607 -0.0005 0.5090
vn 0.8608 -0.0004 0.5090
vn 0.4919 -0.2586 -0.8313
vn 0.3377 0.9035 0.2639
vn 0.3308 0.9145 0.2328
vn 0.2145 0.9622 0.1677
vn -0.9272 0.2955 -0.2303
vn 0.1316 -0.3736 0.9182
vn -0.2062 -0.9145 0.3480
vn -0.2053 -0.9149 0.3474
vn -0.6848 -0.4945 -0.5353
vn 0.1257 0.9804 0.1518
vn 0.3286 0.9164 0.2286
vn 0.1927 0.9696 0.1506
vn -0.1077 -0.3306 -0.9376
vn -0.1059 -0.3302 -0.9379
vn -0.0373 -0.3468 -0.9372
vn 0.2301 -0.2467 -0.9414
vn -0.9061 0.3122 -0.2854
vn 0.0558 0.9374 0.3438
vn -0.9066 0.3115 -0.2847
vn -0.1155 -0.6930 -0.7116
vn -0.0977 -0.4640 -0.8804
vn -0.2063 -0.9145 0.3480
vn -0.2066 -0.9144 0.3482
vn -0.2054 -0.9150 0.3472
vn 0.2452 0.2954 -0.9234
vn 0.2449 0.2957 -0.9234
vn -0.2428 -0.7509 -0.6142
vn 0.2147 0.3040 -0.9282
vn -0.0975 0.3720 -0.9231
vn 0.2142 0.3044 -0.9282
vn 0.2142 0.3044 -0.9281
vn -0.8608 0.0003 -0.5089
vn 0.8607 0.0001 -0.5091
vn 0.0249 0.9691 0.2453
vn 0.8609 -0.0003 -0.5087
vn 0.8615 0.0008 -0.5078
vn 0.8607 -0.0003 -0.5092
vn 0.7438 -0.3766 -0.5521
vn 0.8606 0.0003 -0.5093
vn 0.8606 0.0002 -0.5092
vn 0.1867 0.9305 0.3151
vn 0.1866 0.9304 0.3154
vn 0.9092 0.2058 0.3620
vn -0.6465 -0.6162 0.4498
vn 0.1153 0.9836 -0.1388
vn -0.5849 0.3991 -0.7061
vn 0.1004 0.9868 -0.1269
vn -0.4045 -0.7581 0.5115
vn -0.8613 -0.0010 -0.5080
vn -0.7274 -0.2452 -0.6409
vn -0.8607 -0.0000 -0.5092
vn 0.3907 0.7968 -0.4610
vn 0.4378 -0.1339 -0.8890
vn 0.3355 0.3993 -0.8532
vn 0.9847 0.1033 -0.1405
vn -0.1624 -0.9299 0.3299
vn -0.8603 0.0013 -0.5098
vn -0.0249 0.9691 0.2453
vn 0.2428 -0.7509 -0.6142
vn 0.2054 -0.9148 0.3478
vn 0.0975 0.3720 -0.9231
vn 0.7150 -0.6961 -0.0658
vn 0.6359 0.7601 0.1335
vn 0.2067 -0.9149 0.3468
vn 0.7499 -0.3068 -0.5861
vn 0.8020 0.2343 0.5494
vn 0.5045 -0.1343 -0.8529
vn 0.6191 0.2540 0.7431
vn 0.5755 -0.7165 0.3942
vn 0.5849 0.3991 -0.7061
vn 0.3907 -0.7904 -0.4717
vn -0.2053 -0.9151 0.3471
vn -0.9023 0.3147 0.2947
vn -0.8607 0.0005 -0.5090
vn 0.8036 0.2342 0.5472
vn -0.8608 0.0005 -0.5090
vn 0.8977 0.2103 0.3873
vn 0.8402 -0.3476 -0.4162
vn 0.7965 -0.3626 -0.4838
vn 0.7002 -0.2480 -0.6695
vn 0.6535 -0.5588 0.5106
vn 0.5048 -0.1344 -0.8527
vn 0.7116 0.6884 0.1408
vn -0.4918 -0.2586 -0.8314
vn -0.0023 1.0000 0.0018
vn -0.7499 -0.3068 -0.5861
vn -0.9080 0.3107 0.2811
vn -0.0687 0.9842 0.1630
vn -0.7644 0.3717 0.5268
vn -0.0594 0.9867 0.1511
vn 0.2375 -0.7914 -0.5632
vn 0.8035 0.2338 0.5475
vn -0.0018 1.0000 0.0012
vn 0.0179 0.9997 0.0140
vn 0.0005 1.0000 -0.0013
vn 0.0394 0.9989 0.0268
vn -0.7902 -0.2814 0.5445
vn 0.0006 1.0000 -0.0014
vn 0.3530 0.2541 -0.9005
vn -0.7812 -0.1310 0.6104
vn 0.3361 -0.5017 -0.7971
vn -0.0009 1.0000 0.0012
vn 0.3290 -0.4380 -0.8366
vn -0.5533 -0.5003 0.6659
vn -0.5540 -0.4497 0.7006
vn -0.5859 0.3993 0.7051
vn 0.0687 0.9842 -0.1630
vn 0.0594 0.9867 -0.1511
vn 0.0100 0.9999 0.0120
vn -0.0937 0.3717 0.9236
vn 0.6199 0.2540 0.7424
vn -0.3355 0.3993 0.8532
vn 0.6198 0.2537 0.7426
vn -0.2428 -0.7508 0.6142
vn 0.3520 0.2540 0.9009
vn 0.0249 0.9691 -0.2453
vn 0.0383 -0.3635 0.9308
vn 0.2685 -0.2493 0.9305
vn -0.2584 0.2057 -0.9439
vn -0.3220 0.2661 -0.9086
vn -0.4965 0.2160 0.8407
vn -0.4973 0.2161 0.8402
vn 0.0687 0.9842 0.1630
vn 0.0594 0.9867 0.1511
vn -0.2375 -0.7914 -0.5632
vn 0.4920 -0.2586 0.8313
vn 0.4929 -0.2585 0.8308
vn 0.8388 0.0000 -0.5445
vn 0.8387 0.0076 -0.5445
vn 0.8385 0.0000 -0.5449
vn -0.0002 1.0000 -0.0021
vn -0.0005 1.0000 -0.0029
vn -0.1518 -0.3199 -0.9352
vn -0.0006 1.0000 -0.0014
vn -0.3530 0.2540 0.9005
vn -0.0002 1.0000 0.0021
vn -0.0005 1.0000 0.0029
vn -0.1518 -0.3200 0.9352
vn -0.0005 1.0000 0.0013
vn -0.0005 1.0000 -0.0013
vn -0.0009 1.0000 0.0011
vn -0.0006 1.0000 0.0014
vn -0.3361 -0.5017 0.7971
vn -0.3290 -0.4380 0.8366
vn -0.3361 -0.5017 -0.7971
vn -0.3290 -0.4380 -0.8366
vn -0.4973 0.2161 0.8403
vn 0.8607 0.0003 0.5091
vn 0.0107 0.9999 0.0135
vn 0.3221 -0.8642 0.3866
vn 0.3366 -0.8400 0.4256
vn -0.1995 -0.9200 0.3375
vn -0.4921 -0.2586 0.8313
vn -0.1995 -0.9200 0.3373
vn -0.4927 -0.2585 0.8309
vn 0.8310 -0.1066 0.5460
vn 0.8310 -0.1067 0.5460
vn 0.8607 -0.0001 -0.5092
vn 0.9034 0.2083 0.3748
vn 0.5902 -0.1005 0.8010
vn 0.9037 0.2079 0.3744
vn 0.2742 -0.0826 0.9581
vn 0.8973 0.2108 0.3878
vn 0.0002 1.0000 -0.0021
vn 0.0005 1.0000 -0.0029
vn 0.1518 -0.3199 -0.9352
vn 0.4428 -0.6626 0.6041
vn 0.4899 0.5621 0.6664
vn 0.6653 -0.5354 0.5203
vn 0.5890 -0.1012 0.8017
vn 0.2041 0.6707 0.7131
vn 0.5832 0.7162 0.3832
vn 0.0936 0.3717 -0.9236
vn 0.5231 -0.7799 0.3437
vn 0.0587 0.9746 0.2161
vn 0.0147 0.9998 0.0115
vn 0.2054 -0.9150 -0.3472
vn 0.2052 -0.9151 -0.3471
vn 0.0110 0.9999 0.0075
vn 0.5978 -0.6905 0.4073
vn 0.6787 -0.5076 0.5308
vn -0.8615 0.0008 -0.5078
vn -0.8600 -0.0010 -0.5103
vn -0.8607 0.0005 -0.5092
vn 0.1880 -0.7309 0.6561
vn 0.1090 -0.3309 0.9374
vn -0.2493 -0.2479 0.9361
vn -0.3912 0.7965 -0.4610
vn -0.8592 -0.0059 -0.5116
vn 0.2161 -0.9616 0.1689
vn 0.2162 -0.9616 0.1691
vn -0.8606 0.0004 -0.5092
vn -0.5924 -0.2966 -0.7491
vn -0.8606 0.0003 -0.5093
vn -0.8607 0.0004 -0.5090
vn -0.4917 -0.2586 0.8315
vn 0.1607 -0.9659 0.2032
vn 0.8027 0.2343 0.5484
vn 0.1081 -0.3307 0.9375
vn -0.8607 -0.0005 -0.5090
vn -0.8607 -0.0005 -0.5091
vn -0.1758 0.3143 -0.9329
vn 0.2032 -0.9151 -0.3484
vn 0.2041 -0.9151 -0.3477
vn 0.2746 -0.0820 0.9581
vn -0.4918 -0.2586 0.8314
vn 0.6920 0.2535 0.6759
vn 0.3262 -0.8605 0.3914
vn -0.8608 -0.0004 -0.5090
vn 0.6194 0.2537 0.7430
vn 0.2054 -0.9149 -0.3474
vn -0.2067 -0.9149 0.3468
vn 0.3411 -0.8354 0.4311
vn 0.2063 -0.9145 -0.3480
vn 0.0057 1.0000 0.0073
vn 0.0054 1.0000 0.0065
vn 0.2057 -0.9148 -0.3477
vn 0.1606 -0.9659 0.2030
vn 0.6195 0.2540 0.7428
vn -0.1256 -0.3766 0.9178
vn -0.1866 0.3117 -0.9317
vn 0.1973 -0.8614 0.4681
vn 0.4915 -0.2587 -0.8316
vn 0.5856 -0.7051 0.4000
vn 0.3304 -0.8569 0.3956
vn 0.3461 -0.8298 0.4377
vn 0.8609 -0.0001 0.5088
vn -0.0529 0.9440 0.3257
vn 0.1215 -0.6525 -0.7480
vn 0.0982 -0.3543 -0.9299
vn 0.5919 0.7970 0.1197
vn 0.1563 0.7453 0.6482
vn -0.4719 -0.3774 -0.7968
vn 0.5926 0.7964 0.1207
vn -0.1760 0.3144 -0.9328
vn -0.2031 -0.9151 0.3484
vn -0.0383 -0.3635 0.9308
vn -0.2057 -0.9148 0.3477
vn 0.8607 -0.0000 0.5092
vn -0.5859 0.3993 -0.7051
vn 0.3729 -0.2805 -0.8844
vn -0.3355 0.3993 -0.8532
vn 0.1007 -0.0554 -0.9934
vn 0.3728 -0.2805 -0.8845
vn 0.0937 0.3716 -0.9236
vn -0.1802 0.2980 -0.9374
vn -0.1540 0.3203 -0.9347
vn 0.8600 -0.0010 -0.5103
vn 0.8607 0.0005 -0.5092
vn 0.1869 -0.7327 0.6544
vn 0.8791 -0.0808 0.4698
vn -0.0374 -0.3468 0.9372
vn 0.0625 0.9738 0.2189
vn 0.2493 -0.2479 0.9361
vn 0.2034 0.6721 0.7120
vn -0.2041 -0.9151 -0.3477
vn -0.2032 -0.9151 -0.3484
vn -0.8606 0.0002 -0.5092
vn -0.1756 0.3146 -0.9328
vn 0.4915 -0.2587 0.8316
vn 0.7627 0.2688 -0.5883
vn 0.8594 -0.0050 -0.5112
vn 0.1546 -0.2629 0.9524
vn 0.4916 -0.2586 0.8315
vn 0.1758 0.3143 -0.9329
vn 0.8606 0.0004 -0.5092
vn -0.2053 -0.9150 -0.3474
vn -0.8607 -0.0004 -0.5091
vn 0.8608 0.0001 -0.5090
vn 0.8608 -0.0004 -0.5089
vn 0.5659 -0.8191 0.0941
vn 0.7624 0.2694 -0.5883
vn -0.6334 0.7735 0.0222
vn -0.6331 0.7738 0.0224
vn 0.2584 0.2059 -0.9438
vn -0.8326 -0.3497 0.4296
vn 0.3216 0.2660 -0.9088
vn 0.8610 0.0003 -0.5086
vn 0.3579 -0.2635 -0.8958
vn 0.3591 -0.2626 -0.8956
vn 0.8607 0.0001 -0.5090
vn -0.2057 -0.9148 -0.3477
vn -0.2063 -0.9145 -0.3480
vn 0.3521 0.2540 -0.9009
vn 0.5658 -0.8191 0.0942
vn 0.2070 -0.8225 -0.5298
vn 0.4965 0.2160 0.8407
vn -0.1090 -0.3309 0.9374
vn -0.1081 -0.3307 0.9375
vn -0.1084 -0.3307 0.9375
vn 0.8608 0.0000 -0.5089
vn 0.4973 0.2161 0.8402
vn 0.2301 -0.2467 0.9414
vn 0.1101 -0.9763 0.1862
vn 0.8608 -0.0002 -0.5089
vn -0.4742 0.3644 0.8014
vn -0.4741 0.3635 0.8019
vn -0.1945 0.9241 0.3289
vn -0.1204 0.2059 -0.9711
vn 0.1053 -0.7535 -0.6489
vn 0.0951 0.2345 -0.9674
vn 0.0882 -0.4325 -0.8973
vn -0.0930 0.2102 -0.9732
vn -0.0928 0.2103 -0.9732
vn 0.3942 -0.6329 0.6664
vn 0.0889 -0.3606 -0.9285
vn 0.0927 0.2342 -0.9678
vn 0.0927 0.2341 -0.9678
vn 0.0024 0.9997 -0.0250
vn -0.2596 0.2537 0.9318
vn 0.3942 -0.6330 0.6663
vn 0.0057 0.9994 -0.0353
vn -0.2601 0.2537 0.9317
vn 0.2526 0.7104 0.6570
vn 0.8605 -0.0000 -0.5094
vn 0.7274 -0.2452 -0.6409
vn 0.7139 -0.2465 -0.6554
vn 0.1531 -0.2955 0.9430
vn 0.1006 -0.9659 -0.2386
vn 0.0939 0.2341 -0.9677
vn 0.3526 0.2537 -0.9007
vn -0.8020 0.2343 0.5494
vn -0.5755 -0.7166 0.3942
vn 0.1973 -0.8614 -0.4681
vn 0.2042 -0.8284 -0.5215
vn -0.3907 0.7968 -0.4610
vn 0.1089 -0.7336 -0.6708
vn 0.0031 1.0000 -0.0079
vn -0.6359 0.7601 0.1335
vn -0.7116 0.6884 0.1408
vn 0.1997 -0.8578 -0.4736
vn -0.2054 -0.9148 0.3478
vn -0.7150 -0.6961 -0.0658
vn -0.2289 -0.8079 -0.5430
vn -0.2335 -0.7754 -0.5867
vn 0.4918 -0.2586 -0.8314
vn -0.1002 0.3726 -0.9226
vn -0.3384 0.3994 -0.8520
vn -0.8607 0.0001 -0.5092
vn 0.0798 0.9787 0.1892
vn 0.0704 0.9816 0.1773
vn 0.0295 0.9620 0.2715
vn -0.1187 -0.6720 -0.7310
vn -0.0985 -0.4082 -0.9075
vn -0.1074 0.2079 -0.9722
vn -0.3382 0.3996 -0.8520
vn 0.0886 -0.3993 -0.9125
vn -0.2387 -0.7626 -0.6012
vn 0.0013 0.9999 -0.0133
vn -0.8605 -0.0004 -0.5095
vn -0.8608 0.0003 -0.5090
vn 0.0030 0.9998 -0.0184
vn 0.0440 -0.9616 -0.2708
vn -0.8604 -0.0002 -0.5095
vn -0.9089 0.2063 0.3625
vn -0.2336 -0.7990 -0.5541
vn 0.1070 -0.7442 -0.6593
vn -0.8973 0.2104 0.3879
vn -0.8978 0.2098 0.3873
vn 0.1949 -0.8650 -0.4623
vn -0.1546 -0.2629 0.9524
vn -0.0393 0.9989 0.0268
vn -0.4915 -0.2586 0.8316
vn -0.2065 -0.9144 -0.3482
vn 0.2016 -0.8337 -0.5142
vn -0.2052 -0.9151 -0.3471
vn 0.3602 -0.3745 0.8544
vn 0.4719 -0.3774 0.7968
vn -0.5859 0.3993 -0.7052
vn -0.5832 0.3995 -0.7074
vn 0.1153 0.9836 0.1388
vn 0.1004 0.9868 0.1269
vn -0.0179 0.9997 0.0140
vn -0.3907 -0.7904 -0.4717
vn -0.4046 -0.7581 -0.5116
vn -0.8036 0.2342 0.5472
vn -0.6197 0.2540 0.7426
vn -0.8035 0.2338 0.5475
vn 0.4532 -0.4564 0.7657
vn -0.5974 -0.6911 0.4067
vn -0.2054 -0.9150 -0.3472
vn -0.8607 -0.0008 0.5091
vn -0.6538 -0.5580 0.5111
vn 0.4530 -0.4564 0.7658
vn -0.1089 -0.7336 0.6708
vn -0.0889 -0.3606 0.9285
vn 0.2056 0.9148 0.3477
vn -0.0009 1.0000 -0.0012
vn -0.0009 1.0000 -0.0011
vn 0.1870 0.9298 0.3169
vn 0.1866 0.9303 0.3156
vn 0.1868 0.9303 0.3158
vn 0.1866 0.9304 0.3156
vn -0.0927 0.2342 0.9678
vn -0.0927 0.2341 0.9678
vn -0.5541 -0.4497 -0.7006
vn -0.3521 0.2540 0.9009
vn -0.0057 0.9999 0.0146
vn 0.1866 0.9304 0.3155
vn 0.1869 0.9302 0.3158
vn -0.0067 0.9999 0.0159
vn -0.5533 -0.5003 -0.6659
vn 0.4522 -0.4560 0.7665
vn 0.4525 -0.4562 0.7662
vn 0.1867 0.9303 0.3157
vn -0.2071 -0.8224 0.5298
vn -0.1949 -0.8650 0.4623
vn -0.0024 0.9997 0.0250
vn -0.2016 -0.8337 0.5142
vn -0.9022 0.3144 -0.2952
vn 0.1945 0.9241 -0.3289
vn -0.6106 -0.6653 -0.4296
vn -0.3756 -0.8071 -0.4556
vn -0.3876 -0.7807 -0.4902
vn -0.0057 0.9994 0.0353
vn -0.1054 -0.7535 0.6489
vn -0.3302 -0.8570 0.3957
vn -0.3302 -0.8569 0.3957
vn -0.8607 -0.0002 0.5092
vn 0.1330 0.9780 0.1610
vn 0.1180 0.9817 0.1492
vn -0.8608 0.0003 0.5089
vn -0.3729 -0.2805 0.8844
vn -0.3728 -0.2805 0.8845
vn -0.5982 0.1030 -0.7947
vn -0.3520 0.2540 0.9009
vn 0.7253 -0.3905 0.5669
vn 0.0067 0.9999 -0.0159
vn -0.0107 0.9999 0.0135
vn -0.0100 0.9999 0.0120
vn -0.5981 0.1031 -0.7948
vn -0.3221 -0.8642 0.3866
vn -0.7601 0.3730 -0.5321
vn -0.3366 -0.8400 0.4256
vn -0.6191 0.2540 0.7431
vn -0.1682 -0.9301 -0.3265
vn 0.5981 0.1031 0.7948
vn 0.3520 0.2540 -0.9009
vn 0.0057 0.9999 -0.0146
vn -0.8603 0.0013 0.5098
vn -0.7601 0.3728 -0.5323
vn -0.5838 0.3995 -0.7068
vn 0.4971 0.2159 0.8404
vn -0.5837 0.3994 -0.7069
vn 0.2111 -0.9099 0.3570
vn -0.6284 -0.6414 -0.4401
vn -0.3837 -0.7981 -0.4646
vn -0.3965 -0.7692 -0.5011
vn -0.2525 0.7104 -0.6570
vn -0.1563 0.7453 -0.6482
vn 0.5231 -0.7798 0.3438
vn 0.2544 -0.9525 0.1672
vn 0.2354 -0.9582 0.1628
vn 0.7438 -0.3766 0.5521
vn 0.0819 -0.9501 0.3010
vn 0.2379 -0.4230 0.8744
vn -0.7619 0.3721 -0.5301
vn -0.6465 -0.6162 -0.4498
vn -0.7026 -0.4524 -0.5492
vn -0.2152 0.9063 -0.3638
vn 0.3311 0.9156 0.2282
vn 0.1786 0.9740 0.1397
vn 0.8387 0.0000 0.5446
vn -0.8388 0.0000 -0.5445
vn -0.8613 -0.0010 0.5080
vn -0.0923 -0.2938 -0.9514
vn -0.1804 -0.3554 -0.9171
vn 0.7349 0.4669 -0.4919
vn 0.0894 -0.9455 0.3131
vn 0.3416 -0.9281 0.1481
vn -0.5097 0.8500 -0.1328
vn -0.5086 0.8506 -0.1336
vn -0.9660 0.2092 -0.1522
vn -0.7644 0.3717 -0.5268
vn 0.4971 0.2153 0.8405
vn -0.2153 0.9061 -0.3642
vn -0.5060 0.1088 -0.8556
vn -0.5059 0.1084 -0.8557
vn -0.8608 -0.0001 0.5090
vn -0.9578 -0.2628 -0.1168
vn -0.2053 -0.9151 -0.3471
vn -0.9023 0.3147 -0.2947
vn -0.8607 0.0005 0.5090
vn -0.8607 -0.0000 0.5092
vn -0.8608 -0.0000 0.5090
vn -0.8606 0.0002 0.5092
vn 0.4965 0.2160 0.8408
vn -0.8608 -0.0000 0.5089
vn -0.8607 0.0003 0.5091
vn 0.8402 -0.3476 0.4162
vn 0.7139 -0.2465 0.6554
vn 0.7965 -0.3626 0.4838
vn 0.5048 -0.1344 0.8527
vn 0.5445 0.0000 -0.8388
vn 0.5045 -0.1343 0.8529
vn 0.4538 -0.1341 0.8809
vn 0.1995 -0.9200 0.3375
vn 0.0374 -0.3468 0.9372
vn 0.1995 -0.9200 0.3373
vn -0.2301 -0.2467 0.9414
vn -0.8611 0.0001 -0.5085
vn 0.5446 0.0060 -0.8387
vn -0.8610 -0.0001 -0.5085
vn -0.8610 -0.0004 -0.5086
vn -0.8603 0.0000 -0.5099
vn -0.2685 -0.2493 0.9305
vn -0.5919 0.7970 -0.1197
vn -0.8608 0.0002 -0.5090
vn -0.4654 -0.4036 0.7877
vn -0.8317 -0.3503 0.4308
vn 0.1023 0.3731 0.9221
vn 0.5832 0.3994 0.7074
vn -0.5926 0.7964 -0.1207
vn 0.2040 -0.9148 -0.3486
vn 0.5837 0.3994 0.7069
vn -0.4025 -0.6959 -0.5947
vn -0.4015 -0.6965 -0.5947
vn -0.0704 0.9816 -0.1773
vn -0.1180 0.9817 -0.1492
vn -0.8609 -0.0003 -0.5088
vn 0.3756 -0.8071 0.4556
vn 0.2056 -0.9149 -0.3474
vn -0.4652 -0.4035 0.7879
vn 0.3876 -0.7807 0.4902
vn -0.0798 0.9787 -0.1892
vn 0.2289 -0.8079 0.5430
vn 0.2335 -0.7754 0.5867
vn 0.1688 -0.9434 -0.2854
vn -0.4823 -0.3207 0.8152
vn -0.1867 0.9305 -0.3151
vn -0.3730 -0.2806 0.8844
vn -0.1866 0.9303 -0.3156
vn -0.1866 0.9304 -0.3156
vn -0.1866 0.9304 -0.3155
vn -0.1869 0.9302 -0.3158
vn -0.4523 -0.4561 -0.7664
vn -0.4525 -0.4562 -0.7662
vn -0.1867 0.9303 -0.3157
vn 0.1006 -0.9659 -0.2387
vn 0.5838 0.3995 0.7068
vn 0.3381 0.3996 0.8521
vn 0.5849 0.3991 0.7061
vn -0.4852 -0.2991 0.8216
vn -0.1257 0.9804 -0.1517
vn -0.1107 0.9840 -0.1399
vn 0.3837 -0.7981 0.4646
vn 0.0036 1.0000 -0.0085
vn 0.2387 -0.7623 0.6016
vn 0.3965 -0.7692 0.5011
vn 0.2336 -0.7990 0.5541
vn -0.7176 -0.2546 0.6482
vn -0.0658 0.9839 -0.1664
vn 0.1002 0.3726 0.9226
vn -0.4647 0.6310 -0.6212
vn -0.5378 0.6262 -0.5645
vn 0.3385 0.3992 0.8521
vn -0.0753 0.9811 -0.1785
vn -0.4854 0.3010 0.8208
vn -0.0558 0.9374 -0.3438
vn -0.0295 0.9620 -0.2715
vn 0.1155 -0.6930 0.7116
vn 0.0977 -0.4640 0.8805
vn -0.8607 0.0003 0.5092
vn -0.8608 -0.0001 0.5089
vn -0.2452 0.2954 0.9234
vn -0.2449 0.2957 0.9234
vn -0.8608 0.0001 0.5090
vn -0.8606 -0.0000 0.5094
vn -0.8607 -0.0003 0.5092
vn -0.0549 0.9394 -0.3384
vn 0.1187 -0.6718 0.7312
vn 0.0985 -0.4082 0.9075
vn -0.8608 0.0000 0.5089
vn -0.1869 0.9299 -0.3168
vn -0.1866 0.9304 -0.3154
vn -0.3942 -0.6329 -0.6663
vn -0.9170 0.3038 -0.2584
vn -0.3942 -0.6329 -0.6664
vn -0.6656 -0.5350 -0.5203
vn -0.9272 0.2955 -0.2302
vn 0.3277 0.9165 0.2294
vn -0.9166 0.3045 -0.2592
vn 0.2021 0.9665 0.1580
vn -0.1531 -0.2955 -0.9430
vn -0.1532 -0.2955 -0.9430
vn -0.0275 0.9648 -0.2615
vn -0.2147 0.3041 0.9281
vn -0.2142 0.3045 0.9281
vn 0.1002 0.3725 0.9226
vn -0.8607 -0.0004 0.5091
vn -0.6334 0.7735 -0.0222
vn -0.1860 0.3122 0.9316
vn 0.0972 0.3724 0.9230
vn -0.8615 0.0008 0.5078
vn -0.8606 0.0003 0.5093
vn -0.8600 -0.0010 0.5103
vn -0.1153 0.9836 -0.1388
vn -0.1004 0.9868 -0.1269
vn -0.0594 0.9867 -0.1511
vn 0.2375 -0.7914 0.5633
vn 0.3371 0.3991 0.8527
vn 0.3907 -0.7904 0.4717
vn 0.2052 -0.9151 0.3471
vn 0.2066 -0.9144 0.3482
vn 0.2054 -0.9150 0.3472
vn 0.0009 1.0000 0.0012
vn 0.0009 1.0000 0.0011
vn 0.5533 -0.5003 0.6659
vn 0.5541 -0.4497 0.7006
vn -0.8607 0.0005 0.5092
vn 0.1091 -0.3309 -0.9373
vn -0.8591 -0.0065 0.5118
vn -0.8606 0.0003 0.5092
vn 0.1077 -0.3306 -0.9376
vn 0.1056 -0.3302 -0.9380
vn 0.7002 -0.2480 0.6695
vn -0.9092 0.2058 -0.3620
vn -0.1756 0.3146 0.9328
vn -0.3262 0.0997 -0.9400
vn -0.3255 0.1000 -0.9402
vn 0.2041 -0.9151 0.3478
vn -0.0023 1.0000 -0.0018
vn -0.0018 1.0000 -0.0012
vn -0.7902 -0.2814 -0.5445
vn -0.7812 -0.1310 -0.6104
vn -0.9080 0.3107 -0.2811
vn -0.8608 -0.0002 0.5089
vn -0.8604 -0.0002 -0.5096
vn -0.8601 -0.0002 0.5102
vn -0.8975 0.3044 -0.3192
vn -0.8609 0.0003 -0.5088
vn -0.9022 0.3145 -0.2953
vn -0.8608 -0.0002 0.5090
vn 0.2111 -0.9100 -0.3569
vn -0.1905 -0.8189 -0.5414
vn -0.8607 -0.0005 0.5090
vn -0.8608 -0.0004 0.5090
vn 0.2062 -0.9145 0.3480
vn 0.2054 -0.9149 0.3474
vn -0.8829 0.2700 -0.3842
vn -0.4915 -0.2586 -0.8316
vn -0.8607 -0.0003 -0.5091
vn -0.4931 -0.2585 -0.8307
vn -0.4914 -0.2586 -0.8317
vn -0.0927 0.2342 -0.9678
vn -0.8830 0.2689 -0.3847
vn -0.0927 0.2341 -0.9678
vn -0.3728 -0.2805 -0.8845
vn -0.1758 0.3143 0.9329
vn 0.2057 -0.9148 0.3477
vn -0.0024 0.9997 -0.0250
vn 0.2063 -0.9145 0.3480
vn -0.9660 0.2092 0.1522
vn -0.9364 0.2588 0.2369
vn -0.9577 -0.2630 0.1171
vn -0.2016 -0.8337 -0.5142
vn -0.8607 -0.0002 -0.5091
vn -0.1054 -0.7536 -0.6489
vn -0.0013 0.9999 -0.0133
vn -0.0939 0.2341 -0.9677
vn -0.0440 -0.9616 -0.2708
vn -0.5097 0.8500 0.1328
vn -0.5086 0.8506 0.1336
vn -0.9578 -0.2628 0.1168
vn -0.1894 -0.8195 -0.5409
vn -0.8607 0.0003 -0.5091
vn 0.2111 -0.9099 -0.3570
vn 0.1995 -0.9200 -0.3375
vn 0.1995 -0.9200 -0.3372
vn -0.8606 0.0002 -0.5093
vn -0.1256 -0.3765 -0.9178
vn 0.4971 0.2153 -0.8405
vn 0.4971 0.2159 -0.8404
vn 0.4965 0.2160 -0.8408
vn -0.0147 0.9998 0.0115
vn -0.0110 0.9999 0.0075
vn -0.8608 0.0000 0.5090
vn -0.6787 -0.5076 0.5308
vn -0.1760 0.3144 0.9328
vn 0.5924 -0.2966 -0.7491
vn 0.3530 0.2541 0.9005
vn 0.3530 0.2540 0.9005
vn -0.3459 -0.8301 0.4373
vn -0.6920 0.2535 0.6759
vn -0.9847 0.1033 -0.1405
vn 0.0005 1.0000 0.0013
vn 0.0006 1.0000 0.0014
vn 0.3361 -0.5017 0.7971
vn 0.3290 -0.4380 0.8366
vn -0.0687 0.9842 -0.1630
vn 0.0936 0.3717 0.9236
vn -0.8027 0.2343 0.5484
vn 0.3355 0.3993 0.8532
vn 0.2428 -0.7509 0.6142
vn 0.1215 -0.6524 0.7480
vn -0.6917 0.2535 0.6762
vn -0.0013 0.9999 0.0133
vn -0.0939 0.2341 0.9677
vn -0.8602 0.0000 0.5099
vn 0.0002 1.0000 0.0021
vn 0.0005 1.0000 0.0029
vn -0.1199 0.2063 0.9711
vn 0.1518 -0.3200 0.9352
vn 0.1007 -0.0554 0.9934
vn -0.0383 -0.3635 -0.9308
vn 0.1101 -0.9763 -0.1862
vn -0.2042 -0.8284 -0.5215
vn -0.1070 -0.7442 -0.6593
vn -0.1089 -0.7336 -0.6708
vn -0.0889 -0.3606 -0.9285
vn 0.5445 0.0000 0.8388
vn -0.3526 0.2537 -0.9007
vn -0.0036 1.0000 -0.0085
vn 0.4060 -0.6031 -0.6867
vn -0.1997 -0.8578 -0.4736
vn -0.2070 -0.8224 -0.5298
vn -0.0439 -0.9616 0.2708
vn 0.4918 -0.2586 0.8314
vn 0.3730 -0.2806 -0.8844
vn -0.0440 -0.9616 0.2708
vn -0.3530 0.2541 -0.9005
vn -0.3526 0.2537 0.9007
vn -0.1070 -0.7443 0.6593
vn -0.0886 -0.3993 0.9125
vn -0.1006 -0.9659 0.2387
vn 0.0009 -1.0000 -0.0015
vn 0.4852 -0.2991 -0.8216
vn 0.1534 0.9535 -0.2594
vn 0.4015 -0.6965 -0.5947
vn -0.6553 0.0070 -0.7553
vn -0.2040 -0.9148 -0.3486
vn -0.6577 0.0015 -0.7533
vn 0.5919 0.7970 -0.1197
vn -0.2484 0.0038 -0.9686
vn 0.5926 0.7964 -0.1207
vn -0.2056 -0.9149 -0.3474
vn 0.8608 0.0002 -0.5090
vn 0.1563 0.7453 -0.6482
vn -0.1776 0.9372 0.3003
vn -0.4503 0.6002 -0.6611
vn -0.4498 0.6000 -0.6616
vn -0.4494 0.6001 -0.6618
vn -0.4498 0.5999 -0.6617
vn 0.2525 0.7104 -0.6570
vn 0.1357 0.2422 -0.9607
vn -0.0301 0.3635 -0.9311
vn -0.3551 0.6547 -0.6673
vn 0.3545 -0.6552 0.6671
vn 0.3592 -0.6581 0.6617
vn 0.3545 -0.6552 0.6672
vn 0.3568 -0.6530 0.6680
vn 0.3547 -0.6552 0.6670
vn -0.4741 0.3635 -0.8019
vn 0.1355 0.2429 -0.9605
vn 0.1342 0.2427 -0.9608
vn 0.1230 0.2416 -0.9625
vn -0.1945 0.9241 -0.3289
vn 0.0931 0.2384 -0.9667
vn -0.1352 -0.2428 0.9606
vn -0.1340 -0.2427 0.9608
vn -0.1308 -0.2424 0.9613
vn -0.6566 0.0843 -0.7495
vn 0.6604 -0.0883 0.7457
vn 0.6559 -0.0846 0.7501
vn 0.6560 -0.0846 0.7500
vn -0.7180 0.0627 -0.6932
vn -0.7176 0.0629 -0.6936
vn -0.7176 0.0630 -0.6936
vn 0.0000 0.0000 -1.0000
vn -0.3262 -0.8605 0.3914
vn 0.0001 0.0000 1.0000
vn 0.0001 -0.0000 1.0000
vn -0.3411 -0.8354 0.4311
vn -0.0057 1.0000 0.0073
vn -0.0054 1.0000 0.0065
vn -0.1006 -0.9659 0.2386
vn -0.1606 -0.9659 0.2030
vn -0.8609 0.0000 -0.5089
vn -0.8607 0.0000 -0.5091
vn -0.1607 -0.9659 0.2032
vn -0.6195 0.2540 0.7428
vn -0.6194 0.2537 0.7430
vn 0.2601 0.2537 -0.9317
vn -0.0031 1.0000 0.0079
vn -0.1973 -0.8614 0.4681
vn -0.8611 -0.0002 -0.5085
vn -0.2042 -0.8284 0.5215
vn -0.5855 -0.7051 0.4000
vn -0.4357 -0.8134 -0.3854
vn -0.1866 0.3117 0.9317
vn 0.0975 0.3720 0.9231
vn 0.2595 0.2537 -0.9318
vn 0.0937 0.3716 0.9236
vn -0.1802 0.2980 0.9374
vn -0.0327 -0.4293 -0.9026
vn -0.1540 0.3203 0.9347
vn -0.0834 -0.3450 -0.9349
vn -0.0529 0.9440 -0.3257
vn -0.0249 0.9691 -0.2453
vn 0.4914 0.2620 -0.8306
vn 0.0982 -0.3544 0.9299
vn -0.8610 -0.0002 0.5085
vn 0.4059 -0.6036 -0.6862
vn -0.1316 -0.3736 -0.9182
vn 0.3912 0.7965 -0.4610
vn 0.4913 0.2609 -0.8310
vn -0.7163 -0.2546 0.6496
vn -0.0036 1.0000 0.0085
vn -0.1997 -0.8578 0.4736
vn -0.2161 -0.9616 0.1689
vn -0.3953 0.6063 -0.6900
vn -0.2162 -0.9616 0.1691
vn -0.8607 -0.0001 -0.5092
vn -0.9034 0.2083 0.3748
vn -0.9037 0.2079 0.3744
vn -0.6653 -0.5355 0.5203
vn 0.5094 -0.0228 -0.8603
vn 0.5090 -0.0219 -0.8605
vn 0.2253 0.9653 0.1319
vn 0.2806 0.9457 0.1643
vn -0.0011 -1.0000 0.0008
vn 0.6615 0.7302 -0.1709
vn 0.8606 -0.0000 0.5092
vn 0.8607 0.0004 -0.5090
vn 0.6945 -0.0060 -0.7194
vn 0.3730 -0.2805 0.8844
vn 0.6946 -0.0060 -0.7194
vn -0.3521 0.2540 -0.9009
vn -0.6560 0.0846 -0.7500
vn -0.3520 0.2540 -0.9009
vn -0.0057 0.9999 -0.0146
vn -0.0067 0.9999 -0.0159
vn -0.1949 -0.8650 -0.4623
vn 0.2230 -0.2546 -0.9410
vn -0.8606 -0.0001 -0.5093
vn -0.3548 0.6552 -0.6669
vn -0.6769 0.6699 -0.3050
vn 0.2031 -0.9151 0.3484
vn -0.8609 0.0005 -0.5088
vn -0.4919 -0.2586 -0.8314
vn -0.4495 0.6002 -0.6616
vn -0.3547 0.6552 -0.6669
vn -0.6769 0.6700 -0.3049
vn -0.4912 0.2619 -0.8308
vn -0.3221 -0.8642 -0.3866
vn -0.8020 0.2343 -0.5494
vn -0.6191 0.2540 -0.7431
vn -0.5755 -0.7166 -0.3942
vn 0.7176 -0.2546 -0.6482
vn 0.7172 -0.2546 -0.6486
vn -0.8620 0.0009 -0.5069
vn -0.0107 0.9999 -0.0135
vn -0.0100 0.9999 -0.0120
vn -0.6197 0.2540 -0.7426
vn 0.4907 -0.2672 -0.8293
vn -0.5474 -0.8136 -0.1961
vn -0.8552 -0.3859 0.3460
vn 0.8607 0.0000 0.5090
vn -0.8074 -0.3953 0.4379
vn 0.4914 0.2621 -0.8305
vn -0.7178 0.0628 -0.6934
vn -0.7175 0.0632 -0.6936
vn -0.7177 0.0629 -0.6936
vn -0.9847 0.1032 -0.1407
vn 0.1479 0.9569 -0.2500
vn 0.1479 0.9569 -0.2498
vn -0.4914 0.2620 0.8306
vn -0.4059 -0.6036 0.6862
vn -0.4912 0.2619 0.8308
vn -0.4060 -0.6031 0.6867
vn -0.5937 0.6696 -0.4462
vn -0.4351 -0.8140 -0.3848
vn -0.5925 0.6708 -0.4461
vn -0.4015 -0.6965 0.5947
vn -0.8608 0.0002 0.5090
vn -0.8607 0.0000 -0.5092
vn -0.4907 -0.2672 0.8293
vn -0.5919 0.7970 0.1197
vn -0.4908 -0.2672 0.8293
vn -0.8609 0.0000 -0.5088
vn -0.8133 -0.2394 0.5303
vn -0.8614 0.0002 -0.5080
vn -0.8895 0.0340 -0.4556
vn 0.7181 -0.0627 0.6931
vn -0.7175 0.0627 -0.6937
vn -0.7758 0.2429 0.5823
vn -0.7454 0.6655 -0.0385
vn -0.7474 0.6322 -0.2045
vn -0.8117 0.5836 -0.0236
vn -0.8118 0.5835 -0.0240
vn -0.4906 -0.2671 0.8294
vn -0.8036 0.2342 -0.5472
vn -0.8035 0.2338 -0.5475
vn -0.8609 -0.0003 -0.5087
vn 0.8822 0.0915 0.4619
vn 0.8609 0.0001 0.5087
vn -0.8611 0.0002 -0.5084
vn -0.6286 -0.6726 -0.3905
vn 0.8609 0.0002 0.5087
vn 0.8610 0.0003 0.5086
vn 0.1341 0.2427 -0.9608
vn 0.1341 0.2424 -0.9608
vn 0.0308 0.2312 -0.9724
vn 0.1349 0.2428 -0.9607
vn -0.3366 -0.8400 -0.4256
vn 0.4742 0.3644 0.8015
vn -0.2643 -0.3942 -0.8802
vn -0.2698 -0.3819 -0.8839
vn -0.3097 -0.2881 -0.9061
vn -0.3097 -0.2883 -0.9061
vn 0.4741 0.3635 0.8019
vn -0.6566 0.0843 -0.7496
vn -0.6560 0.0845 -0.7500
vn 0.8887 0.0157 0.4582
vn 0.7538 -0.0487 0.6553
vn 0.7540 -0.0488 0.6550
vn 0.7540 -0.0489 0.6551
vn -0.9537 0.0631 -0.2941
vn -0.9535 0.0629 -0.2947
vn 0.1945 0.9241 0.3289
vn -0.7181 0.0627 -0.6931
vn -0.6635 0.0821 -0.7437
vn -0.9533 0.0627 -0.2954
vn 0.4914 0.2616 -0.8307
vn -0.7762 0.2428 0.5819
vn -0.7455 0.6654 -0.0384
vn 0.8119 -0.5833 0.0239
vn -0.5471 -0.8138 -0.1960
vn -0.2253 0.9653 -0.1319
vn 0.5982 0.1030 0.7947
vn -0.2526 0.7104 0.6570
vn -0.1563 0.7453 0.6482
vn -0.2821 0.9451 -0.1650
vn 0.4358 -0.8135 0.3852
vn -0.8608 -0.0003 0.5090
vn -0.8607 0.0004 0.5090
vn 0.1023 0.3731 -0.9221
vn 0.3390 0.3995 -0.8518
vn -0.2449 0.2957 -0.9234
vn -0.0576 0.9331 0.3548
vn -0.4742 0.3644 -0.8015
vn -0.0318 0.9576 0.2864
vn -0.0858 0.9753 0.2034
vn -0.7151 -0.6958 0.0661
vn 0.2944 0.0058 -0.9557
vn -0.2252 0.9654 -0.1315
vn -0.1582 0.9134 0.3751
vn -0.2823 0.9450 -0.1653
vn -0.0761 0.9786 0.1913
vn 0.0014 -1.0000 -0.0009
vn 0.0011 -1.0000 -0.0008
vn -0.0687 0.9035 0.4230
vn 0.0328 -0.4292 0.9026
vn 0.4912 0.2619 0.8308
vn 0.0834 -0.3451 0.9349
vn 0.2944 0.0060 -0.9557
vn 0.2056 -0.9149 0.3474
vn -0.6615 0.7302 0.1709
vn -0.1710 0.7297 -0.6620
vn 0.6769 0.6700 0.3049
vn 0.6566 0.0843 0.7495
vn 0.6769 0.6699 0.3050
vn 0.8609 0.0005 0.5088
vn -0.8606 -0.0001 -0.5092
vn -0.8606 -0.0000 -0.5092
vn 0.4497 0.6000 0.6616
vn 0.3547 0.6552 0.6670
vn -0.1348 0.2428 0.9607
vn -0.0704 0.9816 0.1773
vn -0.6946 -0.0060 0.7194
vn -0.6945 -0.0060 0.7194
vn -0.8607 -0.0000 -0.5090
vn -0.8607 0.0001 -0.5091
vn -0.4914 0.2621 0.8305
vn 0.2289 -0.8079 -0.5430
vn 0.1710 -0.2462 -0.9540
vn 0.1342 -0.2427 -0.9608
vn 0.7179 0.0628 0.6933
vn 0.7176 0.0629 0.6936
vn 0.2335 -0.7754 -0.5867
vn -0.1479 0.9569 0.2498
vn 0.1187 -0.6718 -0.7312
vn 0.4356 -0.8136 0.3851
vn -0.4913 0.2609 0.8310
vn -0.1479 0.9569 0.2499
vn 0.2336 -0.7990 -0.5541
vn 0.1002 0.3726 -0.9226
vn 0.3385 0.3992 -0.8521
vn -0.3912 0.7965 0.4610
vn -0.3907 0.7968 0.4610
vn 0.3381 0.3996 -0.8521
vn 0.2387 -0.7623 -0.6015
vn 0.4823 -0.3205 0.8153
vn 0.4907 -0.2672 0.8293
vn 0.7274 -0.2452 0.6409
vn -0.8608 0.0003 0.5090
vn -0.9089 0.2063 -0.3625
vn -0.6359 0.7601 -0.1335
vn -0.7116 0.6884 -0.1408
vn -0.2067 -0.9149 -0.3468
vn -0.7150 -0.6961 0.0658
vn -0.4916 0.2617 0.8306
vn 0.0373 -0.3468 -0.9372
vn -0.2301 -0.2467 -0.9414
vn -0.5926 0.7964 0.1207
vn 0.2040 -0.9148 0.3486
vn -0.4025 -0.6959 0.5947
vn -0.8611 -0.0002 0.5085
vn -0.8609 -0.0003 0.5088
vn -0.8604 -0.0002 0.5095
vn -0.8978 0.2098 -0.3873
vn -0.0179 0.9997 -0.0140
vn -0.0393 0.9989 -0.0268
vn -0.6538 -0.5580 -0.5111
vn 0.1949 -0.8650 0.4623
vn -0.4920 -0.2586 -0.8313
vn -0.3730 -0.2806 -0.8844
vn 0.3521 0.2540 0.9009
vn 0.7176 -0.2546 0.6482
vn 0.0057 0.9999 0.0146
vn 0.0067 0.9999 0.0159
vn 0.8609 -0.0001 -0.5088
vn 0.2071 -0.8224 0.5298
vn 0.2016 -0.8337 0.5142
vn 0.0951 0.2345 0.9674
vn -0.1006 -0.9659 -0.2387
vn 0.5924 -0.2966 0.7491
vn 0.3728 -0.2805 0.8845
vn 0.3729 -0.2805 0.8844
vn 0.4852 -0.2991 0.8216
vn -0.2488 0.0044 -0.9685
vn -0.2493 -0.2479 -0.9361
vn -0.7540 0.0488 -0.6551
vn 0.4914 0.2619 -0.8307
vn -0.8611 0.0001 0.5085
vn 0.1770 0.9376 -0.2992
vn 0.1770 0.9376 -0.2993
vn -0.9836 -0.1036 -0.1474
vn -0.8610 -0.0001 0.5085
vn -0.8610 -0.0005 0.5086
vn -0.0928 0.2103 0.9732
vn -0.8027 0.2343 -0.5484
vn -0.2806 0.9457 -0.1643
vn 0.0008 -1.0000 -0.0012
vn -0.8607 0.0001 0.5092
vn 0.0008 -1.0000 -0.0015
vn -0.0110 0.9999 -0.0075
vn -0.5974 -0.6911 -0.4067
vn -0.9769 -0.0021 -0.2135
vn -0.0057 1.0000 -0.0073
vn -0.0054 1.0000 -0.0065
vn -0.5090 -0.0219 0.8605
vn -0.5094 -0.0228 0.8602
vn -0.6195 0.2540 -0.7428
vn -0.1204 0.2059 0.9711
vn -0.9772 -0.0066 -0.2123
vn -0.0031 1.0000 -0.0079
vn -0.3302 -0.8570 -0.3957
vn 0.0882 -0.4324 0.8973
vn -0.9685 -0.0042 0.2488
vn -0.3459 -0.8301 -0.4373
vn -0.9686 -0.0044 0.2487
vn 0.4918 -0.2585 0.8314
vn 0.5924 -0.2966 0.7490
vn -0.2685 -0.2493 -0.9305
vn -0.2813 0.9457 -0.1631
vn 0.0927 0.2342 0.9678
vn -0.9847 0.1033 0.1405
vn 0.0927 0.2341 0.9678
vn -0.8442 -0.1934 -0.4999
vn 0.0024 0.9997 0.0250
vn 0.0057 0.9994 0.0353
vn 0.1053 -0.7535 0.6489
vn 0.7499 -0.3068 0.5861
vn -0.5981 0.1031 0.7948
vn -0.7176 -0.2546 -0.6482
vn -0.1520 0.9544 0.2571
vn -0.1777 0.9371 0.3005
vn -0.4906 -0.2672 0.8294
vn -0.1773 0.9373 0.3001
vn -0.4852 -0.2991 -0.8216
vn -0.3262 -0.8605 -0.3914
vn -0.1973 -0.8614 -0.4681
vn -0.3411 -0.8354 -0.4311
vn -0.1006 -0.9659 -0.2386
vn -0.1606 -0.9659 -0.2030
vn -0.1607 -0.9659 -0.2032
vn -0.6194 0.2537 -0.7430
vn -0.8607 -0.0003 -0.5092
vn -0.1867 0.9305 0.3151
vn -0.3942 -0.6329 0.6664
vn 0.3526 0.2537 0.9007
vn 0.0036 1.0000 0.0085
vn 0.1997 -0.8578 0.4736
vn -0.8607 -0.0001 0.5092
vn -0.5982 0.1030 0.7947
vn -0.0558 0.9374 0.3438
vn -0.0147 0.9998 -0.0115
vn -0.0295 0.9620 0.2715
vn -0.6787 -0.5076 -0.5308
vn 0.1155 -0.6930 -0.7116
vn 0.0977 -0.4640 -0.8804
vn -0.8608 -0.0001 -0.5089
vn 0.0031 1.0000 0.0079
vn -0.2452 0.2954 -0.9234
vn -0.0798 0.9787 0.1892
vn 0.4563 -0.0857 -0.8857
vn 0.1006 0.9754 -0.1962
vn -0.3729 -0.2805 -0.8844
vn -0.2056 0.9148 0.3477
vn 0.0440 -0.9616 0.2708
vn -0.2161 -0.9616 -0.1689
vn -0.2162 -0.9616 -0.1691
vn -0.8605 -0.0004 0.5095
vn -0.8973 0.2104 -0.3879
vn -0.1316 -0.3736 0.9182
vn 0.0939 0.2341 0.9677
vn 0.4552 -0.0863 -0.8862
vn -0.9034 0.2083 -0.3748
vn -0.1866 0.9304 0.3154
vn -0.9037 0.2079 -0.3744
vn 0.2042 -0.8284 0.5215
vn -0.3942 -0.6330 0.6663
vn 0.6954 -0.0853 -0.7135
vn 0.1070 -0.7442 0.6593
vn -0.5855 -0.7051 -0.4000
vn 0.5755 -0.0902 -0.8128
vn -0.6653 -0.5355 -0.5203
vn 0.5785 -0.0868 -0.8110
vn 0.1006 -0.9659 0.2387
vn 0.1006 -0.9659 0.2386
vn 0.0985 -0.4082 -0.9075
vn -0.2147 0.3041 -0.9281
vn 0.2596 0.2537 0.9318
vn 0.4889 0.5330 -0.6906
vn 0.2893 0.7731 -0.5644
vn -0.2142 0.3045 -0.9281
vn 0.2601 0.2537 0.9317
vn 0.4073 0.8088 -0.4243
vn -0.1546 -0.2629 -0.9524
vn 0.0439 -0.9616 0.2708
vn 0.3665 0.5997 -0.7114
vn -0.3602 -0.3745 0.8544
vn 0.5086 0.8506 0.1336
vn -0.1531 -0.2955 0.9430
vn 0.4327 0.6775 -0.5948
vn -0.7627 0.2688 0.5883
vn -0.1866 0.9303 0.3156
vn 0.4647 0.6310 -0.6212
vn 0.5378 0.6262 -0.5645
vn -0.1866 0.9304 0.3156
vn -0.1870 0.9298 0.3170
vn -0.4522 -0.4560 0.7666
vn -0.4525 -0.4562 0.7662
vn -0.3015 0.8057 -0.5099
vn 0.3942 -0.4386 -0.8076
vn 0.4657 -0.4042 0.7872
vn 0.1405 -0.9473 -0.2879
vn 0.1386 -0.9527 -0.2704
vn 0.1905 -0.8189 -0.5414
vn 0.3358 -0.6782 -0.6537
vn -0.8607 0.0003 -0.5092
vn -0.8610 -0.0002 -0.5085
vn 0.3129 -0.8424 -0.4387
vn 0.3352 -0.6785 -0.6537
vn 0.8604 -0.0002 -0.5097
vn 0.3255 0.1000 -0.9402
vn 0.8607 -0.0003 -0.5091
vn 0.3262 0.0997 -0.9400
vn 0.8609 0.0003 -0.5088
vn 0.5057 -0.4587 -0.7306
vn 0.8608 0.0001 0.5089
vn 0.8614 0.0002 0.5080
vn 0.8895 0.0340 0.4556
vn -0.1074 0.2079 0.9722
vn -0.3278 0.9165 0.2294
vn -0.7759 0.2430 0.5822
vn -0.7757 0.2430 0.5824
vn -0.7584 0.2458 0.6037
vn -0.9734 0.0846 -0.2130
vn -0.9732 0.0843 -0.2139
vn -0.9732 0.0843 -0.2138
vn 0.8613 -0.0003 0.5081
vn 0.8613 -0.0002 0.5081
vn 0.0886 -0.3993 0.9125
vn -0.3377 0.9035 0.2639
vn -0.8607 -0.0000 -0.5091
vn -0.0930 0.2102 0.9732
vn 0.0013 0.9999 0.0133
vn -0.2145 0.9622 0.1676
vn 0.0030 0.9998 0.0184
vn -0.9534 0.0628 -0.2949
vn 0.1089 -0.7336 0.6708
vn 0.0000 0.0000 1.0000
vn 0.0889 -0.3606 0.9285
vn -0.2525 0.9134 0.3193
vn 0.6559 0.0846 0.7501
vn -0.1358 0.2429 0.9605
vn -0.1345 0.2427 0.9607
vn -0.1349 0.2428 0.9607
vn 0.0000 -0.2272 -0.9738
vn -0.7180 -0.0627 -0.6932
vn -0.7181 -0.0627 -0.6931
vn -0.5090 -0.0219 -0.8605
vn -0.5094 -0.0228 -0.8602
vn -0.4914 0.2616 0.8307
vn -0.9535 0.0628 -0.2949
vn -0.9734 0.0847 -0.2131
vn 0.9732 -0.0843 0.2140
vn 0.5474 -0.8136 -0.1961
vn -0.1425 0.9746 0.1728
vn 0.9836 -0.1036 0.1474
vn -0.1273 0.9787 0.1610
vn 0.8552 -0.3859 0.3460
vn -0.8609 0.0000 -0.5087
vn 0.0724 -0.2392 -0.9683
vn 0.8074 -0.3953 0.4379
vn -0.3308 0.9145 0.2328
vn 0.0717 -0.2392 -0.9683
vn 0.6918 0.2535 0.6762
vn 0.9272 0.2955 -0.2302
vn -0.6451 -0.6727 -0.3623
vn 0.9847 0.1032 -0.1407
vn -0.8613 0.0002 -0.5081
vn 0.4914 0.2620 0.8306
vn 0.8189 -0.2278 -0.5268
vn 0.1983 0.9736 -0.1128
vn 0.8186 -0.2286 -0.5269
vn 0.0090 -0.9998 -0.0201
vn 0.4908 -0.2672 -0.8293
vn 0.5937 0.6697 -0.4462
vn 0.8829 0.2700 -0.3842
vn 0.5932 0.6701 -0.4462
vn 0.8607 0.0000 0.5092
vn 0.7758 0.2429 0.5823
vn 0.7461 0.6647 -0.0389
vn 0.8133 -0.2394 -0.5303
vn 0.8116 0.5838 -0.0247
vn 0.6286 -0.6726 0.3905
vn -0.1342 0.2427 0.9608
vn -0.1340 0.2427 0.9608
vn 0.2176 -0.1742 0.9604
vn 0.6106 -0.6653 -0.4296
vn 0.8257 -0.2124 -0.5227
vn 0.8196 -0.2431 -0.5189
vn -0.8610 0.0002 0.5087
vn -0.8610 0.0003 0.5086
vn -0.8609 0.0002 0.5087
vn 0.2699 -0.3820 0.8839
vn 0.3099 -0.2881 0.9061
vn 0.3098 -0.2881 0.9061
vn 0.8205 -0.2116 -0.5311
vn 0.8220 -0.2054 -0.5311
vn 0.5607 0.1145 0.8200
vn 0.9535 0.0628 -0.2949
vn 0.7509 0.0453 0.6589
vn -0.7540 -0.0488 -0.6550
vn -0.8608 -0.0000 -0.5089
vn -0.6061 -0.1603 -0.7791
vn -0.7541 -0.0488 -0.6550
vn -0.1350 0.2437 0.9604
vn -0.1787 -0.9746 0.1353
vn -0.1788 -0.9745 0.1353
vn 0.2699 -0.3817 0.8840
vn -0.2179 0.1740 -0.9604
vn -0.3096 0.2883 -0.9061
vn 0.8608 0.0003 -0.5090
vn 0.7181 0.0627 0.6931
vn 0.7180 0.0627 0.6932
vn 0.5445 0.0122 0.8386
vn 0.6808 0.0762 0.7285
vn -0.5474 -0.0527 -0.8352
vn -0.5476 -0.0493 -0.8353
vn 0.9540 0.0633 -0.2931
vn 0.9533 0.0627 -0.2953
vn -0.3740 -0.6787 0.6321
vn -0.6455 -0.6721 -0.3628
vn -0.7760 0.2429 0.5820
vn -0.7759 0.2429 0.5822
vn -0.9360 -0.3287 0.1259
vn -0.9078 -0.3499 0.2314
vn -0.9732 0.0842 -0.2140
vn 0.8210 -0.2244 -0.5249
vn 0.5471 -0.8138 -0.1960
vn 0.8194 -0.2304 -0.5248
vn 0.8223 -0.2287 -0.5210
vn -0.4915 0.2616 0.8307
vn -0.2230 -0.2546 -0.9410
vn -0.3740 -0.6786 0.6322
vn -0.6569 -0.0069 -0.7540
vn 0.8197 -0.2305 0.5243
vn 0.8228 -0.2275 -0.5208
vn -0.6579 -0.0018 -0.7531
vn 0.8226 -0.2284 0.5208
vn 0.0018 -1.0000 -0.0030
vn 0.8202 -0.2304 0.5235
vn 0.8198 -0.2305 0.5241
vn 0.6656 -0.5350 -0.5203
vn 0.7588 0.3730 -0.5339
vn 0.9769 -0.0021 0.2135
vn 0.9272 0.2955 -0.2303
vn 0.9772 -0.0066 0.2123
vn 0.9685 -0.0042 -0.2488
vn 0.9686 -0.0044 -0.2487
vn 0.1520 0.9544 -0.2571
vn 0.1520 0.9544 -0.2570
vn -0.5446 0.0002 -0.8387
vn -0.5446 -0.0002 -0.8387
vn 0.1776 0.9372 -0.3003
vn 0.1778 0.9372 -0.3002
vn 0.2960 -0.0055 -0.9552
vn -0.1691 0.7303 -0.6619
vn 0.2959 -0.0057 -0.9552
vn -0.2488 -0.0039 -0.9685
vn -0.2487 -0.0038 -0.9686
vn 0.8601 -0.0002 0.5102
vn -0.8606 0.0005 -0.5092
vn -0.0009 -1.0000 0.0015
vn 0.4906 -0.2671 -0.8294
vn 0.2252 0.9654 0.1315
vn -0.0008 -1.0000 0.0015
vn -0.2021 0.9665 0.1580
vn 0.1777 0.9371 -0.3005
vn 0.1773 0.9373 -0.3001
vn 0.7601 0.3728 -0.5323
vn 0.2821 0.9451 0.1650
vn 0.2813 0.9457 0.1631
vn 0.8442 -0.1934 0.4999
vn 0.9166 0.3045 -0.2592
vn 0.7601 0.3730 -0.5321
vn 0.6284 -0.6414 -0.4401
vn 0.7540 0.0488 0.6551
vn 0.5832 0.3995 -0.7074
vn 0.4906 -0.2672 -0.8294
vn -0.1330 0.9780 0.1610
vn 0.5838 0.3995 -0.7068
vn 0.3837 -0.7981 -0.4646
vn -0.4530 -0.4564 0.7658
vn -0.5665 -0.4074 0.7163
vn -0.1769 0.9376 0.2993
vn 0.5837 0.3994 -0.7069
vn -0.1180 0.9817 0.1492
vn -0.6628 0.7295 0.1690
vn 0.3756 -0.8071 -0.4556
vn 0.3876 -0.7807 -0.4902
vn -0.1868 0.9303 0.3158
vn -0.0006 -1.0000 0.0011
vn -0.1869 0.9302 0.3158
vn -0.4914 0.2619 0.8307
vn -0.1867 0.9303 0.3157
vn -0.1866 0.9304 0.3155
vn -0.4719 -0.3774 0.7968
vn -0.1770 0.9376 0.2993
vn -0.1770 0.9376 0.2992
vn -0.9770 0.0068 -0.2132
vn -0.9773 0.0016 -0.2118
vn -0.2807 0.9450 -0.1679
vn -0.2801 0.9450 -0.1689
vn -0.2793 0.9456 -0.1668
vn -0.2793 0.9456 -0.1667
vn -0.2241 0.9653 -0.1338
vn 0.7757 0.2430 0.5824
vn 0.7630 0.2449 0.5982
vn -0.2238 0.9654 -0.1340
vn 0.7709 0.2436 0.5886
vn -0.9686 0.0044 0.2484
vn -0.9686 0.0037 0.2488
vn -0.6957 0.0060 0.7183
vn -0.8613 -0.0002 0.5081
vn -0.8613 -0.0003 0.5081
vn 0.9092 0.2058 -0.3620
vn 0.8973 0.2108 -0.3878
vn 0.8977 0.2103 -0.3873
vn 0.0179 0.9997 -0.0140
vn 0.0394 0.9989 -0.0268
vn 0.8830 0.2689 -0.3847
vn 0.8609 0.0001 -0.5087
vn -0.8606 0.0000 -0.5092
vn -0.0724 -0.2392 -0.9683
vn -0.0717 -0.2392 -0.9683
vn -0.0001 -1.0000 0.0013
vn 0.9660 0.2092 0.1522
vn 0.9364 0.2588 0.2369
vn 0.9578 -0.2628 0.1168
vn 0.9577 -0.2630 0.1171
vn 0.6451 -0.6727 -0.3623
vn 0.7760 0.2429 0.5821
vn 0.8607 -0.0002 -0.5091
vn 0.7748 0.2430 0.5837
vn 0.9360 -0.3287 0.1259
vn 0.9078 -0.3499 0.2314
vn 0.9732 0.0844 -0.2140
vn 0.9732 0.0844 -0.2141
vn 0.5097 0.8500 0.1328
vn -0.0001 -1.0000 0.0017
vn -0.0008 -1.0000 0.0012
vn -0.8609 -0.0009 -0.5088
vn 0.2823 0.9450 0.1653
vn 0.2161 -0.9616 -0.1689
vn 0.8607 -0.0001 0.5092
vn -0.7274 -0.2452 0.6409
vn -0.0014 -1.0000 0.0009
vn 0.9034 0.2083 -0.3748
vn 0.9037 0.2079 -0.3744
vn 0.6455 -0.6721 -0.3628
vn -0.2944 0.0060 0.9557
vn 0.6653 -0.5354 -0.5203
vn 0.5059 0.1087 0.8557
vn 0.3740 -0.6786 0.6322
vn 0.2241 0.9653 0.1338
vn 0.9526 0.0620 -0.2979
vn -0.1534 0.9535 0.2595
vn -0.1534 0.9535 0.2594
vn 0.1710 0.7298 0.6620
vn -0.5087 0.0218 0.8606
vn -0.5090 0.0224 0.8605
vn 0.0001 -1.0000 0.0013
vn 0.6575 0.0015 0.7535
vn 0.6555 0.0062 0.7552
vn 0.8609 -0.0009 -0.5088
vn -0.2944 0.0058 0.9557
vn 0.2488 0.0044 0.9685
vn 0.8606 0.0000 -0.5092
vn -0.2960 -0.0055 -0.9552
vn 0.2484 0.0038 0.9686
vn -0.2959 -0.0057 -0.9552
vn 0.2049 0.9154 0.3464
vn 0.0001 -1.0000 -0.0013
vn 0.0001 -1.0000 -0.0017
vn -0.2111 -0.9100 -0.3569
vn 0.8606 0.0000 0.5092
vn 0.2238 0.9654 0.1340
vn -0.2960 -0.0054 0.9552
vn -0.2959 -0.0057 0.9552
vn 0.2048 0.9154 0.3465
vn 0.2048 0.9154 0.3464
vn 0.8609 -0.0009 0.5088
vn 0.1894 -0.8195 -0.5409
vn 0.6848 -0.4945 -0.5353
vn 0.8607 0.0003 -0.5091
vn 0.8607 -0.0009 0.5091
vn 0.8610 -0.0002 0.5087
vn -0.7253 -0.3905 0.5669
vn -0.4533 -0.4564 0.7657
vn 0.9170 0.3038 -0.2585
vn -0.3286 0.9164 0.2286
vn -0.1926 0.9696 0.1506
vn 0.9066 0.3115 -0.2847
vn 0.7619 0.3721 -0.5301
vn 0.1691 0.7303 -0.6619
vn 0.2488 -0.0039 -0.9685
vn 0.2487 -0.0038 -0.9686
vn 0.0009 -1.0000 0.0015
vn -0.0018 -1.0000 -0.0030
vn 0.0009 1.0000 -0.0011
vn -0.1995 -0.9200 -0.3375
vn 0.2801 0.9450 -0.1689
vn 0.2793 0.9456 -0.1668
vn -0.1520 0.9544 -0.2570
vn -0.1777 0.9371 -0.3005
vn -0.1280 0.8505 0.5101
vn -0.1778 0.9372 -0.3002
vn -0.1773 0.9373 -0.3001
vn 0.5859 0.3993 -0.7051
vn 0.6191 0.2539 -0.7431
vn 0.2153 0.9061 0.3642
vn 0.5059 0.1089 0.8557
vn 0.0009 1.0000 -0.0012
vn 0.5533 -0.5003 -0.6659
vn 0.5541 -0.4497 -0.7006
vn 0.7644 0.3717 -0.5268
vn 0.8608 0.0003 0.5089
vn 0.6465 -0.6162 -0.4498
vn -0.1153 0.9836 0.1388
vn -0.1520 0.9544 -0.2571
vn 0.8613 0.0002 -0.5081
vn 0.8606 0.0005 -0.5092
vn 0.0008 -1.0000 0.0012
vn 0.9080 0.3107 -0.2811
vn -0.4906 -0.2672 -0.8294
vn -0.1776 0.9372 -0.3003
vn 0.2807 0.9450 -0.1679
vn 0.2241 0.9653 -0.1338
vn -0.4973 0.2161 -0.8402
vn -0.4965 0.2160 -0.8408
vn -0.4971 0.2159 -0.8404
vn -0.1279 0.8506 0.5100
vn 0.1100 0.9764 0.1861
vn -0.4971 0.2153 -0.8405
vn -0.2584 0.2057 0.9439
vn 0.2152 0.9063 0.3638
vn -0.7624 0.2694 0.5883
vn -0.3220 0.2660 0.9086
vn -0.3579 -0.2635 0.8958
vn -0.3591 -0.2626 0.8956
vn 0.2793 0.9456 -0.1667
vn -0.4965 0.2160 -0.8407
vn 0.2238 0.9654 -0.1340
vn 0.6627 0.7295 0.1690
vn -0.1995 -0.9200 -0.3372
vn 0.9686 0.0044 0.2484
vn 0.9774 0.0016 -0.2115
vn 0.9686 0.0037 0.2488
vn -0.2111 -0.9099 -0.3570
vn 0.6957 0.0060 0.7183
vn 0.1769 0.9376 0.2993
vn 0.0001 -1.0000 0.0017
vn -0.7412 -0.3736 0.5577
vn 0.7026 -0.4524 -0.5492
vn 0.9061 0.3122 -0.2854
vn -0.3312 0.9156 0.2282
vn -0.8608 0.0001 0.5089
vn 0.4914 0.2619 0.8307
vn -0.7885 0.5920 0.1665
vn -0.3015 0.8057 -0.5098
vn -0.7335 0.6668 0.1314
vn 0.0006 -1.0000 0.0011
vn 0.1534 0.9535 0.2594
vn -0.9808 0.1003 -0.1675
vn -0.9809 0.1000 -0.1667
vn 0.1999 0.9197 0.3380
vn 0.5087 0.0219 0.8606
vn 0.5090 0.0224 0.8605
vn 0.4658 -0.4033 0.7877
vn -0.6553 0.0070 0.7553
vn -0.6577 0.0015 0.7533
vn 0.9770 0.0079 -0.2132
vn 0.8975 0.3044 -0.3192
vn -0.1786 0.9740 0.1397
vn 0.8020 0.2343 -0.5494
vn -0.8607 0.0004 0.5091
vn 0.4854 0.3010 0.8208
vn 0.1998 0.9198 0.3378
vn -0.2848 0.7741 0.5654
vn -0.2852 0.7738 0.5656
vn 0.7412 -0.3736 0.5577
vn -0.2057 -0.9147 -0.3479
vn -0.2054 -0.9148 -0.3478
vn -0.5658 -0.8191 -0.0942
vn -0.5659 -0.8191 -0.0941
vn -0.8609 -0.0002 0.5087
vn -0.8608 -0.0004 0.5089
vn -0.0242 -0.3499 0.9365
vn -0.0227 -0.3504 0.9363
vn 0.0023 1.0000 -0.0018
vn 0.0018 1.0000 -0.0012
vn 0.7902 -0.2814 -0.5445
vn 0.7812 -0.1310 -0.6104
vn 0.8607 -0.0002 0.5092
vn -0.4538 -0.1341 0.8809
vn 0.1682 -0.9301 -0.3264
vn 0.8613 -0.0010 0.5081
vn 0.8603 0.0012 0.5098
vn -0.7438 -0.3766 0.5521
vn -0.7163 -0.2546 -0.6496
vn 0.8607 -0.0000 -0.5091
vn 0.8619 0.0009 -0.5070
vn 0.8606 -0.0001 -0.5093
vn -0.8609 0.0005 0.5088
vn -0.0014 -1.0000 -0.0009
vn 0.1479 0.9569 0.2499
vn -0.4357 -0.8134 0.3854
vn -0.4351 -0.8140 0.3848
vn 0.2053 -0.9151 -0.3471
vn 0.9023 0.3147 -0.2948
vn -0.0328 -0.4292 0.9026
vn 0.8608 0.0005 0.5090
vn 0.8607 0.0005 0.5090
vn -0.0834 -0.3451 0.9349
vn 0.4059 -0.6036 0.6862
vn 0.4060 -0.6031 0.6867
vn 0.4913 0.2609 0.8310
vn -0.4497 0.6000 0.6616
vn 0.6946 -0.0060 0.7194
vn 0.1348 0.2428 0.9607
vn 0.6945 -0.0060 0.7194
vn -0.3547 0.6552 0.6670
vn -0.6769 0.6700 0.3049
vn -0.6769 0.6699 0.3050
vn 0.8607 -0.0000 -0.5090
vn -0.2944 0.0060 -0.9557
vn 0.4498 0.5999 -0.6617
vn 0.4498 0.6000 -0.6616
vn 0.4494 0.6001 -0.6618
vn 0.4490 0.5997 -0.6624
vn -0.1230 0.2416 -0.9625
vn -0.1342 -0.2427 -0.9608
vn -0.1357 0.2422 -0.9607
vn 0.0312 0.3642 -0.9308
vn -0.7179 0.0628 0.6934
vn -0.7176 0.0629 0.6936
vn 0.3566 0.6528 -0.6683
vn 0.3354 0.6767 -0.6554
vn -0.3545 -0.6552 0.6672
vn -0.3547 -0.6552 0.6670
vn -0.3592 -0.6581 0.6617
vn -0.3545 -0.6552 0.6671
vn -0.3567 -0.6531 0.6680
vn 0.1479 0.9569 0.2498
vn -0.1355 0.2429 -0.9605
vn -0.1342 0.2427 -0.9608
vn -0.0939 0.2385 -0.9666
vn 0.1307 -0.2424 0.9613
vn 0.1352 -0.2428 0.9606
vn 0.4916 0.2617 0.8306
vn 0.1340 -0.2427 0.9608
vn 0.6565 0.0842 -0.7496
vn 0.6566 0.0843 -0.7495
vn -0.6559 -0.0846 0.7501
vn -0.6604 -0.0883 0.7457
vn -0.6560 -0.0845 0.7500
vn 0.7180 0.0627 -0.6932
vn 0.7175 0.0627 -0.6937
vn 0.7176 0.0629 -0.6936
vn -0.0001 -0.0000 1.0000
vn -0.0001 0.0000 1.0000
vn 0.5982 0.1030 -0.7947
vn 0.5981 0.1031 -0.7948
vn 0.7172 -0.2546 0.6486
vn -0.2595 0.2537 -0.9318
vn -0.2601 0.2537 -0.9317
vn -0.7965 -0.3626 0.4837
vn -0.5047 -0.1344 0.8527
vn -0.5048 -0.1344 0.8527
vn 0.4914 0.2621 0.8305
vn -0.4907 -0.2672 -0.8293
vn -0.8614 0.0002 0.5080
vn 0.6191 0.2540 -0.7431
vn -0.8895 0.0340 0.4556
vn 0.5755 -0.7165 -0.3942
vn 0.1345 0.2427 0.9607
vn 0.1358 0.2429 0.9605
vn 0.1347 0.2428 0.9607
vn 0.1349 0.2428 0.9607
vn -0.1809 -0.2471 -0.9520
vn -0.6566 0.0843 0.7495
vn 0.0100 0.9999 -0.0120
vn 0.7180 -0.0627 -0.6932
vn 0.7181 -0.0627 -0.6931
vn 0.8035 0.2338 -0.5475
vn 0.6198 0.2537 -0.7426
vn -0.4908 -0.2672 -0.8293
vn -0.4906 -0.2671 -0.8294
vn 0.0107 0.9999 -0.0135
vn 0.8036 0.2342 -0.5472
vn -0.9836 -0.1036 0.1474
vn 0.3366 -0.8400 -0.4256
vn -0.8607 0.0000 0.5092
vn -0.8133 -0.2394 -0.5303
vn 0.6918 0.2535 -0.6762
vn -0.6286 -0.6726 0.3905
vn 0.6920 0.2535 -0.6759
vn 0.1341 0.2425 0.9608
vn 0.1341 0.2427 0.9608
vn 0.1340 0.2427 0.9608
vn 0.7116 0.6884 -0.1408
vn 0.9847 0.1033 0.1405
vn 0.4912 0.2619 -0.8308
vn -0.2698 -0.3820 0.8839
vn -0.2643 -0.3942 0.8802
vn -0.3097 -0.2883 0.9061
vn -0.3098 -0.2881 0.9061
vn -0.6559 0.0846 0.7501
vn 0.7540 -0.0488 -0.6550
vn 0.7539 -0.0487 -0.6552
vn -0.7181 0.0627 0.6931
vn -0.7180 0.0627 0.6932
vn -0.6072 0.1002 0.7882
vn 0.4914 0.2616 0.8307
vn 0.4915 0.2616 0.8307
vn 0.3740 -0.6787 0.6321
vn -0.8402 -0.3476 0.4162
vn 0.6569 -0.0069 -0.7540
vn -0.7139 -0.2465 0.6554
vn -0.5045 -0.1343 0.8529
vn 0.6579 -0.0018 -0.7531
vn -0.7499 -0.3068 0.5861
vn 0.0008 -1.0000 0.0015
vn 0.9847 0.1032 0.1407
vn -0.9769 -0.0021 0.2135
vn -0.9772 -0.0066 0.2123
vn 0.6359 0.7601 -0.1335
vn 0.4741 0.3635 -0.8019
vn -0.7002 -0.2480 0.6695
vn -0.2806 0.9457 0.1643
vn 0.6535 -0.5588 -0.5106
vn -0.6615 0.7302 -0.1709
vn -0.9685 -0.0042 -0.2488
vn -0.6945 -0.0060 -0.7194
vn -0.9686 -0.0044 -0.2487
vn -0.1257 0.9804 0.1517
vn -0.1107 0.9840 0.1399
vn 0.3965 -0.7692 -0.5011
vn -0.2821 0.9451 0.1650
vn -0.2813 0.9457 0.1631
vn 0.4358 -0.8135 -0.3852
vn -0.8442 -0.1934 0.4999
vn -0.7540 0.0488 0.6551
vn 0.1770 0.9376 0.2992
vn -0.2252 0.9654 0.1315
vn -0.2253 0.9653 0.1319
vn -0.2823 0.9450 0.1653
vn -0.6946 -0.0060 -0.7194
vn 0.0014 -1.0000 0.0009
vn 0.0011 -1.0000 0.0008
vn 0.4046 -0.7581 -0.5116
vn -0.1004 0.9868 0.1269
vn 0.1770 0.9376 0.2993
vn -0.8606 -0.0000 0.5092
vn 0.2944 0.0060 0.9557
vn 0.2944 0.0058 0.9557
vn -0.1710 0.7298 0.6620
vn 0.2066 -0.9144 -0.3482
vn -0.4918 -0.2585 0.8314
vn -0.2488 0.0044 0.9685
vn -0.2484 0.0038 0.9686
vn 0.0327 -0.4293 -0.9026
vn 0.0834 -0.3450 -0.9349
vn -0.4059 -0.6036 -0.6862
vn 0.9021 0.3145 -0.2953
vn 0.9022 0.3144 -0.2952
vn 0.3288 0.6634 -0.6722
vn 0.8608 -0.0002 0.5090
vn -0.1767 0.6147 0.7687
vn 0.2848 0.7741 0.5654
vn -0.2249 -0.0774 0.9713
vn -0.2234 -0.0781 0.9716
vn -0.0957 0.1347 0.9862
vn -0.0957 0.1348 0.9862
vn -0.0957 0.1347 0.9863
vn 0.6567 0.0842 -0.7495
vn 0.8133 -0.2394 0.5303
vn -0.5924 -0.2966 0.7491
vn 0.0957 -0.1347 -0.9862
vn 0.0957 -0.1348 -0.9862
vn -0.5924 -0.2966 0.7490
vn 0.0959 -0.1347 -0.9862
vn 0.3548 0.6552 -0.6669
vn 0.3547 0.6552 -0.6669
vn 0.6769 0.6700 -0.3049
vn 0.6769 0.6699 -0.3050
vn 0.8609 0.0005 -0.5088
vn 0.4495 0.6002 -0.6616
vn 0.0805 -0.5508 -0.8308
vn -0.8607 0.0000 0.5090
vn -0.0713 -0.7084 0.7022
vn 0.8607 0.0004 0.5090
vn -0.0715 -0.7079 0.7027
vn 0.0956 -0.1349 -0.9862
vn 0.7178 0.0628 -0.6934
vn -0.9613 -0.1523 -0.2297
vn 0.9615 0.1531 0.2284
vn 0.7176 0.0630 -0.6936
vn 0.7175 0.0632 -0.6936
vn 0.7177 0.0629 -0.6936
vn -0.4968 0.0674 0.8652
vn 0.9613 0.1522 0.2297
vn 0.2067 -0.9149 -0.3468
vn -0.1479 0.9569 -0.2498
vn -0.1479 0.9569 -0.2500
vn -0.7346 0.4668 -0.4924
vn -0.7349 0.4669 -0.4919
vn 0.4742 0.3644 -0.8015
vn 0.4356 -0.8136 -0.3851
vn -0.0957 0.1324 0.9866
vn 0.3912 0.7965 0.4610
vn 0.3907 0.7968 0.4610
vn -0.2423 0.5465 0.8016
vn -0.5474 -0.8136 0.1961
vn -0.8552 -0.3859 -0.3460
vn -0.8074 -0.3953 -0.4379
vn -0.6917 0.2535 -0.6762
vn -0.6920 0.2535 -0.6759
vn -0.9847 0.1032 0.1407
vn -0.4914 0.2620 -0.8306
vn -0.4060 -0.6031 -0.6867
vn -0.7758 0.2429 -0.5823
vn -0.7454 0.6655 0.0385
vn -0.8118 0.5835 0.0240
vn -0.8117 0.5836 0.0236
vn -0.7457 0.6329 0.2082
vn 0.8800 0.0797 -0.4682
vn 0.2211 -0.5389 -0.8128
vn -0.5320 -0.8089 0.2503
vn -0.8611 -0.0000 0.5085
vn 0.8609 0.0002 -0.5087
vn 0.2055 -0.9149 -0.3475
vn -0.4914 0.2621 -0.8305
vn -0.4823 -0.3205 0.8153
vn -0.2230 -0.2546 0.9410
vn 0.8608 -0.0003 0.5090
vn -0.9535 0.0629 0.2948
vn -0.9537 0.0630 0.2942
vn -0.4913 0.2609 -0.8310
vn 0.8606 -0.0001 0.5093
vn -0.1479 0.9569 -0.2499
vn -0.7763 0.2430 -0.5817
vn -0.7455 0.6654 0.0384
vn 0.8119 -0.5833 -0.0239
vn -0.5937 0.6696 0.4462
vn -0.5925 0.6708 0.4461
vn -0.0619 0.7899 0.6100
vn -0.1646 -0.6835 0.7111
vn 0.8915 0.0000 0.4530
vn 0.9876 0.0000 -0.1570
vn 0.8915 0.0000 -0.4530
vn 0.7071 0.0000 -0.7071
vn 0.0957 -0.1347 -0.9863
vn 0.9613 0.1521 0.2296
vn -0.7071 0.0000 -0.7071
vn -0.8915 0.0000 -0.4530
vn -0.9613 -0.1521 -0.2295
vn -0.9876 0.0000 -0.1570
vn -0.9876 0.0000 0.1570
vn -0.8915 0.0000 0.4530
vn 0.0957 -0.1349 -0.9862
vn 0.1570 0.0000 0.9876
vn 0.4531 0.0000 0.8915
vn 0.7071 0.0000 0.7071
vn -0.5471 -0.8138 0.1960
vn 0.2230 -0.2546 0.9410
vn -0.8620 0.0009 0.5070
vn -0.8606 -0.0001 0.5093
vn 0.2852 0.7738 0.5656
vn 0.8607 0.0004 0.5091
vn 0.8609 0.0000 -0.5088
vn 0.6560 0.0846 -0.7500
vn 0.7885 0.5920 0.1665
vn 0.8614 0.0002 -0.5080
vn 0.8895 0.0340 -0.4556
vn -0.7181 -0.0627 0.6931
vn 0.7335 0.6668 0.1314
vn -0.4531 0.0000 0.8915
vn -0.1998 -0.3684 0.9079
vn -0.7758 0.2430 -0.5824
vn -0.7760 0.2429 -0.5821
vn -0.7579 0.2457 -0.6043
vn 0.1040 -0.9190 0.3804
vn -0.7765 0.2427 -0.5814
vn -0.2985 -0.8343 0.4635
vn 0.4530 0.0000 -0.8915
vn -0.6980 -0.1615 0.6977
vn -0.9732 0.0843 0.2139
vn -0.0805 0.5508 0.8308
vn 0.8613 -0.0002 -0.5081
vn -0.9535 0.0629 0.2949
vn -0.0807 0.5508 0.8308
vn -0.7071 0.0000 0.7071
vn -0.0956 0.1350 0.9862
vn 0.0717 -0.2392 0.9683
vn 0.0803 -0.5506 -0.8309
vn 0.0805 -0.5508 -0.8307
vn 0.0956 -0.1348 -0.9863
vn -0.1343 0.2427 -0.9608
vn 0.2175 -0.1742 -0.9604
vn -0.0313 0.2312 -0.9724
vn -0.1349 0.2428 -0.9607
vn 0.2699 -0.3820 -0.8839
vn 0.3098 -0.2881 -0.9061
vn 0.3099 -0.2881 -0.9061
vn 0.6566 0.0843 -0.7496
vn 0.6560 0.0845 -0.7500
vn 0.5608 0.1146 -0.8200
vn 0.0956 -0.1348 -0.9862
vn 0.7509 0.0454 -0.6588
vn -0.7693 -0.3529 -0.5326
vn -0.8887 0.0157 0.4582
vn -0.6060 -0.1603 0.7791
vn 0.7693 0.3529 0.5326
vn -0.0802 0.5506 0.8309
vn -0.7540 -0.0488 0.6551
vn -0.7541 -0.0488 0.6550
vn -0.7540 -0.0488 0.6550
vn 0.2718 -0.1086 -0.9562
vn -0.2728 0.0698 0.9595
vn -0.1353 0.2438 -0.9603
vn 0.2697 -0.3818 -0.8840
vn -0.3094 0.2883 0.9061
vn -0.2177 0.1741 0.9604
vn 0.7181 0.0627 -0.6931
vn -0.8160 0.3095 0.4883
vn 0.7332 0.0570 -0.6776
vn -0.4916 0.2617 -0.8306
vn -0.4914 0.2616 -0.8307
vn -0.4915 0.2616 -0.8307
vn -0.3740 -0.6787 -0.6321
vn -0.0956 0.1348 0.9863
vn 0.0802 -0.5506 -0.8309
vn 0.2252 0.9654 -0.1315
vn 0.2253 0.9653 -0.1319
vn -0.7925 -0.0212 0.6095
vn 0.2271 -0.8816 -0.4137
vn -0.9234 -0.1657 -0.3462
vn 0.2823 0.9450 -0.1653
vn 0.3910 -0.8911 -0.2304
vn 0.2821 0.9451 -0.1650
vn 0.5965 -0.7819 -0.1812
vn 0.0563 -0.1490 -0.9872
vn 0.0958 -0.1347 -0.9862
vn 0.0946 -0.1354 -0.9863
vn -0.7691 -0.3530 -0.5327
vn 0.7692 0.3530 0.5326
vn 0.0736 -0.8150 -0.5747
vn -0.7697 -0.3528 -0.5321
vn 0.4431 -0.8565 0.2645
vn 0.7695 0.3529 0.5323
vn -0.2944 0.0058 -0.9557
vn 0.1710 0.7297 -0.6620
vn -0.0958 0.1348 0.9862
vn -0.1999 0.9197 0.3380
vn -0.4658 -0.4033 0.7877
vn 0.4238 -0.8192 -0.3864
vn 0.8222 -0.2293 0.5209
vn 0.0000 0.5871 -0.8095
vn -0.0909 0.6522 -0.7526
vn 0.0253 -0.9799 0.1978
vn -0.0253 -0.9799 0.1978
vn -0.1249 -0.1985 -0.9721
vn -0.0254 -0.9799 0.1977
vn 0.0254 -0.9799 0.1977
vn -0.0243 0.9726 -0.2314
vn 0.0313 0.9724 -0.2314
vn -0.1170 0.5489 0.8277
vn -0.1170 0.5488 0.8277
vn 0.2488 0.0044 -0.9685
vn -0.0385 -0.9471 -0.3187
vn -0.0358 -0.9496 -0.3114
vn 0.0385 -0.9471 -0.3187
vn 0.0358 -0.9496 -0.3114
vn 0.0000 -0.6617 -0.7497
vn -0.0840 -0.7130 -0.6961
vn 0.0840 -0.7130 -0.6961
vn -0.1050 -0.3959 -0.9123
vn -0.1050 -0.3960 -0.9122
vn 0.1050 -0.3959 -0.9123
vn 0.3015 0.8057 -0.5099
vn 0.3015 0.8057 -0.5098
vn -0.1998 0.9198 0.3378
vn -0.4657 -0.4042 0.7872
vn 0.7627 0.2688 0.5883
vn 0.1249 -0.1986 -0.9721
vn -0.1249 -0.1986 -0.9721
vn 0.0806 -0.5508 -0.8307
vn 0.2306 -0.5375 -0.8111
vn -0.7921 -0.0212 0.6100
vn 0.0738 -0.8149 -0.5748
vn 0.8769 -0.0707 0.4755
vn 0.4887 0.8313 0.2650
vn 0.5664 0.7774 0.2735
vn 0.1767 0.6147 0.7687
vn -0.9395 -0.0468 0.3394
vn -0.4497 -0.2168 -0.8665
vn 0.5176 -0.8097 0.2766
vn -0.8206 -0.2256 -0.5251
vn 0.2234 -0.0781 0.9716
vn 0.2249 -0.0774 0.9713
vn -0.3847 -0.9156 -0.1168
vn -0.9613 0.1524 0.2297
vn -0.2400 -0.9483 -0.2076
vn -0.3966 -0.9155 -0.0671
vn -0.2572 -0.8451 -0.4686
vn 0.2484 0.0038 -0.9686
vn 0.0955 0.1463 0.9846
vn 0.2054 -0.9148 -0.3478
vn 0.4658 -0.8573 0.2191
vn 0.9808 0.1003 -0.1675
vn 0.0715 -0.7079 0.7027
vn -0.1770 0.9376 -0.2993
vn 0.9809 0.1000 -0.1667
vn 0.7346 0.4668 -0.4924
vn 0.0242 -0.3499 0.9365
vn 0.7151 -0.6958 0.0661
vn 0.4360 0.6496 0.6229
vn 0.0227 -0.3504 0.9363
vn -0.0008 -1.0000 -0.0015
vn -0.0008 -1.0000 -0.0012
vn 0.7150 -0.6961 0.0658
vn 0.1646 -0.6835 0.7111
vn 0.6575 0.0015 -0.7535
vn -0.0009 -1.0000 -0.0015
vn 0.2400 -0.9483 -0.2076
vn 0.3538 -0.9291 -0.1075
vn 0.4351 -0.8974 -0.0736
vn 0.0000 -0.9431 -0.3324
vn 0.2057 -0.9147 -0.3479
vn -0.0465 -0.9312 -0.3616
vn -0.0736 -0.8150 -0.5747
vn -0.0738 -0.8149 -0.5748
vn 0.0465 -0.9312 -0.3616
vn 0.3342 -0.8939 0.2988
vn 0.2396 -0.9484 -0.2075
vn 0.2396 -0.9485 0.2074
vn 0.2402 -0.9483 0.2074
vn 0.4946 -0.8645 0.0896
vn 0.6555 0.0062 -0.7552
vn -0.1894 -0.8724 0.4507
vn 0.8607 0.0001 0.5090
vn -0.1769 0.9376 -0.2993
vn -0.2396 -0.9485 0.2074
vn 0.5658 -0.8191 -0.0942
vn 0.5659 -0.8191 -0.0941
vn -0.7230 -0.6783 0.1309
vn 0.1278 0.8506 0.5100
vn 0.4582 -0.8850 0.0830
vn 0.4221 -0.9055 0.0422
vn -0.3925 -0.9170 0.0711
vn -0.6628 0.7295 -0.1690
vn -0.2402 -0.9483 0.2074
vn 0.1279 0.8506 0.5100
vn -0.3340 -0.8939 -0.2989
vn -0.2049 0.9154 0.3464
vn -0.4431 -0.8565 -0.2646
vn -0.4239 -0.8193 0.3862
vn -0.2396 -0.9484 -0.2075
vn -0.8224 -0.2285 -0.5210
vn -0.4598 -0.8770 -0.1396
vn -0.3911 -0.8910 0.2305
vn 0.1826 -0.9734 0.1384
vn 0.5634 -0.0421 -0.8251
vn 0.4965 0.2160 -0.8407
vn -0.8185 -0.2362 -0.5238
vn -0.8206 -0.2257 -0.5251
vn 0.1676 -0.9774 0.1287
vn -0.8227 -0.2276 -0.5209
vn -0.0253 0.9799 -0.1978
vn 0.0824 -0.7609 0.6436
vn 0.7624 0.2694 0.5883
vn 0.0825 -0.7609 0.6436
vn 0.0251 -0.9803 0.1957
vn -0.0825 -0.7609 0.6436
vn 0.2584 0.2059 0.9438
vn 0.3215 0.2660 0.9088
vn 0.8608 -0.0004 0.5089
vn -0.0824 -0.7609 0.6436
vn 0.3579 -0.2635 0.8958
vn 0.3591 -0.2626 0.8956
vn -0.0956 -0.1437 -0.9850
vn -0.0954 -0.1441 -0.9849
vn -0.0956 -0.1441 -0.9849
vn -0.1100 0.9764 0.1861
vn -0.9613 0.1521 0.2295
vn -0.2153 0.9061 0.3642
vn -0.5059 0.1084 0.8557
vn -0.1010 -0.0737 0.9922
vn 0.1010 -0.0737 0.9922
vn 0.0000 0.6144 0.7890
vn -0.0771 0.6483 0.7574
vn 0.5864 -0.0899 -0.8050
vn -0.0768 0.6496 0.7564
vn 0.0771 0.6483 0.7574
vn 0.0768 0.6496 0.7564
vn -0.1009 -0.0740 0.9921
vn 0.1009 -0.0740 0.9921
vn 0.7705 0.5020 -0.3928
vn 0.0000 -0.0744 0.9972
vn 0.4341 0.6756 -0.5960
vn 0.0955 0.1439 0.9850
vn 0.7321 0.6812 -0.0007
vn -0.0959 0.1348 0.9862
vn 0.0603 0.1352 0.9890
vn 0.9947 -0.1031 -0.0000
vn 0.0956 0.1440 0.9850
vn 0.2001 0.9798 -0.0002
vn 0.2007 0.9797 -0.0000
vn 0.1301 0.9752 -0.1788
vn -0.0621 0.7902 0.6097
vn 0.1214 0.9770 -0.1753
vn -0.0965 0.3047 0.9475
vn 0.7375 0.6754 -0.0000
vn 0.8861 -0.1081 -0.4507
vn 0.8860 -0.1082 -0.4509
vn 0.6634 -0.7483 -0.0000
vn -0.5060 0.1088 0.8556
vn 0.0621 0.7902 0.6097
vn -0.9686 0.0044 -0.2484
vn 0.0000 -0.6804 0.7328
vn 0.0619 0.7899 0.6100
vn -0.9686 0.0037 -0.2488
vn 0.0713 -0.7084 0.7022
vn -0.9770 0.0068 0.2132
vn -0.0006 -1.0000 -0.0011
vn -0.2152 0.9063 0.3638
vn -0.5088 0.0219 -0.8606
vn -0.1534 0.9535 -0.2594
vn -0.9773 0.0016 0.2118
vn 0.1838 -0.9500 -0.2526
vn 0.6593 -0.7518 -0.0006
vn 0.6956 -0.6246 -0.3549
vn 0.0957 -0.1348 -0.9863
vn 0.3947 -0.7414 -0.5427
vn -0.5090 0.0224 -0.8605
vn 0.3960 -0.7400 -0.5437
vn -0.0955 -0.1439 -0.9850
vn 0.0699 -0.9958 0.0590
vn 0.9836 -0.1036 -0.1474
vn 0.0700 -0.9975 -0.0000
vn 0.5056 -0.4589 -0.7306
vn 0.1986 -0.9371 -0.2870
vn 0.6286 -0.6726 -0.3905
vn 0.3348 -0.9423 -0.0003
vn 0.7540 0.0488 -0.6551
vn 0.3370 -0.9415 -0.0000
vn -0.8609 0.0000 0.5087
vn 0.8201 -0.2305 0.5237
vn 0.8194 -0.2303 -0.5249
vn 0.0724 -0.2392 0.9683
vn 0.8181 -0.2272 -0.5283
vn 0.8186 -0.2285 -0.5269
vn -0.7738 0.2431 -0.5849
vn -0.7763 0.2429 -0.5817
vn -0.7761 0.2427 -0.5820
vn -0.9360 -0.3287 -0.1257
vn -0.9360 -0.3285 -0.1265
vn -0.9078 -0.3499 -0.2314
vn -0.9734 0.0846 0.2130
vn -0.1041 -0.9190 0.3803
vn 0.6980 -0.1615 0.6977
vn -0.0717 -0.2392 0.9683
vn 0.7625 0.2450 -0.5988
vn 0.0663 0.1235 0.9901
vn 0.7790 0.2423 -0.5783
vn -0.6455 -0.6721 0.3628
vn 0.8613 0.0002 0.5081
vn -0.8613 -0.0002 -0.5081
vn -0.6451 -0.6727 0.3623
vn -0.9535 0.0628 0.2949
vn 0.8607 -0.0000 0.5091
vn 0.2678 -0.8466 0.4600
vn -0.3740 -0.6786 -0.6322
vn -0.2698 -0.8743 0.4035
vn 0.4916 0.2617 -0.8306
vn 0.4915 0.2616 -0.8307
vn -0.9524 0.0619 0.2985
vn 0.3740 -0.6786 -0.6322
vn 0.3740 -0.6787 -0.6321
vn 0.3018 -0.8656 0.3995
vn -0.9533 0.0627 0.2953
vn -0.4914 0.2619 -0.8307
vn 0.1977 -0.3606 0.9115
vn 0.2813 0.9457 -0.1631
vn 0.2806 0.9457 -0.1643
vn 0.0006 -1.0000 -0.0011
vn -0.0700 0.1106 0.9914
vn 0.5087 0.0219 -0.8606
vn 0.6615 0.7302 0.1709
vn 0.7694 -0.3530 -0.5323
vn 0.9769 -0.0021 -0.2135
vn 0.7693 -0.3529 -0.5326
vn -0.0956 -0.1439 -0.9850
vn 0.0956 0.1439 0.9850
vn 0.0000 0.1759 0.9844
vn 0.9685 -0.0042 0.2488
vn -0.7693 0.3529 0.5326
vn 0.9686 -0.0044 0.2487
vn -0.0803 -0.5506 -0.8309
vn 0.1777 0.9371 0.3005
vn -0.0955 -0.1440 -0.9850
vn 0.8442 -0.1934 -0.4999
vn -0.0956 -0.1440 -0.9850
vn 0.1769 0.9376 -0.2993
vn 0.5132 0.3399 0.7881
vn 0.0000 0.3687 -0.9296
vn -0.9613 0.1520 0.2296
vn 0.2807 0.9450 0.1679
vn 0.9613 -0.1522 -0.2296
vn 0.9613 -0.1522 -0.2297
vn -0.8613 0.0002 0.5081
vn 0.9240 -0.1655 -0.3448
vn 0.6627 0.7295 -0.1690
vn -0.0959 -0.1440 -0.9849
vn 0.5090 0.0224 -0.8605
vn 0.9237 -0.1656 -0.3455
vn -0.2807 0.9450 0.1679
vn 0.7688 -0.3532 -0.5332
vn -0.8607 -0.0000 0.5091
vn 0.9686 0.0044 -0.2484
vn 0.9770 0.0079 0.2132
vn 0.9774 0.0016 0.2115
vn 0.9686 0.0037 -0.2488
vn -0.0724 -0.2392 0.9683
vn 0.6455 -0.6721 0.3628
vn 0.9360 -0.3287 -0.1257
vn 0.9078 -0.3499 -0.2314
vn 0.6451 -0.6727 0.3623
vn 0.7734 0.2431 -0.5855
vn 0.7761 0.2427 -0.5820
vn 0.7763 0.2429 -0.5817
vn 0.0956 0.1441 0.9849
vn 0.9360 -0.3284 -0.1265
vn 0.1169 0.5486 0.8278
vn -0.7689 0.3532 0.5329
vn 0.9732 0.0844 0.2140
vn -0.7692 0.3531 0.5326
vn -0.7693 0.3530 0.5326
vn -0.7692 0.3530 0.5326
vn -0.0803 -0.5507 -0.8309
vn 0.0000 -0.5524 -0.8336
vn 0.7925 -0.0212 0.6095
vn 0.7921 -0.0212 0.6100
vn 0.1171 -0.5488 -0.8277
vn 0.0801 0.5506 0.8309
vn 0.0807 0.5508 0.8307
vn 0.0883 -0.5504 -0.8302
vn 0.0602 0.1351 0.9890
vn 0.0954 0.1440 0.9850
vn -0.0801 -0.5506 -0.8309
vn -0.0883 0.5504 0.8302
vn 0.0958 -0.1348 -0.9862
vn 0.0807 -0.5508 -0.8307
vn -0.0806 -0.5508 -0.8307
vn 0.1048 -0.1346 -0.9853
vn -0.0602 -0.1351 -0.9890
vn -0.0603 -0.1351 -0.9890
vn -0.0954 -0.1440 -0.9850
vn 0.4908 -0.2672 0.8293
vn -0.1048 0.1346 0.9853
vn -0.0601 -0.1351 -0.9890
vn -0.8606 0.0005 0.5092
vn 0.0602 0.1352 0.9890
vn 0.0955 0.1440 0.9850
vn 0.1170 0.5487 0.8278
vn 0.1170 0.5489 0.8277
vn 0.1170 0.5488 0.8277
vn -0.1171 0.5488 0.8277
vn -0.1770 0.9376 -0.2992
vn 0.4906 -0.2672 0.8294
vn -0.0962 0.3052 0.9474
vn 0.4906 -0.2671 0.8294
vn 0.1004 0.1103 0.9888
vn 0.0962 0.3052 0.9474
vn 0.0965 0.3047 0.9475
vn -0.1003 0.1188 0.9878
vn -0.5532 0.7771 0.3000
vn -0.8762 -0.0811 0.4751
vn -0.8798 -0.0704 0.4701
vn -0.4547 -0.8569 0.2430
vn -0.1281 0.8505 -0.5101
vn 0.2048 0.9154 -0.3464
vn 0.2049 0.9154 -0.3464
vn 0.5086 0.8506 -0.1336
vn -0.1279 0.8506 -0.5100
vn -0.7627 0.2688 -0.5882
vn -0.7627 0.2688 -0.5883
vn -0.7624 0.2694 -0.5883
vn -0.2487 -0.0038 0.9686
vn -0.6569 -0.0069 0.7540
vn -0.1691 0.7303 0.6619
vn -0.2488 -0.0039 0.9685
vn -0.6579 -0.0018 0.7531
vn 0.0018 -1.0000 0.0030
vn 0.5090 -0.0219 0.8605
vn 0.1520 0.9544 0.2571
vn 0.1520 0.9544 0.2570
vn 0.1776 0.9372 0.3003
vn 0.1778 0.9372 0.3002
vn 0.1773 0.9373 0.3001
vn 0.5094 -0.0228 0.8603
vn 0.9772 -0.0066 -0.2123
vn -0.2793 0.9456 0.1667
vn -0.2801 0.9450 0.1689
vn -0.2793 0.9456 0.1668
vn -0.2241 0.9653 0.1338
vn -0.2238 0.9654 0.1340
vn -0.6957 0.0060 -0.7183
vn -0.0001 -1.0000 -0.0013
vn -0.0001 -1.0000 -0.0017
vn -0.8609 -0.0009 0.5088
vn -0.8606 0.0000 0.5092
vn 0.2960 -0.0054 0.9552
vn 0.2959 -0.0057 0.9552
vn -0.0708 0.9716 -0.2256
vn -0.0791 0.9849 -0.1543
vn -0.3791 0.8368 -0.3950
vn -0.3648 0.6005 -0.7116
vn -0.3383 0.8107 -0.4778
vn -0.3793 -0.8395 -0.3892
vn -0.2662 -0.8122 -0.5190
vn -0.3717 -0.8705 -0.3226
vn -0.6902 -0.0806 -0.7191
vn -0.3665 0.5997 -0.7114
vn -0.6954 -0.0853 -0.7135
vn -0.3356 -0.6787 -0.6533
# 3267 vertex normals

vt 0.0845 0.3401 0.0000
vt 0.0928 0.3440 0.0000
vt 0.0845 0.3446 0.0000
vt 0.2554 0.6344 0.0000
vt 0.2489 0.6334 0.0000
vt 0.2563 0.6315 0.0000
vt 0.2488 0.6305 0.0000
vt 0.2576 0.6222 0.0000
vt 0.2450 0.6252 0.0000
vt 0.0928 0.3508 0.0000
vt 0.0845 0.3512 0.0000
vt 0.2501 0.6212 0.0000
vt 0.2614 0.6275 0.0000
vt 0.2377 0.6058 0.0000
vt 0.2446 0.6039 0.0000
vt 0.2501 0.6092 0.0000
vt 0.4290 0.0709 0.0000
vt 0.4466 0.0837 0.0000
vt 0.4219 0.0778 0.0000
vt 0.2303 0.0774 0.0000
vt 0.2369 0.0728 0.0000
vt 0.2297 0.0803 0.0000
vt 0.2126 0.0928 0.0000
vt 0.2259 0.0797 0.0000
vt 0.2609 0.6107 0.0000
vt 0.2556 0.6092 0.0000
vt 0.2563 0.6039 0.0000
vt 0.2676 0.6072 0.0000
vt 0.2579 0.6142 0.0000
vt 0.0796 0.0093 0.0000
vt 0.0798 0.0083 0.0000
vt 0.0821 0.0048 0.0000
vt 0.0775 0.0085 0.0000
vt 0.2520 0.6133 0.0000
vt 0.5669 0.4780 0.0000
vt 0.5482 0.4678 0.0000
vt 0.5720 0.4733 0.0000
vt 0.5482 0.4677 0.0000
vt 0.7680 0.4334 0.0000
vt 0.7720 0.4481 0.0000
vt 0.7616 0.4334 0.0000
vt 0.1842 0.9746 0.0000
vt 0.1864 0.9748 0.0000
vt 0.1864 0.9767 0.0000
vt 0.7664 0.4176 0.0000
vt 0.7720 0.4188 0.0000
vt 0.0567 0.5677 0.0000
vt 0.0615 0.5631 0.0000
vt 0.0777 0.5556 0.0000
vt 0.4882 0.1622 0.0000
vt 0.5044 0.1684 0.0000
vt 0.4881 0.1744 0.0000
vt 0.0753 0.5668 0.0000
vt 0.0753 0.5602 0.0000
vt 0.0940 0.5640 0.0000
vt 0.0567 0.5743 0.0000
vt 0.0710 0.0189 0.0000
vt 0.0793 0.0104 0.0000
vt 0.0706 0.0255 0.0000
vt 0.0939 0.5529 0.0000
vt 0.1437 0.1190 0.0000
vt 0.1355 0.1224 0.0000
vt 0.1355 0.1081 0.0000
vt 0.0939 0.5575 0.0000
vt 0.1126 0.5598 0.0000
vt 0.1127 0.5664 0.0000
vt 0.0752 0.0348 0.0000
vt 0.0763 0.0393 0.0000
vt 0.0786 0.0103 0.0000
vt 0.0641 0.0089 0.0000
vt 0.2165 0.0947 0.0000
vt 0.6185 0.8868 0.0000
vt 0.6220 0.8868 0.0000
vt 0.6220 0.8873 0.0000
vt 0.4683 0.0709 0.0000
vt 0.4804 0.0704 0.0000
vt 0.4661 0.0834 0.0000
vt 0.1314 0.5670 0.0000
vt 0.1314 0.5735 0.0000
vt 0.4756 0.0979 0.0000
vt 0.4725 0.1153 0.0000
vt 0.4634 0.0984 0.0000
vt 0.4782 0.0829 0.0000
vt 0.1264 0.5624 0.0000
vt 0.0928 0.3831 0.0000
vt 0.0845 0.3831 0.0000
vt 0.0928 0.3772 0.0000
vt 0.1101 0.5553 0.0000
vt 0.5016 0.5105 0.0000
vt 0.5049 0.4853 0.0000
vt 0.5098 0.5105 0.0000
vt 0.6463 0.9024 0.0000
vt 0.6422 0.9037 0.0000
vt 0.6430 0.9014 0.0000
vt 0.5838 0.8868 0.0000
vt 0.5850 0.8886 0.0000
vt 0.5840 0.8883 0.0000
vt 0.6037 0.8908 0.0000
vt 0.6029 0.8932 0.0000
vt 0.1818 0.9487 0.0000
vt 0.1709 0.9489 0.0000
vt 0.1829 0.9437 0.0000
vt 0.1676 0.9440 0.0000
vt 0.1982 0.2206 0.0000
vt 0.2090 0.2389 0.0000
vt 0.1848 0.2283 0.0000
vt 0.2070 0.2459 0.0000
vt 0.0845 0.3772 0.0000
vt 0.0845 0.3607 0.0000
vt 0.0928 0.3604 0.0000
vt 0.2216 0.0964 0.0000
vt 0.2359 0.0865 0.0000
vt 0.2216 0.1113 0.0000
vt 0.2216 0.1263 0.0000
vt 0.2265 0.1113 0.0000
vt 0.4363 0.0877 0.0000
vt 0.2725 0.6457 0.0000
vt 0.2808 0.6462 0.0000
vt 0.2808 0.6565 0.0000
vt 0.2725 0.6562 0.0000
vt 0.2725 0.6602 0.0000
vt 0.2700 0.6588 0.0000
vt 0.5392 0.8581 0.0000
vt 0.5410 0.8784 0.0000
vt 0.5382 0.8820 0.0000
vt 0.4325 0.0706 0.0000
vt 0.4469 0.0811 0.0000
vt 0.0928 0.3396 0.0000
vt 0.2808 0.6605 0.0000
vt 0.2419 0.0873 0.0000
vt 0.4171 0.0648 0.0000
vt 0.4069 0.0731 0.0000
vt 0.3919 0.0710 0.0000
vt 0.4138 0.0611 0.0000
vt 0.4175 0.0598 0.0000
vt 0.1437 0.1030 0.0000
vt 0.0265 0.0637 0.0000
vt 0.0249 0.0600 0.0000
vt 0.0290 0.0581 0.0000
vt 0.5481 0.2540 0.0000
vt 0.5469 0.2474 0.0000
vt 0.5498 0.2523 0.0000
vt 0.2325 0.0837 0.0000
vt 0.2097 0.0940 0.0000
vt 0.2117 0.0900 0.0000
vt 0.9241 0.4611 0.0000
vt 0.8964 0.4549 0.0000
vt 0.9000 0.4523 0.0000
vt 0.6007 0.9047 0.0000
vt 0.5797 0.9104 0.0000
vt 0.9205 0.4569 0.0000
vt 0.5917 0.2501 0.0000
vt 0.5937 0.2449 0.0000
vt 0.5508 0.2342 0.0000
vt 0.5944 0.2314 0.0000
vt 0.9789 0.1253 0.0000
vt 0.9789 0.1437 0.0000
vt 0.9678 0.1411 0.0000
vt 0.9682 0.1273 0.0000
vt 0.6110 0.1676 0.0000
vt 0.6134 0.1714 0.0000
vt 0.6094 0.1752 0.0000
vt 0.6257 0.1657 0.0000
vt 0.1958 0.2469 0.0000
vt 0.1451 0.5646 0.0000
vt 0.1987 0.5730 0.0000
vt 0.1511 0.5861 0.0000
vt 0.0279 0.0445 0.0000
vt 0.0237 0.0444 0.0000
vt 0.0508 0.0242 0.0000
vt 0.2596 0.8241 0.0000
vt 0.2718 0.8241 0.0000
vt 0.2596 0.8436 0.0000
vt 0.2717 0.8436 0.0000
vt 0.0496 0.0215 0.0000
vt 0.2561 0.8324 0.0000
vt 0.5451 0.2486 0.0000
vt 0.5390 0.2488 0.0000
vt 0.5495 0.2335 0.0000
vt 0.5989 0.2304 0.0000
vt 0.5513 0.2273 0.0000
vt 0.2659 0.8080 0.0000
vt 0.2042 0.5483 0.0000
vt 0.2102 0.5699 0.0000
vt 0.1927 0.5514 0.0000
vt 0.2153 0.2519 0.0000
vt 0.5402 0.2269 0.0000
vt 0.4117 0.0587 0.0000
vt 0.5679 0.8826 0.0000
vt 0.5653 0.8789 0.0000
vt 0.5635 0.8586 0.0000
vt 0.3949 0.0567 0.0000
vt 0.2717 0.8081 0.0000
vt 0.0845 0.3549 0.0000
vt 0.0928 0.3546 0.0000
vt 0.1832 0.4279 0.0000
vt 0.1728 0.4093 0.0000
vt 0.1810 0.4004 0.0000
vt 0.2417 0.2598 0.0000
vt 0.2314 0.2659 0.0000
vt 0.1355 0.1347 0.0000
vt 0.1437 0.1297 0.0000
vt 0.1437 0.1327 0.0000
vt 0.2413 0.0744 0.0000
vt 0.2445 0.0707 0.0000
vt 0.2462 0.0748 0.0000
vt 0.2464 0.0679 0.0000
vt 0.2406 0.0691 0.0000
vt 0.2629 0.0659 0.0000
vt 0.6185 0.9241 0.0000
vt 0.6185 0.9138 0.0000
vt 0.3720 0.3707 0.0000
vt 0.3720 0.3581 0.0000
vt 0.1780 0.9767 0.0000
vt 0.1774 0.9767 0.0000
vt 0.1629 0.9755 0.0000
vt 0.1778 0.9820 0.0000
vt 0.1784 0.9767 0.0000
vt 0.6185 0.8953 0.0000
vt 0.3862 0.6704 0.0000
vt 0.3718 0.6712 0.0000
vt 0.3868 0.6650 0.0000
vt 0.3864 0.6871 0.0000
vt 0.3862 0.6748 0.0000
vt 0.0427 0.5205 0.0000
vt 0.0465 0.5205 0.0000
vt 0.0464 0.5205 0.0000
vt 0.6185 0.9088 0.0000
vt 0.6132 0.8954 0.0000
vt 0.6185 0.8948 0.0000
vt 0.3864 0.6642 0.0000
vt 0.3166 0.5097 0.0000
vt 0.3144 0.4954 0.0000
vt 0.3167 0.5097 0.0000
vt 0.3706 0.6743 0.0000
vt 0.3712 0.6743 0.0000
vt 0.3674 0.6867 0.0000
vt 0.3707 0.6738 0.0000
vt 0.3676 0.6731 0.0000
vt 0.6185 0.9116 0.0000
vt 0.6185 0.9120 0.0000
vt 0.6132 0.9213 0.0000
vt 0.6184 0.9097 0.0000
vt 0.6185 0.9127 0.0000
vt 0.6185 0.9097 0.0000
vt 0.3708 0.6716 0.0000
vt 0.6185 0.9093 0.0000
vt 0.8868 0.8928 0.0000
vt 0.9161 0.8915 0.0000
vt 0.8882 0.9228 0.0000
vt 0.2804 0.5649 0.0000
vt 0.2864 0.5680 0.0000
vt 0.2628 0.5622 0.0000
vt 0.3720 0.3708 0.0000
vt 0.3720 0.3712 0.0000
vt 0.3147 0.4943 0.0000
vt 0.3142 0.4945 0.0000
vt 0.5993 0.2240 0.0000
vt 0.3330 0.5064 0.0000
vt 0.3209 0.5087 0.0000
vt 0.3174 0.4942 0.0000
vt 0.3116 0.5114 0.0000
vt 0.3127 0.5117 0.0000
vt 0.3022 0.5141 0.0000
vt 0.2682 0.5723 0.0000
vt 0.2495 0.5748 0.0000
vt 0.2664 0.5659 0.0000
vt 0.2881 0.5744 0.0000
vt 0.3168 0.4938 0.0000
vt 0.2978 0.4951 0.0000
vt 0.3173 0.4936 0.0000
vt 0.3287 0.4880 0.0000
vt 0.6021 0.8984 0.0000
vt 0.6082 0.9169 0.0000
vt 0.6025 0.8963 0.0000
vt 0.1662 0.9462 0.0000
vt 0.1774 0.9574 0.0000
vt 0.1774 0.9551 0.0000
vt 0.1753 0.9505 0.0000
vt 0.1771 0.9509 0.0000
vt 0.6019 0.8984 0.0000
vt 0.1828 0.9546 0.0000
vt 0.9626 0.4212 0.0000
vt 0.9440 0.4237 0.0000
vt 0.9440 0.4193 0.0000
vt 0.4339 0.4741 0.0000
vt 0.4363 0.4751 0.0000
vt 0.4315 0.4795 0.0000
vt 0.4383 0.4826 0.0000
vt 0.1355 0.1320 0.0000
vt 0.2432 0.0784 0.0000
vt 0.8223 0.8503 0.0000
vt 0.8173 0.8532 0.0000
vt 0.8173 0.8503 0.0000
vt 0.9386 0.4179 0.0000
vt 0.8729 0.7152 0.0000
vt 0.8742 0.7197 0.0000
vt 0.8729 0.7251 0.0000
vt 0.1864 0.9732 0.0000
vt 0.9626 0.4359 0.0000
vt 0.9442 0.4271 0.0000
vt 0.8266 0.8497 0.0000
vt 0.6454 0.9241 0.0000
vt 0.2455 0.0817 0.0000
vt 0.2482 0.0781 0.0000
vt 0.2489 0.0836 0.0000
vt 0.2659 0.0760 0.0000
vt 0.1749 0.9675 0.0000
vt 0.7113 0.2066 0.0000
vt 0.6976 0.2014 0.0000
vt 0.7005 0.1958 0.0000
vt 0.7249 0.2118 0.0000
vt 0.7085 0.2124 0.0000
vt 0.1718 0.9523 0.0000
vt 0.1758 0.9723 0.0000
vt 0.1755 0.9722 0.0000
vt 0.9626 0.4088 0.0000
vt 0.5715 0.8966 0.0000
vt 0.5815 0.8985 0.0000
vt 0.5802 0.9074 0.0000
vt 0.5803 0.9074 0.0000
vt 0.4898 0.7796 0.0000
vt 0.4915 0.7858 0.0000
vt 0.4880 0.7872 0.0000
vt 0.6781 0.9345 0.0000
vt 0.6782 0.9344 0.0000
vt 0.6834 0.9333 0.0000
vt 0.6834 0.9332 0.0000
vt 0.5828 0.8935 0.0000
vt 0.7113 0.2224 0.0000
vt 0.6426 0.9079 0.0000
vt 0.6426 0.9180 0.0000
vt 0.6415 0.9080 0.0000
vt 0.4919 0.7755 0.0000
vt 0.5149 0.7803 0.0000
vt 0.4951 0.7851 0.0000
vt 0.4880 0.7917 0.0000
vt 0.6967 0.2079 0.0000
vt 0.7222 0.2176 0.0000
vt 0.7104 0.2131 0.0000
vt 0.2322 0.5822 0.0000
vt 0.2304 0.5759 0.0000
vt 0.9366 0.3069 0.0000
vt 0.9405 0.3070 0.0000
vt 0.9391 0.3255 0.0000
vt 0.2478 0.5685 0.0000
vt 0.5149 0.7917 0.0000
vt 0.6376 0.9174 0.0000
vt 0.6435 0.9124 0.0000
vt 0.2465 0.5640 0.0000
vt 0.6382 0.9176 0.0000
vt 0.5365 0.4991 0.0000
vt 0.5297 0.5132 0.0000
vt 0.5297 0.4941 0.0000
vt 0.5365 0.5132 0.0000
vt 0.2143 0.5879 0.0000
vt 0.6307 0.7390 0.0000
vt 0.6271 0.7385 0.0000
vt 0.6271 0.7384 0.0000
vt 0.6314 0.7390 0.0000
vt 0.2161 0.5942 0.0000
vt 0.5820 0.8985 0.0000
vt 0.5806 0.9058 0.0000
vt 0.5805 0.9058 0.0000
vt 0.8637 0.3440 0.0000
vt 0.8755 0.3466 0.0000
vt 0.8637 0.3592 0.0000
vt 0.2179 0.5822 0.0000
vt 0.2316 0.5708 0.0000
vt 0.0271 0.6132 0.0000
vt 0.0278 0.6278 0.0000
vt 0.0208 0.6142 0.0000
vt 0.6277 0.8984 0.0000
vt 0.6460 0.9222 0.0000
vt 0.6454 0.9195 0.0000
vt 0.6460 0.9033 0.0000
vt 0.5668 0.6132 0.0000
vt 0.5809 0.6150 0.0000
vt 0.5668 0.6286 0.0000
vt 0.6418 0.9182 0.0000
vt 0.0341 0.6270 0.0000
vt 0.0428 0.6327 0.0000
vt 0.8637 0.3821 0.0000
vt 0.8637 0.3719 0.0000
vt 0.8755 0.3848 0.0000
vt 0.6229 0.8974 0.0000
vt 0.6185 0.8974 0.0000
vt 0.0335 0.6143 0.0000
vt 0.4202 0.8312 0.0000
vt 0.4220 0.8697 0.0000
vt 0.4045 0.8321 0.0000
vt 0.2261 0.7674 0.0000
vt 0.2025 0.7616 0.0000
vt 0.2200 0.7644 0.0000
vt 0.5744 0.4946 0.0000
vt 0.2061 0.7653 0.0000
vt 0.0342 0.6290 0.0000
vt 0.0348 0.6415 0.0000
vt 0.5811 0.4880 0.0000
vt 0.6364 0.5947 0.0000
vt 0.6380 0.5866 0.0000
vt 0.6878 0.6045 0.0000
vt 0.6894 0.5963 0.0000
vt 0.0285 0.6424 0.0000
vt 0.9048 0.1264 0.0000
vt 0.8989 0.1311 0.0000
vt 0.8971 0.1285 0.0000
vt 0.9025 0.1239 0.0000
vt 0.9117 0.1280 0.0000
vt 0.9136 0.1144 0.0000
vt 0.9163 0.1148 0.0000
vt 0.9146 0.1270 0.0000
vt 0.9756 0.5128 0.0000
vt 0.9750 0.5116 0.0000
vt 0.9756 0.5101 0.0000
vt 0.9140 0.1318 0.0000
vt 0.9153 0.1335 0.0000
vt 0.9164 0.1329 0.0000
vt 0.7523 0.9332 0.0000
vt 0.7572 0.9333 0.0000
vt 0.9783 0.5105 0.0000
vt 0.9149 0.1334 0.0000
vt 0.9750 0.8034 0.0000
vt 0.9782 0.8065 0.0000
vt 0.9750 0.8098 0.0000
vt 0.7709 0.9352 0.0000
vt 0.7750 0.9332 0.0000
vt 0.7757 0.9353 0.0000
vt 0.9069 0.1128 0.0000
vt 0.5158 0.4602 0.0000
vt 0.5221 0.4616 0.0000
vt 0.5221 0.4617 0.0000
vt 0.4337 0.6552 0.0000
vt 0.4553 0.6615 0.0000
vt 0.4323 0.6617 0.0000
vt 0.5178 0.4665 0.0000
vt 0.9136 0.1343 0.0000
vt 0.0292 0.6569 0.0000
vt 0.0357 0.6561 0.0000
vt 0.9636 0.9348 0.0000
vt 0.9610 0.9347 0.0000
vt 0.9621 0.9332 0.0000
vt 0.0351 0.6436 0.0000
vt 0.9044 0.1114 0.0000
vt 0.9936 0.7438 0.0000
vt 0.9935 0.7385 0.0000
vt 0.9935 0.7384 0.0000
vt 0.2261 0.7210 0.0000
vt 0.2061 0.7189 0.0000
vt 0.2191 0.7181 0.0000
vt 0.9751 0.4672 0.0000
vt 0.9756 0.4863 0.0000
vt 0.9604 0.1432 0.0000
vt 0.9036 0.2671 0.0000
vt 0.9206 0.2861 0.0000
vt 0.9228 0.3003 0.0000
vt 0.0359 0.6583 0.0000
vt 0.0365 0.6707 0.0000
vt 0.0297 0.6738 0.0000
vt 0.0235 0.6737 0.0000
vt 0.0284 0.6885 0.0000
vt 0.6421 0.7729 0.0000
vt 0.6302 0.7745 0.0000
vt 0.6271 0.7613 0.0000
vt 0.9120 0.3236 0.0000
vt 0.7249 0.2276 0.0000
vt 0.7358 0.2228 0.0000
vt 0.7241 0.2184 0.0000
vt 0.2241 0.4923 0.0000
vt 0.2201 0.4986 0.0000
vt 0.2200 0.4933 0.0000
vt 0.0056 0.0600 0.0000
vt 0.0092 0.0637 0.0000
vt 0.2243 0.4968 0.0000
vt 0.2298 0.5109 0.0000
vt 0.2143 0.5007 0.0000
vt 0.6554 0.5668 0.0000
vt 0.4063 0.8706 0.0000
vt 0.1941 0.9782 0.0000
vt 0.1887 0.9782 0.0000
vt 0.4605 0.4940 0.0000
vt 0.4584 0.4865 0.0000
vt 0.9241 0.4350 0.0000
vt 0.9205 0.4376 0.0000
vt 0.6780 0.0891 0.0000
vt 0.6871 0.1030 0.0000
vt 0.6775 0.1013 0.0000
vt 0.9054 0.4953 0.0000
vt 0.8929 0.4982 0.0000
vt 0.9084 0.4907 0.0000
vt 0.8868 0.5028 0.0000
vt 0.9228 0.4304 0.0000
vt 0.9321 0.4196 0.0000
vt 0.0502 0.9100 0.0000
vt 0.0502 0.9243 0.0000
vt 0.0479 0.9149 0.0000
vt 0.9355 0.4219 0.0000
vt 0.9241 0.4926 0.0000
vt 0.5016 0.4602 0.0000
vt 0.5098 0.4602 0.0000
vt 0.9316 0.4599 0.0000
vt 0.9316 0.4338 0.0000
vt 0.8776 0.6278 0.0000
vt 0.8963 0.6253 0.0000
vt 0.8816 0.6307 0.0000
vt 0.4417 0.4860 0.0000
vt 0.4331 0.5087 0.0000
vt 0.4309 0.5022 0.0000
vt 0.4599 0.4953 0.0000
vt 0.4262 0.4935 0.0000
vt 0.0928 0.4057 0.0000
vt 0.0928 0.4095 0.0000
vt 0.0845 0.4053 0.0000
vt 0.4451 0.3156 0.0000
vt 0.4383 0.3156 0.0000
vt 0.4451 0.2932 0.0000
vt 0.4383 0.2932 0.0000
vt 0.9243 0.3245 0.0000
vt 0.7563 0.2167 0.0000
vt 0.7386 0.2170 0.0000
vt 0.8868 0.4934 0.0000
vt 0.8925 0.4889 0.0000
vt 0.9083 0.4814 0.0000
vt 0.5181 0.8359 0.0000
vt 0.5207 0.8358 0.0000
vt 0.5209 0.8418 0.0000
vt 0.5134 0.8421 0.0000
vt 0.9238 0.3058 0.0000
vt 0.9282 0.3061 0.0000
vt 0.8847 0.8920 0.0000
vt 0.8847 0.8950 0.0000
vt 0.8796 0.8920 0.0000
vt 0.7386 0.2328 0.0000
vt 0.3700 0.0611 0.0000
vt 0.3668 0.0648 0.0000
vt 0.3626 0.0635 0.0000
vt 0.0928 0.3999 0.0000
vt 0.0845 0.3996 0.0000
vt 0.9055 0.4859 0.0000
vt 0.3664 0.0598 0.0000
vt 0.3722 0.0587 0.0000
vt 0.7544 0.2227 0.0000
vt 0.7666 0.2325 0.0000
vt 0.7545 0.2297 0.0000
vt 0.2911 0.0691 0.0000
vt 0.2872 0.0707 0.0000
vt 0.2853 0.0679 0.0000
vt 0.9249 0.2940 0.0000
vt 0.9409 0.2871 0.0000
vt 0.9270 0.2975 0.0000
vt 0.7378 0.2237 0.0000
vt 0.9363 0.2854 0.0000
vt 0.3769 0.0731 0.0000
vt 0.3619 0.0778 0.0000
vt 0.4933 0.8382 0.0000
vt 0.4886 0.8443 0.0000
vt 0.2329 0.5077 0.0000
vt 0.5147 0.1915 0.0000
vt 0.5163 0.1966 0.0000
vt 0.5105 0.1918 0.0000
vt 0.2338 0.5160 0.0000
vt 0.2768 0.4953 0.0000
vt 0.5117 0.1962 0.0000
vt 0.2904 0.0744 0.0000
vt 0.2885 0.0784 0.0000
vt 0.2855 0.0748 0.0000
vt 0.5108 0.2113 0.0000
vt 0.1918 0.0637 0.0000
vt 0.1745 0.0637 0.0000
vt 0.1954 0.0600 0.0000
vt 0.9001 0.4253 0.0000
vt 0.8964 0.4288 0.0000
vt 0.9000 0.4330 0.0000
vt 0.8444 0.1216 0.0000
vt 0.8475 0.1277 0.0000
vt 0.8358 0.1384 0.0000
vt 0.2948 0.0728 0.0000
vt 0.8552 0.1247 0.0000
vt 0.9497 0.2828 0.0000
vt 0.9730 0.2653 0.0000
vt 0.9769 0.2653 0.0000
vt 0.9505 0.2851 0.0000
vt 0.1780 0.3234 0.0000
vt 0.1726 0.3142 0.0000
vt 0.1894 0.2979 0.0000
vt 0.2283 0.6874 0.0000
vt 0.2343 0.6874 0.0000
vt 0.2283 0.6966 0.0000
vt 0.2343 0.6966 0.0000
vt 0.2237 0.5205 0.0000
vt 0.4513 0.5180 0.0000
vt 0.4499 0.5217 0.0000
vt 0.2808 0.6954 0.0000
vt 0.2725 0.6957 0.0000
vt 0.6876 0.0908 0.0000
vt 0.2664 0.5420 0.0000
vt 0.2625 0.5390 0.0000
vt 0.2795 0.5419 0.0000
vt 0.2898 0.0873 0.0000
vt 0.2828 0.0836 0.0000
vt 0.2862 0.0817 0.0000
vt 0.2958 0.0865 0.0000
vt 0.2835 0.0781 0.0000
vt 0.2478 0.5445 0.0000
vt 0.1437 0.1720 0.0000
vt 0.1437 0.1750 0.0000
vt 0.1355 0.1727 0.0000
vt 0.1355 0.1700 0.0000
vt 0.2683 0.5487 0.0000
vt 0.2496 0.5512 0.0000
vt 0.1355 0.1823 0.0000
vt 0.5429 0.9250 0.0000
vt 0.5457 0.9210 0.0000
vt 0.5678 0.9149 0.0000
vt 0.5722 0.9170 0.0000
vt 0.1163 0.3538 0.0000
vt 0.1159 0.3556 0.0000
vt 0.1154 0.3483 0.0000
vt 0.0708 0.0090 0.0000
vt 0.0704 0.0052 0.0000
vt 0.2864 0.5441 0.0000
vt 0.1775 0.9740 0.0000
vt 0.1758 0.9767 0.0000
vt 0.1164 0.3537 0.0000
vt 0.1169 0.3539 0.0000
vt 0.1164 0.3539 0.0000
vt 0.3890 0.0567 0.0000
vt 0.0736 0.3288 0.0000
vt 0.0718 0.3396 0.0000
vt 0.0520 0.3396 0.0000
vt 0.0539 0.3288 0.0000
vt 0.7675 0.8408 0.0000
vt 0.7543 0.8549 0.0000
vt 0.7480 0.8405 0.0000
vt 0.7244 0.9229 0.0000
vt 0.7233 0.9198 0.0000
vt 0.7267 0.9180 0.0000
vt 0.9069 0.3964 0.0000
vt 0.2688 0.0659 0.0000
vt 0.0479 0.9308 0.0000
vt 0.0657 0.0264 0.0000
vt 0.0639 0.0345 0.0000
vt 0.0609 0.0390 0.0000
vt 0.4787 0.5022 0.0000
vt 0.8506 0.1117 0.0000
vt 0.0645 0.0324 0.0000
vt 0.5130 0.4853 0.0000
vt 0.5744 0.5132 0.0000
vt 0.5811 0.5132 0.0000
vt 0.3919 0.0585 0.0000
vt 0.3919 0.0622 0.0000
vt 0.7188 0.9112 0.0000
vt 0.1649 0.9528 0.0000
vt 0.1649 0.9527 0.0000
vt 0.1699 0.9511 0.0000
vt 0.1706 0.9485 0.0000
vt 0.1712 0.9506 0.0000
vt 0.0688 0.0108 0.0000
vt 0.1596 0.9515 0.0000
vt 0.1724 0.9567 0.0000
vt 0.4787 0.4684 0.0000
vt 0.1599 0.9767 0.0000
vt 0.8599 0.0969 0.0000
vt 0.4741 0.1219 0.0000
vt 0.4624 0.1263 0.0000
vt 0.4602 0.1225 0.0000
vt 0.1553 0.9527 0.0000
vt 0.1520 0.9820 0.0000
vt 0.1437 0.1523 0.0000
vt 0.3540 0.3486 0.0000
vt 0.3539 0.3487 0.0000
vt 0.3536 0.3481 0.0000
vt 0.4363 0.1177 0.0000
vt 0.6364 0.5637 0.0000
vt 0.6364 0.5436 0.0000
vt 0.6901 0.5637 0.0000
vt 0.9669 0.2889 0.0000
vt 0.9437 0.2836 0.0000
vt 0.9328 0.2624 0.0000
vt 0.2419 0.1354 0.0000
vt 0.5130 0.8631 0.0000
vt 0.5085 0.8682 0.0000
vt 0.5090 0.8439 0.0000
vt 0.2165 0.1281 0.0000
vt 0.4887 0.8457 0.0000
vt 0.7193 0.9111 0.0000
vt 0.9428 0.5226 0.0000
vt 0.9564 0.5253 0.0000
vt 0.9616 0.5298 0.0000
vt 0.9402 0.5182 0.0000
vt 0.4776 0.1023 0.0000
vt 0.9392 0.2944 0.0000
vt 0.9652 0.2962 0.0000
vt 0.4604 0.1159 0.0000
vt 0.4151 0.1310 0.0000
vt 0.4012 0.1114 0.0000
vt 0.4300 0.1269 0.0000
vt 0.4467 0.1219 0.0000
vt 0.4389 0.1337 0.0000
vt 0.8476 0.8516 0.0000
vt 0.8476 0.8532 0.0000
vt 0.8461 0.8516 0.0000
vt 0.8847 0.9231 0.0000
vt 0.8544 0.8950 0.0000
vt 0.4108 0.9503 0.0000
vt 0.3916 0.9569 0.0000
vt 0.4130 0.9462 0.0000
vt 0.2725 0.7003 0.0000
vt 0.2700 0.6970 0.0000
vt 0.9435 0.4448 0.0000
vt 0.9626 0.4731 0.0000
vt 0.9435 0.4461 0.0000
vt 0.4212 0.9722 0.0000
vt 0.8544 0.9231 0.0000
vt 0.8425 0.8503 0.0000
vt 0.9440 0.4411 0.0000
vt 0.9626 0.4533 0.0000
vt 0.2808 0.7000 0.0000
vt 0.5359 0.8572 0.0000
vt 0.5320 0.8773 0.0000
vt 0.5298 0.8525 0.0000
vt 0.1720 0.0581 0.0000
vt 0.1761 0.0600 0.0000
vt 0.6221 0.2171 0.0000
vt 0.6230 0.2149 0.0000
vt 0.6286 0.2157 0.0000
vt 0.8173 0.8813 0.0000
vt 0.0703 0.0322 0.0000
vt 0.0679 0.0328 0.0000
vt 0.7405 0.9105 0.0000
vt 0.7434 0.9139 0.0000
vt 0.7397 0.9060 0.0000
vt 0.8907 0.8312 0.0000
vt 0.8907 0.8381 0.0000
vt 0.8683 0.8381 0.0000
vt 0.2428 0.1395 0.0000
vt 0.2279 0.1355 0.0000
vt 0.8683 0.8312 0.0000
vt 0.9629 0.2850 0.0000
vt 0.4256 0.9731 0.0000
vt 0.7387 0.9062 0.0000
vt 0.0624 0.0338 0.0000
vt 0.0651 0.0332 0.0000
vt 0.0710 0.0338 0.0000
vt 0.4895 0.0972 0.0000
vt 0.4865 0.1145 0.0000
vt 0.4775 0.0978 0.0000
vt 0.7414 0.8876 0.0000
vt 0.7408 0.9086 0.0000
vt 0.7377 0.9041 0.0000
vt 0.4915 0.1017 0.0000
vt 0.4922 0.0823 0.0000
vt 0.7375 0.9041 0.0000
vt 0.7362 0.9013 0.0000
vt 0.0713 0.0137 0.0000
vt 0.4881 0.1212 0.0000
vt 0.5356 0.8497 0.0000
vt 0.5223 0.1968 0.0000
vt 0.5297 0.8511 0.0000
vt 0.5069 0.2092 0.0000
vt 0.0595 0.0368 0.0000
vt 0.9428 0.5319 0.0000
vt 0.9561 0.5346 0.0000
vt 0.9616 0.5390 0.0000
vt 0.0562 0.0075 0.0000
vt 0.9386 0.4440 0.0000
vt 0.0712 0.0010 0.0000
vt 0.0718 0.0063 0.0000
vt 0.0713 0.0063 0.0000
vt 0.4744 0.1151 0.0000
vt 0.7671 0.8541 0.0000
vt 0.7575 0.8547 0.0000
vt 0.5004 0.1137 0.0000
vt 0.5021 0.1206 0.0000
vt 0.4885 0.1142 0.0000
vt 0.9366 0.2589 0.0000
vt 0.9406 0.2629 0.0000
vt 0.1813 0.0207 0.0000
vt 0.1769 0.0259 0.0000
vt 0.1726 0.0075 0.0000
vt 0.1100 0.3811 0.0000
vt 0.1182 0.3814 0.0000
vt 0.1084 0.3826 0.0000
vt 0.1881 0.0254 0.0000
vt 0.1693 0.9767 0.0000
vt 0.7517 0.7756 0.0000
vt 0.7517 0.7755 0.0000
vt 0.7556 0.7755 0.0000
vt 0.7556 0.7756 0.0000
vt 0.7512 0.7755 0.0000
vt 0.7512 0.7756 0.0000
vt 0.7671 0.8542 0.0000
vt 0.7671 0.8589 0.0000
vt 0.7669 0.8730 0.0000
vt 0.4880 0.8740 0.0000
vt 0.4882 0.8700 0.0000
vt 0.7662 0.8589 0.0000
vt 0.5569 0.8576 0.0000
vt 0.5562 0.8502 0.0000
vt 0.5563 0.8502 0.0000
vt 0.5566 0.8502 0.0000
vt 0.7353 0.8993 0.0000
vt 0.7354 0.8991 0.0000
vt 0.0634 0.0129 0.0000
vt 0.0606 0.0309 0.0000
vt 0.0527 0.0063 0.0000
vt 0.0798 0.0063 0.0000
vt 0.4496 0.8462 0.0000
vt 0.4462 0.8421 0.0000
vt 0.4658 0.8377 0.0000
vt 0.4723 0.8411 0.0000
vt 0.6261 0.5867 0.0000
vt 0.6171 0.5345 0.0000
vt 0.6254 0.5344 0.0000
vt 0.5183 0.1200 0.0000
vt 0.5144 0.1128 0.0000
vt 0.5174 0.0957 0.0000
vt 0.5026 0.1133 0.0000
vt 0.5950 0.6286 0.0000
vt 0.5809 0.6304 0.0000
vt 0.9428 0.4855 0.0000
vt 0.9558 0.4882 0.0000
vt 0.9616 0.4926 0.0000
vt 0.5055 0.1011 0.0000
vt 0.5035 0.0965 0.0000
vt 0.5365 0.5272 0.0000
vt 0.4854 0.8489 0.0000
vt 0.4816 0.8518 0.0000
vt 0.5297 0.5323 0.0000
vt 0.5361 0.9002 0.0000
vt 0.5405 0.9022 0.0000
vt 0.2460 0.6774 0.0000
vt 0.2275 0.6723 0.0000
vt 0.2472 0.6693 0.0000
vt 0.2286 0.6642 0.0000
vt 0.5950 0.6132 0.0000
vt 0.4740 0.8358 0.0000
vt 0.6178 0.5869 0.0000
vt 0.4781 0.0197 0.0000
vt 0.4850 0.0244 0.0000
vt 0.4737 0.0249 0.0000
vt 0.4694 0.0065 0.0000
vt 0.5744 0.5317 0.0000
vt 0.5811 0.5383 0.0000
vt 0.9069 0.4608 0.0000
vt 0.5195 0.1238 0.0000
vt 0.5328 0.1206 0.0000
vt 0.5340 0.1244 0.0000
vt 0.5947 0.5482 0.0000
vt 0.9649 0.6250 0.0000
vt 0.9618 0.6404 0.0000
vt 0.9271 0.6178 0.0000
vt 0.3919 0.1413 0.0000
vt 0.3919 0.1327 0.0000
vt 0.9239 0.6332 0.0000
vt 0.1030 0.3824 0.0000
vt 0.1083 0.3480 0.0000
vt 0.5951 0.5834 0.0000
vt 0.1104 0.3792 0.0000
vt 0.5207 0.6285 0.0000
vt 0.5193 0.6328 0.0000
vt 0.5184 0.6283 0.0000
vt 0.5126 0.6322 0.0000
vt 0.5065 0.6271 0.0000
vt 0.2101 0.6028 0.0000
vt 0.1914 0.6000 0.0000
vt 0.2101 0.5875 0.0000
vt 0.1003 0.0048 0.0000
vt 0.1003 0.0393 0.0000
vt 0.0849 0.0393 0.0000
vt 0.6094 0.8822 0.0000
vt 0.5715 0.8777 0.0000
vt 0.6094 0.8637 0.0000
vt 0.9720 0.8219 0.0000
vt 0.9716 0.8247 0.0000
vt 0.9676 0.8219 0.0000
vt 0.9657 0.8247 0.0000
vt 0.9657 0.7722 0.0000
vt 0.9686 0.7709 0.0000
vt 0.9731 0.7722 0.0000
vt 0.2026 0.6391 0.0000
vt 0.2143 0.6416 0.0000
vt 0.2053 0.6449 0.0000
vt 0.6104 0.7002 0.0000
vt 0.5947 0.6920 0.0000
vt 0.6072 0.6920 0.0000
vt 0.7615 0.8870 0.0000
vt 0.7625 0.8961 0.0000
vt 0.7600 0.8886 0.0000
vt 0.7529 0.9114 0.0000
vt 0.2456 0.1553 0.0000
vt 0.2439 0.1592 0.0000
vt 0.2402 0.1428 0.0000
vt 0.4694 0.9425 0.0000
vt 0.4776 0.9628 0.0000
vt 0.4694 0.9628 0.0000
vt 0.5196 0.2185 0.0000
vt 0.9680 0.8052 0.0000
vt 0.9721 0.8093 0.0000
vt 0.9676 0.8055 0.0000
vt 0.9675 0.8087 0.0000
vt 0.1185 0.0048 0.0000
vt 0.1230 0.0229 0.0000
vt 0.1242 0.0393 0.0000
vt 0.1255 0.0338 0.0000
vt 0.1251 0.0338 0.0000
vt 0.9332 0.9360 0.0000
vt 0.9333 0.9356 0.0000
vt 0.2889 0.1395 0.0000
vt 0.2898 0.1354 0.0000
vt 0.3038 0.1355 0.0000
vt 0.9871 0.8219 0.0000
vt 0.9871 0.8277 0.0000
vt 0.9842 0.8256 0.0000
vt 0.1554 0.3559 0.0000
vt 0.1607 0.3817 0.0000
vt 0.1571 0.3778 0.0000
vt 0.2015 0.6234 0.0000
vt 0.5300 0.8906 0.0000
vt 0.5273 0.9048 0.0000
vt 0.5293 0.8905 0.0000
vt 0.1904 0.5875 0.0000
vt 0.1916 0.5870 0.0000
vt 0.7152 0.0288 0.0000
vt 0.7181 0.0328 0.0000
vt 0.7152 0.0328 0.0000
vt 0.9711 0.8130 0.0000
vt 0.9711 0.8190 0.0000
vt 0.9671 0.8126 0.0000
vt 0.1200 0.0075 0.0000
vt 0.2505 0.1479 0.0000
vt 0.4828 0.0288 0.0000
vt 0.4800 0.0484 0.0000
vt 0.4691 0.0487 0.0000
vt 0.2477 0.1521 0.0000
vt 0.9657 0.8185 0.0000
vt 0.7941 0.6899 0.0000
vt 0.7941 0.6828 0.0000
vt 0.8023 0.6892 0.0000
vt 0.7978 0.6896 0.0000
vt 0.3328 0.4807 0.0000
vt 0.3335 0.4834 0.0000
vt 0.3019 0.4910 0.0000
vt 0.5085 0.2174 0.0000
vt 0.9008 0.7333 0.0000
vt 0.9008 0.7245 0.0000
vt 0.9037 0.7297 0.0000
vt 0.9714 0.8034 0.0000
vt 0.9775 0.9332 0.0000
vt 0.9774 0.9333 0.0000
vt 0.9750 0.9336 0.0000
vt 0.8768 0.9332 0.0000
vt 0.8743 0.9353 0.0000
vt 0.8729 0.9332 0.0000
vt 0.9982 0.8729 0.0000
vt 0.9982 0.8730 0.0000
vt 0.4797 0.6968 0.0000
vt 0.4743 0.6968 0.0000
vt 0.4797 0.6967 0.0000
vt 0.1016 0.7875 0.0000
vt 0.1011 0.7755 0.0000
vt 0.1240 0.7864 0.0000
vt 0.1234 0.7745 0.0000
vt 0.9598 0.2642 0.0000
vt 0.5979 0.7002 0.0000
vt 0.2607 0.7837 0.0000
vt 0.2617 0.7802 0.0000
vt 0.2809 0.7836 0.0000
vt 0.1119 0.0048 0.0000
vt 0.0886 0.0048 0.0000
vt 0.1197 0.0063 0.0000
vt 0.1156 0.0393 0.0000
vt 0.5121 0.7157 0.0000
vt 0.5068 0.7158 0.0000
vt 0.5110 0.7152 0.0000
vt 0.5107 0.6967 0.0000
vt 0.5118 0.6967 0.0000
vt 0.1266 0.0063 0.0000
vt 0.4059 0.7663 0.0000
vt 0.4218 0.7663 0.0000
vt 0.4059 0.7931 0.0000
vt 0.9728 0.7895 0.0000
vt 0.9728 0.7899 0.0000
vt 0.9657 0.7894 0.0000
vt 0.8173 0.5906 0.0000
vt 0.8328 0.5906 0.0000
vt 0.8328 0.6175 0.0000
vt 0.3164 0.4431 0.0000
vt 0.3472 0.4203 0.0000
vt 0.3416 0.4496 0.0000
vt 0.3220 0.4138 0.0000
vt 0.7266 0.0288 0.0000
vt 0.4029 0.7663 0.0000
vt 0.1771 0.9778 0.0000
vt 0.1759 0.9723 0.0000
vt 0.1776 0.9729 0.0000
vt 0.1760 0.9739 0.0000
vt 0.3210 0.3503 0.0000
vt 0.3262 0.3350 0.0000
vt 0.3269 0.3378 0.0000
vt 0.3275 0.3378 0.0000
vt 0.5065 0.7153 0.0000
vt 0.0695 0.0091 0.0000
vt 0.0693 0.0091 0.0000
vt 0.3329 0.3506 0.0000
vt 0.1775 0.9724 0.0000
vt 0.1758 0.9729 0.0000
vt 0.5484 0.7103 0.0000
vt 0.5483 0.7099 0.0000
vt 0.5650 0.7060 0.0000
vt 0.6405 0.2082 0.0000
vt 0.6303 0.2236 0.0000
vt 0.6283 0.2179 0.0000
vt 0.1731 0.0445 0.0000
vt 0.1774 0.0444 0.0000
vt 0.6223 0.8957 0.0000
vt 0.6223 0.8956 0.0000
vt 0.6228 0.8958 0.0000
vt 0.8376 0.5942 0.0000
vt 0.8376 0.5968 0.0000
vt 0.8373 0.5947 0.0000
vt 0.8373 0.5942 0.0000
vt 0.6456 0.2041 0.0000
vt 0.6501 0.2143 0.0000
vt 0.1762 0.9739 0.0000
vt 0.7834 0.6132 0.0000
vt 0.7801 0.6426 0.0000
vt 0.7749 0.6185 0.0000
vt 0.0989 0.7262 0.0000
vt 0.3609 0.7664 0.0000
vt 0.3614 0.7681 0.0000
vt 0.3462 0.7704 0.0000
vt 0.9626 0.2607 0.0000
vt 0.1269 0.3543 0.0000
vt 0.1268 0.3543 0.0000
vt 0.1268 0.3542 0.0000
vt 0.5653 0.7062 0.0000
vt 0.5652 0.7060 0.0000
vt 0.3470 0.7730 0.0000
vt 0.1264 0.3560 0.0000
vt 0.1226 0.3721 0.0000
vt 0.2812 0.1479 0.0000
vt 0.7699 0.6426 0.0000
vt 0.3985 0.7931 0.0000
vt 0.3952 0.7691 0.0000
vt 0.2840 0.1521 0.0000
vt 0.6535 0.8212 0.0000
vt 0.6537 0.8442 0.0000
vt 0.6506 0.8479 0.0000
vt 0.1204 0.3815 0.0000
vt 0.7389 0.3000 0.0000
vt 0.7510 0.3016 0.0000
vt 0.7510 0.3091 0.0000
vt 0.6503 0.8176 0.0000
vt 0.4718 0.0292 0.0000
vt 0.3407 0.7663 0.0000
vt 0.3610 0.7663 0.0000
vt 0.3433 0.7669 0.0000
vt 0.1942 0.6189 0.0000
vt 0.2101 0.6210 0.0000
vt 0.2073 0.6210 0.0000
vt 0.3465 0.7704 0.0000
vt 0.5634 0.6457 0.0000
vt 0.5634 0.6519 0.0000
vt 0.5606 0.6457 0.0000
vt 0.3466 0.7709 0.0000
vt 0.7725 0.6872 0.0000
vt 0.7710 0.6862 0.0000
vt 0.7710 0.6828 0.0000
vt 0.7987 0.9343 0.0000
vt 0.8019 0.9332 0.0000
vt 0.8034 0.9343 0.0000
vt 0.3396 0.7937 0.0000
vt 0.3646 0.7843 0.0000
vt 0.5606 0.6519 0.0000
vt 0.3611 0.7663 0.0000
vt 0.3396 0.7669 0.0000
vt 0.9703 0.7245 0.0000
vt 0.9780 0.7246 0.0000
vt 0.9711 0.7305 0.0000
vt 0.5436 0.6900 0.0000
vt 0.5518 0.6932 0.0000
vt 0.5518 0.6874 0.0000
vt 0.4776 0.9747 0.0000
vt 0.4776 0.9823 0.0000
vt 0.3665 0.7937 0.0000
vt 0.1502 0.0242 0.0000
vt 0.4694 0.9830 0.0000
vt 0.1581 0.7629 0.0000
vt 0.1701 0.7566 0.0000
vt 0.1541 0.7686 0.0000
vt 0.6920 0.0734 0.0000
vt 0.6921 0.0734 0.0000
vt 0.7050 0.0706 0.0000
vt 0.6394 0.2072 0.0000
vt 0.9512 0.8062 0.0000
vt 0.9500 0.8116 0.0000
vt 0.9471 0.7987 0.0000
vt 0.9935 0.7718 0.0000
vt 0.9936 0.7663 0.0000
vt 0.9936 0.7718 0.0000
vt 0.6249 0.1612 0.0000
vt 0.6307 0.1585 0.0000
vt 0.1514 0.0215 0.0000
vt 0.5518 0.7058 0.0000
vt 0.5436 0.7025 0.0000
vt 0.0480 0.6314 0.0000
vt 0.8755 0.3746 0.0000
vt 0.2937 0.1467 0.0000
vt 0.2878 0.1592 0.0000
vt 0.2861 0.1553 0.0000
vt 0.8755 0.3619 0.0000
vt 0.1863 0.7635 0.0000
vt 0.8774 0.3748 0.0000
vt 0.8892 0.3876 0.0000
vt 0.8774 0.3850 0.0000
vt 0.8892 0.3775 0.0000
vt 0.4501 0.5288 0.0000
vt 0.4287 0.5394 0.0000
vt 0.4265 0.5369 0.0000
vt 0.2101 0.6181 0.0000
vt 0.1986 0.6210 0.0000
vt 0.5519 0.6457 0.0000
vt 0.7709 0.6966 0.0000
vt 0.1450 0.9130 0.0000
vt 0.1450 0.9201 0.0000
vt 0.0486 0.6460 0.0000
vt 0.0436 0.6472 0.0000
vt 0.1346 0.0338 0.0000
vt 0.1396 0.0390 0.0000
vt 0.1356 0.0338 0.0000
vt 0.3688 0.1310 0.0000
vt 0.3633 0.1390 0.0000
vt 0.3694 0.1515 0.0000
vt 0.5063 0.9106 0.0000
vt 0.5109 0.8868 0.0000
vt 0.5128 0.8872 0.0000
vt 0.1169 0.6741 0.0000
vt 0.1198 0.6567 0.0000
vt 0.1226 0.6503 0.0000
vt 0.1285 0.0063 0.0000
vt 0.1206 0.6703 0.0000
vt 0.1900 0.6181 0.0000
vt 0.1903 0.6148 0.0000
vt 0.9028 0.3804 0.0000
vt 0.9028 0.3904 0.0000
vt 0.8911 0.3778 0.0000
vt 0.4560 0.7796 0.0000
vt 0.4578 0.7863 0.0000
vt 0.4555 0.7816 0.0000
vt 0.3289 0.4648 0.0000
vt 0.3210 0.4666 0.0000
vt 0.3335 0.4837 0.0000
vt 0.4824 0.7755 0.0000
vt 0.4824 0.7940 0.0000
vt 0.4758 0.7834 0.0000
vt 0.4750 0.7755 0.0000
vt 0.5206 0.8567 0.0000
vt 0.4847 0.9628 0.0000
vt 0.4957 0.9628 0.0000
vt 0.4847 0.9830 0.0000
vt 0.1355 0.0333 0.0000
vt 0.1357 0.0332 0.0000
vt 0.1355 0.0332 0.0000
vt 0.6586 0.8007 0.0000
vt 0.6726 0.7987 0.0000
vt 0.6588 0.8016 0.0000
vt 0.6542 0.8026 0.0000
vt 0.6512 0.8037 0.0000
vt 0.6503 0.8035 0.0000
vt 0.6528 0.7931 0.0000
vt 0.5390 0.7344 0.0000
vt 0.5390 0.7340 0.0000
vt 0.5552 0.7341 0.0000
vt 0.5555 0.7338 0.0000
vt 0.5555 0.7341 0.0000
vt 0.1301 0.0063 0.0000
vt 0.1301 0.0052 0.0000
vt 0.1351 0.0311 0.0000
vt 0.8543 0.5900 0.0000
vt 0.8632 0.5945 0.0000
vt 0.8544 0.5907 0.0000
vt 0.8542 0.5906 0.0000
vt 0.8542 0.5905 0.0000
vt 0.8539 0.5927 0.0000
vt 0.8628 0.5974 0.0000
vt 0.8507 0.6175 0.0000
vt 0.8684 0.6175 0.0000
vt 0.2125 0.1301 0.0000
vt 0.2236 0.1383 0.0000
vt 0.2201 0.1416 0.0000
vt 0.7152 0.6165 0.0000
vt 0.7446 0.6132 0.0000
vt 0.7393 0.6218 0.0000
vt 0.7145 0.9008 0.0000
vt 0.2111 0.1336 0.0000
vt 0.2097 0.1289 0.0000
vt 0.3152 0.1281 0.0000
vt 0.3101 0.1263 0.0000
vt 0.3101 0.1113 0.0000
vt 0.8657 0.5906 0.0000
vt 0.8674 0.5900 0.0000
vt 0.6457 0.6781 0.0000
vt 0.6479 0.6862 0.0000
vt 0.6457 0.6958 0.0000
vt 0.7106 0.9162 0.0000
vt 0.7218 0.9164 0.0000
vt 0.7113 0.8868 0.0000
vt 0.6338 0.0056 0.0000
vt 0.6335 0.0140 0.0000
vt 0.6292 0.0056 0.0000
vt 0.5196 0.1126 0.0000
vt 0.5226 0.0956 0.0000
vt 0.5318 0.1131 0.0000
vt 0.5348 0.0961 0.0000
vt 0.5342 0.1131 0.0000
vt 0.5463 0.1136 0.0000
vt 0.8925 0.4588 0.0000
vt 0.9274 0.4415 0.0000
vt 0.3372 0.1219 0.0000
vt 0.3363 0.1252 0.0000
vt 0.3349 0.1206 0.0000
vt 0.6288 0.0140 0.0000
vt 0.3476 0.1177 0.0000
vt 0.3450 0.1337 0.0000
vt 0.3539 0.1269 0.0000
vt 0.5619 0.1217 0.0000
vt 0.5485 0.1250 0.0000
vt 0.5473 0.1212 0.0000
vt 0.5631 0.1255 0.0000
vt 0.5487 0.1137 0.0000
vt 0.5609 0.1142 0.0000
vt 0.9428 0.5042 0.0000
vt 0.9554 0.5068 0.0000
vt 0.9616 0.5113 0.0000
vt 0.5344 0.0204 0.0000
vt 0.9442 0.4321 0.0000
vt 0.9241 0.5158 0.0000
vt 0.9241 0.5203 0.0000
vt 0.9054 0.5230 0.0000
vt 0.4801 0.0828 0.0000
vt 0.4806 0.0852 0.0000
vt 0.8476 0.8814 0.0000
vt 0.8367 0.8503 0.0000
vt 0.8370 0.8503 0.0000
vt 0.9440 0.4360 0.0000
vt 0.9440 0.4363 0.0000
vt 0.8324 0.8497 0.0000
vt 0.0527 0.0332 0.0000
vt 0.0599 0.0307 0.0000
vt 0.8911 0.3878 0.0000
vt 0.5061 0.0817 0.0000
vt 0.4941 0.0822 0.0000
vt 0.3463 0.4032 0.0000
vt 0.3210 0.3967 0.0000
vt 0.3519 0.3739 0.0000
vt 0.9401 0.5275 0.0000
vt 0.3266 0.3674 0.0000
vt 0.4915 0.0970 0.0000
vt 0.0494 0.6606 0.0000
vt 0.0443 0.6618 0.0000
vt 0.1655 0.9767 0.0000
vt 0.1630 0.9774 0.0000
vt 0.1631 0.9767 0.0000
vt 0.7516 0.8577 0.0000
vt 0.7512 0.8550 0.0000
vt 0.7511 0.8580 0.0000
vt 0.3674 0.3353 0.0000
vt 0.3702 0.3210 0.0000
vt 0.3702 0.3358 0.0000
vt 0.7477 0.8594 0.0000
vt 0.7483 0.8591 0.0000
vt 0.2022 0.7245 0.0000
vt 0.2194 0.7274 0.0000
vt 0.2261 0.7302 0.0000
vt 0.2061 0.7281 0.0000
vt 0.1605 0.9767 0.0000
vt 0.9241 0.5296 0.0000
vt 0.9241 0.5251 0.0000
vt 0.1635 0.9774 0.0000
vt 0.7881 0.9839 0.0000
vt 0.7802 0.9549 0.0000
vt 0.8164 0.9761 0.0000
vt 0.9163 0.3932 0.0000
vt 0.9048 0.3906 0.0000
vt 0.9048 0.3807 0.0000
vt 0.7669 0.3125 0.0000
vt 0.7697 0.3060 0.0000
vt 0.7806 0.3156 0.0000
vt 0.4945 0.0846 0.0000
vt 0.2020 0.7152 0.0000
vt 0.7814 0.3086 0.0000
vt 0.9214 0.3966 0.0000
vt 0.9214 0.3842 0.0000
vt 0.9080 0.5185 0.0000
vt 0.7085 0.2269 0.0000
vt 0.4822 0.0603 0.0000
vt 0.4701 0.0609 0.0000
vt 0.1584 0.7163 0.0000
vt 0.1701 0.7102 0.0000
vt 0.1541 0.7222 0.0000
vt 0.7697 0.2885 0.0000
vt 0.7669 0.2927 0.0000
vt 0.5993 0.6351 0.0000
vt 0.6048 0.6504 0.0000
vt 0.6011 0.6515 0.0000
vt 0.6023 0.6318 0.0000
vt 0.9198 0.2716 0.0000
vt 0.9008 0.2236 0.0000
vt 0.9222 0.2717 0.0000
vt 0.8868 0.5305 0.0000
vt 0.8919 0.5260 0.0000
vt 0.4841 0.0604 0.0000
vt 0.4961 0.0599 0.0000
vt 0.4823 0.0704 0.0000
vt 0.4944 0.0699 0.0000
vt 0.5083 0.0694 0.0000
vt 0.4963 0.0699 0.0000
vt 0.5205 0.8597 0.0000
vt 0.7222 0.2321 0.0000
vt 0.9054 0.5323 0.0000
vt 0.9081 0.5278 0.0000
vt 0.5204 0.8627 0.0000
vt 0.5865 0.6485 0.0000
vt 0.5678 0.6510 0.0000
vt 0.5831 0.6457 0.0000
vt 0.5668 0.6475 0.0000
vt 0.8868 0.5398 0.0000
vt 0.8922 0.5353 0.0000
vt 0.6815 0.8173 0.0000
vt 0.6816 0.8201 0.0000
vt 0.6761 0.8173 0.0000
vt 0.7492 0.3126 0.0000
vt 0.4981 0.0600 0.0000
vt 0.5100 0.0595 0.0000
vt 0.6826 0.8232 0.0000
vt 0.7561 0.3027 0.0000
vt 0.5128 0.8718 0.0000
vt 0.5188 0.8685 0.0000
vt 0.5181 0.8713 0.0000
vt 0.7561 0.2853 0.0000
vt 0.7676 0.3053 0.0000
vt 0.7676 0.2879 0.0000
vt 0.9017 0.2381 0.0000
vt 0.9202 0.2833 0.0000
vt 0.9026 0.2526 0.0000
vt 0.5476 0.8500 0.0000
vt 0.9198 0.2744 0.0000
vt 0.9198 0.2804 0.0000
vt 0.8590 0.7107 0.0000
vt 0.8669 0.7106 0.0000
vt 0.5740 0.5987 0.0000
vt 0.6182 0.6009 0.0000
vt 0.5765 0.6003 0.0000
vt 0.4320 0.5639 0.0000
vt 0.4285 0.5585 0.0000
vt 0.4354 0.5558 0.0000
vt 0.6048 0.5947 0.0000
vt 0.5715 0.5971 0.0000
vt 0.1123 0.6930 0.0000
vt 0.1158 0.6920 0.0000
vt 0.1176 0.7081 0.0000
vt 0.4391 0.5637 0.0000
vt 0.9163 0.3833 0.0000
vt 0.8183 0.6820 0.0000
vt 0.8021 0.6735 0.0000
vt 0.8248 0.6786 0.0000
vt 0.7987 0.6776 0.0000
vt 0.9246 0.4409 0.0000
vt 0.9048 0.3684 0.0000
vt 0.4433 0.5251 0.0000
vt 0.0222 0.6884 0.0000
vt 0.4479 0.5329 0.0000
vt 0.1909 0.6078 0.0000
vt 0.3220 0.1289 0.0000
vt 0.3206 0.1336 0.0000
vt 0.3192 0.1301 0.0000
vt 0.5606 0.6615 0.0000
vt 0.5519 0.6541 0.0000
vt 0.7366 0.3072 0.0000
vt 0.5519 0.6608 0.0000
vt 0.7222 0.3052 0.0000
vt 0.7245 0.2979 0.0000
vt 0.7389 0.2828 0.0000
vt 0.7366 0.2996 0.0000
vt 0.3081 0.1383 0.0000
vt 0.5085 0.0839 0.0000
vt 0.1588 0.7533 0.0000
vt 0.1701 0.7472 0.0000
vt 0.1541 0.7593 0.0000
vt 0.4767 0.7281 0.0000
vt 0.4741 0.7199 0.0000
vt 0.4889 0.7199 0.0000
vt 0.7481 0.8727 0.0000
vt 0.7510 0.8584 0.0000
vt 0.1312 0.0324 0.0000
vt 0.1372 0.0338 0.0000
vt 0.7431 0.7755 0.0000
vt 0.7431 0.7756 0.0000
vt 0.1630 0.9767 0.0000
vt 0.1626 0.9767 0.0000
vt 0.5579 0.8874 0.0000
vt 0.5653 0.8921 0.0000
vt 0.5517 0.8891 0.0000
vt 0.7510 0.8579 0.0000
vt 0.0449 0.5158 0.0000
vt 0.0335 0.5158 0.0000
vt 0.5087 0.8938 0.0000
vt 0.5060 0.9078 0.0000
vt 0.4973 0.8970 0.0000
vt 0.6550 0.7859 0.0000
vt 0.6551 0.7832 0.0000
vt 0.6684 0.7802 0.0000
vt 0.5506 0.8501 0.0000
vt 0.6545 0.7860 0.0000
vt 0.6544 0.7861 0.0000
vt 0.5536 0.8501 0.0000
vt 0.9193 0.4397 0.0000
vt 0.9218 0.4402 0.0000
vt 0.8637 0.4549 0.0000
vt 0.5069 0.9075 0.0000
vt 0.5051 0.9253 0.0000
vt 0.8781 0.4569 0.0000
vt 0.1312 0.0245 0.0000
vt 0.5351 0.8937 0.0000
vt 0.5344 0.8939 0.0000
vt 0.9106 0.4338 0.0000
vt 0.9106 0.4378 0.0000
vt 0.8637 0.4351 0.0000
vt 0.8628 0.5945 0.0000
vt 0.8539 0.5906 0.0000
vt 0.9190 0.4396 0.0000
vt 0.4205 0.1390 0.0000
vt 0.4241 0.1403 0.0000
vt 0.4145 0.1515 0.0000
vt 0.6991 0.1051 0.0000
vt 0.6996 0.0929 0.0000
vt 0.6848 0.0590 0.0000
vt 0.6865 0.0748 0.0000
vt 0.6809 0.0601 0.0000
vt 0.7245 0.7663 0.0000
vt 0.7245 0.7523 0.0000
vt 0.7328 0.7528 0.0000
vt 0.8973 0.6290 0.0000
vt 0.6871 0.1054 0.0000
vt 0.6990 0.1075 0.0000
vt 0.6986 0.1196 0.0000
vt 0.7328 0.7671 0.0000
vt 0.4384 0.1363 0.0000
vt 0.4422 0.1334 0.0000
vt 0.2700 0.7088 0.0000
vt 0.2725 0.7085 0.0000
vt 0.9241 0.4880 0.0000
vt 0.2808 0.7080 0.0000
vt 0.2725 0.7113 0.0000
vt 0.2808 0.7108 0.0000
vt 0.2342 0.1484 0.0000
vt 0.2202 0.1444 0.0000
vt 0.7078 0.3033 0.0000
vt 0.7204 0.3087 0.0000
vt 0.2164 0.1416 0.0000
vt 0.5350 0.6781 0.0000
vt 0.5307 0.6863 0.0000
vt 0.5184 0.6781 0.0000
vt 0.5158 0.6863 0.0000
vt 0.2467 0.5407 0.0000
vt 0.7060 0.3068 0.0000
vt 0.7222 0.2977 0.0000
vt 0.7101 0.2960 0.0000
vt 0.1587 0.7719 0.0000
vt 0.1701 0.7659 0.0000
vt 0.1541 0.7779 0.0000
vt 0.2380 0.1467 0.0000
vt 0.7101 0.2788 0.0000
vt 0.7222 0.2854 0.0000
vt 0.7295 0.1397 0.0000
vt 0.7300 0.1275 0.0000
vt 0.7368 0.1410 0.0000
vt 0.7629 0.4555 0.0000
vt 0.8333 0.4649 0.0000
vt 0.8314 0.4701 0.0000
vt 0.7348 0.3107 0.0000
vt 0.7351 0.8984 0.0000
vt 0.7349 0.8985 0.0000
vt 0.8518 0.2471 0.0000
vt 0.8311 0.2662 0.0000
vt 0.8500 0.2357 0.0000
vt 0.4580 0.7869 0.0000
vt 0.4555 0.7940 0.0000
vt 0.6985 0.1532 0.0000
vt 0.7133 0.1558 0.0000
vt 0.6990 0.1652 0.0000
vt 0.4543 0.7691 0.0000
vt 0.4510 0.7931 0.0000
vt 0.4466 0.7663 0.0000
vt 0.4583 0.5548 0.0000
vt 0.4390 0.5614 0.0000
vt 0.5390 0.6824 0.0000
vt 0.5575 0.6781 0.0000
vt 0.5400 0.6831 0.0000
vt 0.5411 0.6878 0.0000
vt 0.5402 0.6876 0.0000
vt 0.3156 0.4679 0.0000
vt 0.3184 0.4685 0.0000
vt 0.1312 0.0063 0.0000
vt 0.1297 0.0063 0.0000
vt 0.1299 0.0010 0.0000
vt 0.8319 0.2489 0.0000
vt 0.8391 0.2736 0.0000
vt 0.8362 0.2771 0.0000
vt 0.1293 0.0063 0.0000
vt 0.0939 0.5713 0.0000
vt 0.1099 0.5692 0.0000
vt 0.1126 0.5737 0.0000
vt 0.0939 0.5668 0.0000
vt 0.3164 0.6401 0.0000
vt 0.2947 0.6366 0.0000
vt 0.3157 0.6364 0.0000
vt 0.4627 0.5557 0.0000
vt 0.9014 0.8508 0.0000
vt 0.9274 0.8497 0.0000
vt 0.9268 0.8796 0.0000
vt 0.7152 0.6267 0.0000
vt 0.7393 0.6397 0.0000
vt 0.7446 0.6391 0.0000
vt 0.7380 0.1712 0.0000
vt 0.7311 0.1708 0.0000
vt 0.7305 0.1589 0.0000
vt 0.2703 0.4814 0.0000
vt 0.2757 0.4797 0.0000
vt 0.1314 0.5808 0.0000
vt 0.1259 0.5763 0.0000
vt 0.7139 0.1678 0.0000
vt 0.8491 0.1772 0.0000
vt 0.8599 0.1804 0.0000
vt 0.8521 0.1833 0.0000
vt 0.0600 0.0307 0.0000
vt 0.8684 0.5906 0.0000
vt 0.4436 0.7663 0.0000
vt 0.4436 0.7931 0.0000
vt 0.8359 0.2529 0.0000
vt 0.5538 0.7386 0.0000
vt 0.5390 0.7389 0.0000
vt 0.5537 0.7384 0.0000
vt 0.5390 0.7387 0.0000
vt 0.3280 0.0292 0.0000
vt 0.3390 0.0288 0.0000
vt 0.3253 0.0487 0.0000
vt 0.3349 0.6785 0.0000
vt 0.3357 0.6781 0.0000
vt 0.3438 0.6973 0.0000
vt 0.4741 0.6502 0.0000
vt 0.4900 0.6622 0.0000
vt 0.4867 0.6632 0.0000
vt 0.4832 0.6631 0.0000
vt 0.4799 0.6620 0.0000
vt 0.4771 0.6599 0.0000
vt 0.4741 0.6537 0.0000
vt 0.4751 0.6570 0.0000
vt 0.3136 0.6668 0.0000
vt 0.3133 0.6438 0.0000
vt 0.5956 0.2515 0.0000
vt 0.4774 0.6441 0.0000
vt 0.4802 0.6421 0.0000
vt 0.4753 0.6469 0.0000
vt 0.4836 0.6410 0.0000
vt 0.4871 0.6411 0.0000
vt 0.4904 0.6422 0.0000
vt 0.4932 0.6443 0.0000
vt 0.4952 0.6472 0.0000
vt 0.1063 0.8709 0.0000
vt 0.1057 0.8590 0.0000
vt 0.1286 0.8699 0.0000
vt 0.4929 0.6602 0.0000
vt 0.4962 0.6505 0.0000
vt 0.4962 0.6540 0.0000
vt 0.4950 0.6574 0.0000
vt 0.6142 0.7709 0.0000
vt 0.6176 0.7956 0.0000
vt 0.6142 0.7956 0.0000
vt 0.6108 0.9426 0.0000
vt 0.6136 0.9484 0.0000
vt 0.6062 0.9487 0.0000
vt 0.8405 0.8297 0.0000
vt 0.8651 0.8331 0.0000
vt 0.8405 0.8331 0.0000
vt 0.8651 0.8366 0.0000
vt 0.8405 0.8366 0.0000
vt 0.8405 0.8397 0.0000
vt 0.9069 0.1963 0.0000
vt 0.7510 0.2844 0.0000
vt 0.8373 0.8297 0.0000
vt 0.8126 0.8331 0.0000
vt 0.8126 0.8297 0.0000
vt 0.1715 0.7516 0.0000
vt 0.7814 0.2911 0.0000
vt 0.0337 0.0368 0.0000
vt 0.0366 0.0331 0.0000
vt 0.6402 0.6567 0.0000
vt 0.6178 0.6503 0.0000
vt 0.6402 0.6503 0.0000
vt 0.6085 0.2504 0.0000
vt 0.6049 0.2556 0.0000
vt 0.5981 0.2457 0.0000
vt 0.2495 0.5980 0.0000
vt 0.2322 0.6054 0.0000
vt 0.2304 0.5991 0.0000
vt 0.7814 0.2761 0.0000
vt 0.2143 0.6111 0.0000
vt 0.2161 0.6174 0.0000
vt 0.6178 0.6567 0.0000
vt 0.1863 0.7449 0.0000
vt 0.1875 0.7492 0.0000
vt 0.8088 0.3151 0.0000
vt 0.7969 0.3125 0.0000
vt 0.8088 0.2974 0.0000
vt 0.2179 0.6053 0.0000
vt 0.2316 0.5940 0.0000
vt 0.6089 0.2236 0.0000
vt 0.6038 0.2453 0.0000
vt 0.0558 0.0331 0.0000
vt 0.2478 0.5917 0.0000
vt 0.7969 0.2948 0.0000
vt 0.8088 0.2822 0.0000
vt 0.2465 0.5872 0.0000
vt 0.2664 0.5891 0.0000
vt 0.2682 0.5955 0.0000
vt 0.2743 0.4939 0.0000
vt 0.2061 0.7467 0.0000
vt 0.2686 0.4816 0.0000
vt 0.8820 0.4617 0.0000
vt 0.8947 0.4646 0.0000
vt 0.8936 0.4688 0.0000
vt 0.8793 0.4656 0.0000
vt 0.2628 0.5854 0.0000
vt 0.8745 0.2133 0.0000
vt 0.8707 0.2317 0.0000
vt 0.8598 0.2123 0.0000
vt 0.9106 0.4385 0.0000
vt 0.9127 0.4388 0.0000
vt 0.8088 0.2695 0.0000
vt 0.7969 0.2566 0.0000
vt 0.8088 0.2593 0.0000
vt 0.5765 0.9484 0.0000
vt 0.5691 0.9488 0.0000
vt 0.5737 0.9426 0.0000
vt 0.5629 0.8512 0.0000
vt 0.5656 0.8578 0.0000
vt 0.5651 0.8515 0.0000
vt 0.2864 0.5912 0.0000
vt 0.2881 0.5976 0.0000
vt 0.2804 0.5881 0.0000
vt 0.1693 0.1850 0.0000
vt 0.1756 0.1842 0.0000
vt 0.1763 0.1988 0.0000
vt 0.8227 0.2097 0.0000
vt 0.5417 0.8917 0.0000
vt 0.5626 0.8961 0.0000
vt 0.5400 0.8923 0.0000
vt 0.5396 0.8924 0.0000
vt 0.1599 0.1647 0.0000
vt 0.1749 0.1696 0.0000
vt 0.1686 0.1704 0.0000
vt 0.5489 0.8895 0.0000
vt 0.5427 0.8913 0.0000
vt 0.2024 0.7431 0.0000
vt 0.2197 0.7459 0.0000
vt 0.2261 0.7488 0.0000
vt 0.1678 0.1559 0.0000
vt 0.1742 0.1550 0.0000
vt 0.1578 0.8001 0.0000
vt 0.1701 0.7937 0.0000
vt 0.1541 0.8058 0.0000
vt 0.1684 0.1683 0.0000
vt 0.7942 0.3186 0.0000
vt 0.7942 0.2988 0.0000
vt 0.8078 0.3217 0.0000
vt 0.8049 0.3250 0.0000
vt 0.7697 0.2735 0.0000
vt 0.7833 0.3093 0.0000
vt 0.7951 0.3119 0.0000
vt 0.1717 0.7051 0.0000
vt 0.4247 0.5504 0.0000
vt 0.4259 0.5531 0.0000
vt 0.4197 0.5331 0.0000
vt 0.4196 0.5396 0.0000
vt 0.4184 0.5336 0.0000
vt 0.9246 0.4148 0.0000
vt 0.7863 0.8516 0.0000
vt 0.7899 0.8503 0.0000
vt 0.7848 0.8532 0.0000
vt 0.7848 0.8516 0.0000
vt 0.0353 0.6883 0.0000
vt 0.7358 0.2373 0.0000
vt 0.9241 0.4787 0.0000
vt 0.7697 0.2610 0.0000
vt 0.9241 0.4832 0.0000
vt 0.7551 0.7115 0.0000
vt 0.7523 0.6972 0.0000
vt 0.7551 0.6967 0.0000
vt 0.0364 0.6760 0.0000
vt 0.4251 0.4963 0.0000
vt 0.4234 0.5051 0.0000
vt 0.4241 0.4991 0.0000
vt 0.3648 0.4048 0.0000
vt 0.3646 0.4089 0.0000
vt 0.3499 0.4088 0.0000
vt 0.9190 0.4135 0.0000
vt 0.9130 0.4131 0.0000
vt 0.7125 0.1419 0.0000
vt 0.6984 0.1511 0.0000
vt 0.6979 0.1393 0.0000
vt 0.1868 0.0031 0.0000
vt 0.2319 0.0038 0.0000
vt 0.1827 0.0088 0.0000
vt 0.9657 0.7431 0.0000
vt 0.9678 0.7507 0.0000
vt 0.1097 0.5878 0.0000
vt 0.1256 0.5949 0.0000
vt 0.1126 0.5922 0.0000
vt 0.7179 0.1538 0.0000
vt 0.1808 0.0068 0.0000
vt 0.1851 0.0010 0.0000
vt 0.6730 0.8210 0.0000
vt 0.8637 0.4029 0.0000
vt 0.9102 0.4153 0.0000
vt 0.9106 0.4174 0.0000
vt 0.9214 0.3938 0.0000
vt 0.9214 0.3840 0.0000
vt 0.9335 0.3954 0.0000
vt 0.9335 0.3856 0.0000
vt 0.8637 0.3906 0.0000
vt 0.9214 0.3718 0.0000
vt 0.9335 0.3734 0.0000
vt 0.0489 0.6927 0.0000
vt 0.0435 0.6934 0.0000
vt 0.6868 0.1630 0.0000
vt 0.6862 0.1511 0.0000
vt 0.4762 0.6874 0.0000
vt 0.4611 0.6927 0.0000
vt 0.4602 0.6892 0.0000
vt 0.5612 0.8876 0.0000
vt 0.5639 0.8868 0.0000
vt 0.4278 0.5104 0.0000
vt 0.9479 0.3972 0.0000
vt 0.9359 0.3955 0.0000
vt 0.9359 0.3858 0.0000
vt 0.4231 0.5079 0.0000
vt 0.0340 0.7030 0.0000
vt 0.0351 0.6908 0.0000
vt 0.3093 0.2710 0.0000
vt 0.3011 0.3119 0.0000
vt 0.3082 0.2682 0.0000
vt 0.2978 0.2975 0.0000
vt 0.3071 0.2654 0.0000
vt 0.8925 0.3945 0.0000
vt 0.2349 0.0221 0.0000
vt 0.1832 0.0215 0.0000
vt 0.9102 0.4129 0.0000
vt 0.9243 0.2724 0.0000
vt 0.9131 0.2245 0.0000
vt 0.9298 0.2727 0.0000
vt 0.0753 0.5834 0.0000
vt 0.0567 0.5910 0.0000
vt 0.0626 0.5863 0.0000
vt 0.7494 0.2281 0.0000
vt 0.0939 0.5899 0.0000
vt 0.5221 0.0689 0.0000
vt 0.5103 0.0694 0.0000
vt 0.5239 0.0591 0.0000
vt 0.0939 0.5854 0.0000
vt 0.7008 0.1508 0.0000
vt 0.9479 0.3874 0.0000
vt 0.0782 0.5788 0.0000
vt 0.2261 0.7116 0.0000
vt 0.2061 0.7095 0.0000
vt 0.2020 0.7060 0.0000
vt 0.0985 0.6039 0.0000
vt 0.1142 0.6063 0.0000
vt 0.0986 0.6085 0.0000
vt 0.2189 0.7089 0.0000
vt 0.5273 0.0688 0.0000
vt 0.1173 0.6109 0.0000
vt 0.6984 0.1220 0.0000
vt 0.7130 0.1245 0.0000
vt 0.6979 0.1342 0.0000
vt 0.5294 0.0567 0.0000
vt 0.7002 0.1346 0.0000
vt 0.7173 0.1376 0.0000
vt 0.0939 0.5807 0.0000
vt 0.5247 0.0834 0.0000
vt 0.5200 0.0810 0.0000
vt 0.5120 0.0597 0.0000
vt 0.5082 0.0816 0.0000
vt 0.9399 0.4811 0.0000
vt 0.1875 0.7120 0.0000
vt 0.1863 0.7077 0.0000
vt 0.5056 0.0963 0.0000
vt 0.9479 0.3753 0.0000
vt 0.9359 0.3737 0.0000
vt 0.9479 0.3606 0.0000
vt 0.8522 0.2499 0.0000
vt 0.8321 0.2807 0.0000
vt 0.8999 0.4695 0.0000
vt 0.9002 0.4656 0.0000
vt 0.0304 0.0075 0.0000
vt 0.0341 0.0112 0.0000
vt 0.1875 0.7028 0.0000
vt 0.2885 0.4978 0.0000
vt 0.1863 0.6984 0.0000
vt 0.8085 0.9471 0.0000
vt 0.7669 0.2753 0.0000
vt 0.8537 0.3111 0.0000
vt 0.8536 0.2640 0.0000
vt 0.8542 0.2641 0.0000
vt 0.8535 0.2619 0.0000
vt 0.7338 0.6503 0.0000
vt 0.7338 0.6661 0.0000
vt 0.7338 0.6663 0.0000
vt 0.7607 0.6663 0.0000
vt 0.7607 0.6661 0.0000
vt 0.1655 0.7010 0.0000
vt 0.1540 0.7070 0.0000
vt 0.1671 0.6957 0.0000
vt 0.1494 0.7130 0.0000
vt 0.7510 0.2893 0.0000
vt 0.1828 0.6936 0.0000
vt 0.5251 0.0811 0.0000
vt 0.1126 0.5831 0.0000
vt 0.1096 0.5785 0.0000
vt 0.1254 0.5856 0.0000
vt 0.1314 0.5902 0.0000
vt 0.5217 0.1005 0.0000
vt 0.0939 0.5761 0.0000
vt 0.1816 0.6891 0.0000
vt 0.7510 0.2719 0.0000
vt 0.7561 0.2704 0.0000
vt 0.0534 0.0112 0.0000
vt 0.0309 0.5112 0.0000
vt 0.0269 0.5113 0.0000
vt 0.0282 0.4956 0.0000
vt 0.2795 0.5011 0.0000
vt 0.0242 0.4926 0.0000
vt 0.1355 0.5672 0.0000
vt 0.8072 0.3510 0.0000
vt 0.8542 0.3544 0.0000
vt 0.8073 0.3517 0.0000
vt 0.1414 0.5888 0.0000
vt 0.8051 0.3507 0.0000
vt 0.6206 0.0140 0.0000
vt 0.6211 0.0056 0.0000
vt 0.0271 0.7032 0.0000
vt 0.0209 0.7032 0.0000
vt 0.0258 0.7180 0.0000
vt 0.0196 0.7179 0.0000
vt 0.0338 0.7054 0.0000
vt 0.0327 0.7178 0.0000
vt 0.6178 0.0140 0.0000
vt 0.7125 0.1367 0.0000
vt 0.7570 0.6971 0.0000
vt 0.7653 0.7107 0.0000
vt 0.7570 0.7114 0.0000
vt 0.1300 0.6135 0.0000
vt 0.1360 0.6180 0.0000
vt 0.3153 0.1416 0.0000
vt 0.3115 0.1444 0.0000
vt 0.3116 0.1416 0.0000
vt 0.3455 0.1363 0.0000
vt 0.3417 0.1334 0.0000
vt 0.2564 0.4654 0.0000
vt 0.2524 0.4593 0.0000
vt 0.2489 0.4468 0.0000
vt 0.6183 0.0056 0.0000
vt 0.3598 0.1403 0.0000
vt 0.7131 0.1537 0.0000
vt 0.7296 0.1449 0.0000
vt 0.2190 0.7738 0.0000
vt 0.2261 0.7766 0.0000
vt 0.2061 0.7745 0.0000
vt 0.5200 0.9448 0.0000
vt 0.5337 0.9478 0.0000
vt 0.5172 0.9452 0.0000
vt 0.5110 0.9469 0.0000
vt 0.2020 0.7709 0.0000
vt 0.0475 0.7074 0.0000
vt 0.0421 0.7081 0.0000
vt 0.6134 0.9604 0.0000
vt 0.6133 0.9633 0.0000
vt 0.6057 0.9697 0.0000
vt 0.6133 0.9663 0.0000
vt 0.6132 0.9690 0.0000
vt 0.2975 0.1484 0.0000
vt 0.7961 0.3493 0.0000
vt 0.8542 0.3346 0.0000
vt 0.7986 0.3498 0.0000
vt 0.8254 0.3307 0.0000
vt 0.8398 0.3326 0.0000
vt 0.7933 0.3486 0.0000
vt 0.5396 0.6192 0.0000
vt 0.5519 0.6293 0.0000
vt 0.5484 0.6319 0.0000
vt 0.2558 0.4467 0.0000
vt 0.2633 0.4653 0.0000
vt 0.6132 0.9693 0.0000
vt 0.6122 0.9757 0.0000
vt 0.9278 0.2255 0.0000
vt 0.8436 0.1410 0.0000
vt 0.7989 0.3499 0.0000
vt 0.2530 0.4281 0.0000
vt 0.9503 0.3976 0.0000
vt 0.9503 0.3878 0.0000
vt 0.9623 0.3992 0.0000
vt 0.6055 0.9784 0.0000
vt 0.6343 0.6180 0.0000
vt 0.6287 0.6133 0.0000
vt 0.6370 0.6132 0.0000
vt 0.5034 0.9493 0.0000
vt 0.5088 0.9579 0.0000
vt 0.5044 0.9558 0.0000
vt 0.5027 0.9495 0.0000
vt 0.7653 0.6967 0.0000
vt 0.8073 0.3557 0.0000
vt 0.2449 0.4438 0.0000
vt 0.2422 0.4282 0.0000
vt 0.2461 0.4281 0.0000
vt 0.6118 0.9778 0.0000
vt 0.9503 0.3757 0.0000
vt 0.9623 0.3773 0.0000
vt 0.9623 0.3895 0.0000
vt 0.5079 0.9481 0.0000
vt 0.5084 0.9480 0.0000
vt 0.5309 0.9518 0.0000
vt 0.5100 0.9473 0.0000
vt 0.1875 0.7770 0.0000
vt 0.1862 0.7726 0.0000
vt 0.8110 0.3287 0.0000
vt 0.7905 0.3480 0.0000
vt 0.7793 0.3455 0.0000
vt 0.7374 0.1573 0.0000
vt 0.2485 0.4094 0.0000
vt 0.9106 0.4334 0.0000
vt 0.6116 0.6066 0.0000
vt 0.6272 0.6039 0.0000
vt 0.6272 0.6078 0.0000
vt 0.6086 0.6105 0.0000
vt 0.4804 0.0044 0.0000
vt 0.5337 0.0052 0.0000
vt 0.5326 0.0178 0.0000
vt 0.1314 0.5993 0.0000
vt 0.4809 0.0172 0.0000
vt 0.9316 0.3066 0.0000
vt 0.4776 0.0058 0.0000
vt 0.8066 0.5183 0.0000
vt 0.8118 0.5167 0.0000
vt 0.8086 0.5214 0.0000
vt 0.6110 0.6182 0.0000
vt 0.7561 0.2581 0.0000
vt 0.7676 0.2730 0.0000
vt 0.8637 0.4177 0.0000
vt 0.9107 0.4318 0.0000
vt 0.7302 0.1567 0.0000
vt 0.4272 0.5558 0.0000
vt 0.4283 0.5582 0.0000
vt 0.8163 0.8165 0.0000
vt 0.8080 0.8159 0.0000
vt 0.8163 0.8039 0.0000
vt 0.8526 0.2527 0.0000
vt 0.8330 0.2952 0.0000
vt 0.2842 0.6404 0.0000
vt 0.2907 0.6404 0.0000
vt 0.2842 0.6412 0.0000
vt 0.2938 0.6440 0.0000
vt 0.6086 0.6135 0.0000
vt 0.8587 0.2644 0.0000
vt 0.8583 0.2643 0.0000
vt 0.4686 0.1912 0.0000
vt 0.4283 0.5583 0.0000
vt 0.8339 0.3097 0.0000
vt 0.8530 0.2556 0.0000
vt 0.8265 0.6838 0.0000
vt 0.2941 0.6670 0.0000
vt 0.2842 0.6463 0.0000
vt 0.2842 0.6459 0.0000
vt 0.5814 0.9510 0.0000
vt 0.5860 0.9448 0.0000
vt 0.4648 0.1954 0.0000
vt 0.4332 0.5658 0.0000
vt 0.4632 0.2089 0.0000
vt 0.6053 0.9520 0.0000
vt 0.5850 0.9538 0.0000
vt 0.9724 0.2597 0.0000
vt 0.9767 0.2590 0.0000
vt 0.5844 0.9781 0.0000
vt 0.6047 0.9762 0.0000
vt 0.4613 0.2110 0.0000
vt 0.4575 0.1958 0.0000
vt 0.4631 0.1957 0.0000
vt 0.9705 0.2469 0.0000
vt 0.9745 0.2445 0.0000
vt 0.2840 0.6481 0.0000
vt 0.7131 0.1221 0.0000
vt 0.7135 0.1100 0.0000
vt 0.7185 0.1086 0.0000
vt 0.1706 0.0075 0.0000
vt 0.1673 0.0368 0.0000
vt 0.1645 0.0331 0.0000
vt 0.8530 0.2552 0.0000
vt 0.8530 0.2553 0.0000
vt 0.9008 0.8807 0.0000
vt 0.1669 0.0112 0.0000
vt 0.8497 0.8511 0.0000
vt 0.8790 0.8497 0.0000
vt 0.8511 0.8811 0.0000
vt 0.4605 0.2173 0.0000
vt 0.4509 0.2170 0.0000
vt 0.7987 0.5188 0.0000
vt 0.8015 0.4992 0.0000
vt 0.8094 0.4988 0.0000
vt 0.5344 0.6162 0.0000
vt 0.5445 0.6039 0.0000
vt 0.5515 0.6046 0.0000
vt 0.7374 0.1265 0.0000
vt 0.7179 0.1231 0.0000
vt 0.7380 0.1120 0.0000
vt 0.7304 0.1130 0.0000
vt 0.7299 0.1251 0.0000
vt 0.8483 0.2306 0.0000
vt 0.9428 0.4763 0.0000
vt 0.9397 0.4718 0.0000
vt 0.9553 0.4790 0.0000
vt 0.8562 0.5168 0.0000
vt 0.8101 0.5138 0.0000
vt 0.8585 0.5140 0.0000
vt 0.8496 0.2307 0.0000
vt 0.9616 0.4834 0.0000
vt 0.8781 0.3925 0.0000
vt 0.9218 0.4141 0.0000
vt 0.8533 0.2305 0.0000
vt 0.8424 0.2111 0.0000
vt 0.2304 0.5519 0.0000
vt 0.7141 0.0955 0.0000
vt 0.7311 0.0985 0.0000
vt 0.7136 0.1077 0.0000
vt 0.5290 0.0594 0.0000
vt 0.5412 0.0599 0.0000
vt 0.5273 0.0690 0.0000
vt 0.5395 0.0695 0.0000
vt 0.7689 0.2418 0.0000
vt 0.7666 0.2467 0.0000
vt 0.7969 0.2795 0.0000
vt 0.7191 0.0940 0.0000
vt 0.5371 0.6225 0.0000
vt 0.9397 0.4904 0.0000
vt 0.8460 0.1396 0.0000
vt 0.8464 0.1477 0.0000
vt 0.8485 0.1461 0.0000
vt 0.9136 0.6178 0.0000
vt 0.7942 0.2814 0.0000
vt 0.9106 0.4230 0.0000
vt 0.7951 0.2943 0.0000
vt 0.7833 0.2917 0.0000
vt 0.7951 0.2792 0.0000
vt 0.7386 0.0975 0.0000
vt 0.7418 0.1108 0.0000
vt 0.1714 0.7887 0.0000
vt 0.1875 0.7863 0.0000
vt 0.1863 0.7820 0.0000
vt 0.7806 0.2957 0.0000
vt 0.7424 0.0963 0.0000
vt 0.7306 0.1106 0.0000
vt 0.7833 0.2765 0.0000
vt 0.9428 0.4949 0.0000
vt 0.9554 0.4975 0.0000
vt 0.7833 0.2293 0.0000
vt 0.7689 0.2260 0.0000
vt 0.7707 0.2200 0.0000
vt 0.9616 0.5020 0.0000
vt 0.2143 0.5639 0.0000
vt 0.2323 0.5586 0.0000
vt 0.7806 0.2784 0.0000
vt 0.2162 0.5706 0.0000
vt 0.7810 0.2357 0.0000
vt 0.7689 0.2330 0.0000
vt 0.6735 0.0427 0.0000
vt 0.0567 0.6094 0.0000
vt 0.0628 0.6048 0.0000
vt 0.0783 0.5974 0.0000
vt 0.8073 0.3561 0.0000
vt 0.2910 0.6707 0.0000
vt 0.2839 0.6492 0.0000
vt 0.2840 0.6556 0.0000
vt 0.8623 0.2309 0.0000
vt 0.8584 0.2308 0.0000
vt 0.8673 0.2313 0.0000
vt 0.7814 0.2636 0.0000
vt 0.7676 0.2607 0.0000
vt 0.7969 0.2668 0.0000
vt 0.2022 0.6967 0.0000
vt 0.2061 0.7002 0.0000
vt 0.0753 0.6019 0.0000
vt 0.5863 0.6643 0.0000
vt 0.5857 0.6679 0.0000
vt 0.5701 0.6642 0.0000
vt 0.5668 0.6673 0.0000
vt 0.5540 0.0703 0.0000
vt 0.5418 0.0698 0.0000
vt 0.5557 0.0607 0.0000
vt 0.5397 0.0817 0.0000
vt 0.5435 0.0602 0.0000
vt 0.8761 0.2375 0.0000
vt 0.8750 0.2320 0.0000
vt 0.7833 0.2451 0.0000
vt 0.7810 0.2500 0.0000
vt 0.2843 0.6584 0.0000
vt 0.5763 0.9425 0.0000
vt 0.5493 0.0967 0.0000
vt 0.5508 0.1017 0.0000
vt 0.0069 0.2184 0.0000
vt 0.0202 0.2097 0.0000
vt 0.0208 0.2179 0.0000
vt 0.8151 0.8532 0.0000
vt 0.8152 0.8813 0.0000
vt 0.1974 0.6874 0.0000
vt 0.2015 0.6911 0.0000
vt 0.7954 0.8503 0.0000
vt 0.7957 0.8503 0.0000
vt 0.8151 0.8503 0.0000
vt 0.8101 0.8503 0.0000
vt 0.5372 0.0962 0.0000
vt 0.7510 0.2572 0.0000
vt 0.0939 0.5947 0.0000
vt 0.1095 0.5970 0.0000
vt 0.0939 0.5992 0.0000
vt 0.8000 0.8497 0.0000
vt 0.8058 0.8497 0.0000
vt 0.1126 0.6015 0.0000
vt 0.8581 0.2308 0.0000
vt 0.5519 0.0822 0.0000
vt 0.5299 0.6067 0.0000
vt 0.5472 0.5993 0.0000
vt 0.5309 0.6106 0.0000
vt 0.1252 0.6042 0.0000
vt 0.5374 0.0816 0.0000
vt 0.5362 0.1011 0.0000
vt 0.5686 0.9697 0.0000
vt 0.5646 0.9506 0.0000
vt 0.9137 0.6318 0.0000
vt 0.9309 0.6409 0.0000
vt 0.9290 0.6482 0.0000
vt 0.1554 0.1805 0.0000
vt 0.1606 0.1793 0.0000
vt 0.4462 0.7145 0.0000
vt 0.4467 0.7107 0.0000
vt 0.4627 0.7140 0.0000
vt 0.4656 0.7106 0.0000
vt 0.1314 0.6086 0.0000
vt 0.7496 0.8892 0.0000
vt 0.7513 0.9049 0.0000
vt 0.7458 0.8903 0.0000
vt 0.5762 0.9634 0.0000
vt 0.2025 0.7802 0.0000
vt 0.2061 0.7838 0.0000
vt 0.8542 0.3718 0.0000
vt 0.8072 0.3577 0.0000
vt 0.0222 0.2207 0.0000
vt 0.0250 0.2693 0.0000
vt 0.0214 0.2740 0.0000
vt 0.8868 0.2142 0.0000
vt 0.9241 0.4739 0.0000
vt 0.0257 0.2242 0.0000
vt 0.5151 0.6123 0.0000
vt 0.7833 0.2538 0.0000
vt 0.7951 0.2564 0.0000
vt 0.7951 0.2666 0.0000
vt 0.5112 0.6092 0.0000
vt 0.8776 0.7107 0.0000
vt 0.8854 0.7106 0.0000
vt 0.4839 0.0010 0.0000
vt 0.5291 0.0017 0.0000
vt 0.9241 0.4694 0.0000
vt 0.5761 0.9664 0.0000
vt 0.5761 0.9694 0.0000
vt 0.7833 0.2639 0.0000
vt 0.1477 0.0112 0.0000
vt 0.1212 0.7252 0.0000
vt 0.1548 0.1660 0.0000
vt 0.6110 0.6675 0.0000
vt 0.5947 0.6680 0.0000
vt 0.5951 0.6643 0.0000
vt 0.6140 0.6642 0.0000
vt 0.8655 0.4726 0.0000
vt 0.8620 0.4771 0.0000
vt 0.8603 0.4743 0.0000
vt 0.8635 0.4695 0.0000
vt 0.8782 0.2517 0.0000
vt 0.8953 0.2707 0.0000
vt 0.2916 0.1428 0.0000
vt 0.4932 0.7281 0.0000
vt 0.7697 0.2510 0.0000
vt 0.7814 0.2536 0.0000
vt 0.1541 0.1514 0.0000
vt 0.1592 0.1502 0.0000
vt 0.6356 0.6410 0.0000
vt 0.6132 0.6474 0.0000
vt 0.6132 0.6410 0.0000
vt 0.2194 0.6995 0.0000
vt 0.2261 0.7023 0.0000
vt 0.8836 0.5906 0.0000
vt 0.5577 0.6790 0.0000
vt 0.4277 0.7663 0.0000
vt 0.9564 0.7245 0.0000
vt 0.9645 0.7252 0.0000
vt 0.9564 0.7316 0.0000
vt 0.9529 0.7570 0.0000
vt 0.9425 0.7570 0.0000
vt 0.4517 0.1370 0.0000
vt 0.4509 0.1329 0.0000
vt 0.4601 0.1362 0.0000
vt 0.6066 0.1722 0.0000
vt 0.7561 0.2482 0.0000
vt 0.6901 0.5436 0.0000
vt 0.5286 0.8978 0.0000
vt 0.5340 0.9173 0.0000
vt 0.1415 0.0368 0.0000
vt 0.6356 0.6474 0.0000
vt 0.5993 0.1651 0.0000
vt 0.6028 0.1597 0.0000
vt 0.6093 0.1622 0.0000
vt 0.1452 0.0331 0.0000
vt 0.2855 0.6679 0.0000
vt 0.2844 0.6649 0.0000
vt 0.2855 0.6708 0.0000
vt 0.5641 0.9749 0.0000
vt 0.5684 0.9785 0.0000
vt 0.5745 0.9752 0.0000
vt 0.5737 0.9780 0.0000
vt 0.1448 0.0075 0.0000
vt 0.6275 0.1494 0.0000
vt 0.8804 0.8798 0.0000
vt 0.6043 0.5916 0.0000
vt 0.5626 0.5911 0.0000
vt 0.5601 0.5894 0.0000
vt 0.8962 0.2852 0.0000
vt 0.8972 0.2997 0.0000
vt 0.8787 0.2545 0.0000
vt 0.5575 0.5878 0.0000
vt 0.5909 0.5854 0.0000
vt 0.8791 0.2634 0.0000
vt 0.8981 0.3142 0.0000
vt 0.8791 0.2663 0.0000
vt 0.8841 0.5906 0.0000
vt 0.8841 0.6175 0.0000
vt 0.8836 0.6175 0.0000
vt 0.8791 0.2574 0.0000
vt 0.4277 0.7931 0.0000
vt 0.0984 0.7163 0.0000
vt 0.2978 0.4733 0.0000
vt 0.3574 0.6975 0.0000
vt 0.3578 0.6785 0.0000
vt 0.1208 0.7152 0.0000
vt 0.7406 0.1398 0.0000
vt 0.8721 0.6175 0.0000
vt 0.7412 0.1253 0.0000
vt 0.0095 0.2211 0.0000
vt 0.0018 0.2140 0.0000
vt 0.8215 0.3346 0.0000
vt 0.8179 0.3372 0.0000
vt 0.7937 0.3284 0.0000
vt 0.5807 0.9806 0.0000
vt 0.8637 0.3263 0.0000
vt 0.8755 0.3289 0.0000
vt 0.5113 0.9807 0.0000
vt 0.8774 0.3622 0.0000
vt 0.5075 0.9810 0.0000
vt 0.5019 0.9607 0.0000
vt 0.1875 0.7678 0.0000
vt 0.1714 0.7702 0.0000
vt 0.0022 0.2252 0.0000
vt 0.4841 0.7013 0.0000
vt 0.4836 0.7051 0.0000
vt 0.4677 0.7018 0.0000
vt 0.5140 0.9767 0.0000
vt 0.7974 0.3326 0.0000
vt 0.4648 0.7052 0.0000
vt 0.1701 0.7752 0.0000
vt 0.8782 0.3600 0.0000
vt 0.8782 0.3426 0.0000
vt 0.6522 0.1987 0.0000
vt 0.6737 0.1927 0.0000
vt 0.6553 0.2102 0.0000
vt 0.0214 0.3566 0.0000
vt 0.0412 0.3566 0.0000
vt 0.0196 0.3674 0.0000
vt 0.8558 0.8934 0.0000
vt 0.8594 0.8920 0.0000
vt 0.8071 0.3587 0.0000
vt 0.8653 0.8920 0.0000
vt 0.8649 0.8920 0.0000
vt 0.8695 0.8915 0.0000
vt 0.8753 0.8915 0.0000
vt 0.9564 0.3267 0.0000
vt 0.9408 0.3070 0.0000
vt 0.9455 0.3073 0.0000
vt 0.8892 0.3649 0.0000
vt 0.8892 0.3497 0.0000
vt 0.8911 0.3653 0.0000
vt 0.8071 0.3643 0.0000
vt 0.1187 0.6901 0.0000
vt 0.1231 0.6890 0.0000
vt 0.4626 0.7232 0.0000
vt 0.4462 0.7236 0.0000
vt 0.4467 0.7200 0.0000
vt 0.8919 0.3456 0.0000
vt 0.4656 0.7199 0.0000
vt 0.8919 0.3630 0.0000
vt 0.0063 0.2747 0.0000
vt 0.1254 0.7049 0.0000
vt 0.8774 0.3295 0.0000
vt 0.8892 0.3321 0.0000
vt 0.8774 0.3471 0.0000
vt 0.1665 0.3257 0.0000
vt 0.1680 0.3295 0.0000
vt 0.1638 0.3311 0.0000
vt 0.5116 0.2206 0.0000
vt 0.5128 0.2272 0.0000
vt 0.5099 0.2223 0.0000
vt 0.1305 0.7063 0.0000
vt 0.7937 0.3545 0.0000
vt 0.7863 0.3557 0.0000
vt 0.6769 0.2042 0.0000
vt 0.1578 0.7815 0.0000
vt 0.1541 0.7872 0.0000
vt 0.8782 0.3228 0.0000
vt 0.8675 0.3164 0.0000
vt 0.8919 0.3258 0.0000
vt 0.8646 0.3197 0.0000
vt 0.3894 0.9543 0.0000
vt 0.3826 0.9505 0.0000
vt 0.4062 0.9425 0.0000
vt 0.3824 0.9570 0.0000
vt 0.3813 0.9511 0.0000
vt 0.1367 0.7184 0.0000
vt 0.1425 0.7224 0.0000
vt 0.1826 0.1978 0.0000
vt 0.8544 0.8934 0.0000
vt 0.9505 0.3072 0.0000
vt 0.9488 0.3021 0.0000
vt 0.9762 0.3281 0.0000
vt 0.9493 0.3071 0.0000
vt 0.1699 0.1977 0.0000
vt 0.2200 0.7829 0.0000
vt 0.2261 0.7859 0.0000
vt 0.1692 0.1830 0.0000
vt 0.8911 0.3328 0.0000
vt 0.9028 0.3354 0.0000
vt 0.8911 0.3502 0.0000
vt 0.3876 0.9678 0.0000
vt 0.3983 0.9732 0.0000
vt 0.3888 0.9705 0.0000
vt 0.9028 0.3679 0.0000
vt 0.3901 0.9732 0.0000
vt 0.9163 0.3710 0.0000
vt 0.1863 0.7263 0.0000
vt 0.1875 0.7306 0.0000
vt 0.1717 0.7329 0.0000
vt 0.9055 0.3487 0.0000
vt 0.9055 0.3661 0.0000
vt 0.9028 0.3529 0.0000
vt 0.5668 0.7220 0.0000
vt 0.5677 0.7060 0.0000
vt 0.5704 0.7219 0.0000
vt 0.6827 0.8296 0.0000
vt 0.6830 0.8399 0.0000
vt 0.6831 0.8389 0.0000
vt 0.6831 0.8324 0.0000
vt 0.1875 0.7214 0.0000
vt 0.1862 0.7170 0.0000
vt 0.9214 0.3694 0.0000
vt 0.3912 0.9757 0.0000
vt 0.9459 0.2826 0.0000
vt 0.9649 0.2281 0.0000
vt 0.9462 0.2851 0.0000
vt 0.3914 0.9760 0.0000
vt 0.3949 0.9814 0.0000
vt 0.9458 0.2826 0.0000
vt 0.9458 0.2823 0.0000
vt 0.1737 0.1382 0.0000
vt 0.1670 0.1360 0.0000
vt 0.1681 0.1236 0.0000
vt 0.2798 0.7285 0.0000
vt 0.2686 0.7431 0.0000
vt 0.2763 0.7245 0.0000
vt 0.1644 0.3448 0.0000
vt 0.1686 0.3450 0.0000
vt 0.7676 0.2508 0.0000
vt 0.6829 0.8476 0.0000
vt 0.6764 0.8477 0.0000
vt 0.6829 0.8468 0.0000
vt 0.2145 0.6903 0.0000
vt 0.2215 0.6932 0.0000
vt 0.7510 0.2448 0.0000
vt 0.1669 0.1413 0.0000
vt 0.1675 0.1536 0.0000
vt 0.5195 0.2477 0.0000
vt 0.5103 0.2411 0.0000
vt 0.5207 0.2258 0.0000
vt 0.1799 0.1383 0.0000
vt 0.5147 0.2260 0.0000
vt 0.5084 0.2473 0.0000
vt 0.5443 0.9524 0.0000
vt 0.5438 0.9767 0.0000
vt 0.6606 0.1451 0.0000
vt 0.1408 0.3643 0.0000
vt 0.4020 0.9811 0.0000
vt 0.3961 0.9832 0.0000
vt 0.6828 0.8417 0.0000
vt 0.6828 0.8421 0.0000
vt 0.4660 0.2297 0.0000
vt 0.4681 0.2245 0.0000
vt 0.9452 0.2267 0.0000
vt 0.9406 0.2735 0.0000
vt 0.9402 0.2735 0.0000
vt 0.5089 0.2405 0.0000
vt 0.9452 0.2738 0.0000
vt 0.9454 0.2759 0.0000
vt 0.7245 0.2808 0.0000
vt 0.7366 0.2824 0.0000
vt 0.9386 0.2734 0.0000
vt 0.2654 0.7508 0.0000
vt 0.2708 0.7500 0.0000
vt 0.6732 0.8440 0.0000
vt 0.1719 0.7421 0.0000
vt 0.4616 0.2289 0.0000
vt 0.4642 0.2231 0.0000
vt 0.4653 0.2432 0.0000
vt 0.7366 0.2874 0.0000
vt 0.7389 0.2680 0.0000
vt 0.1718 0.7606 0.0000
vt 0.7222 0.2805 0.0000
vt 0.2693 0.4093 0.0000
vt 0.2624 0.4094 0.0000
vt 0.2695 0.3907 0.0000
vt 0.2764 0.3906 0.0000
vt 0.4608 0.2442 0.0000
vt 0.4605 0.2506 0.0000
vt 0.1419 0.3671 0.0000
vt 0.4509 0.2510 0.0000
vt 0.6391 0.1511 0.0000
vt 0.6580 0.1355 0.0000
vt 0.6364 0.1414 0.0000
vt 0.4560 0.2293 0.0000
vt 0.9677 0.2716 0.0000
vt 0.9471 0.2908 0.0000
vt 0.1348 0.3808 0.0000
vt 0.1378 0.3772 0.0000
vt 0.1361 0.3552 0.0000
vt 0.1325 0.3514 0.0000
vt 0.8868 0.5121 0.0000
vt 0.8929 0.5074 0.0000
vt 0.9054 0.5046 0.0000
vt 0.9084 0.5000 0.0000
vt 0.4019 0.9788 0.0000
vt 0.9108 0.4252 0.0000
vt 0.9335 0.3586 0.0000
vt 0.9214 0.3570 0.0000
vt 0.7484 0.9090 0.0000
vt 0.8925 0.1563 0.0000
vt 0.1718 0.7236 0.0000
vt 0.1701 0.7288 0.0000
vt 0.9214 0.3521 0.0000
vt 0.9163 0.3560 0.0000
vt 0.1701 0.7380 0.0000
vt 0.9163 0.3387 0.0000
vt 0.9048 0.3535 0.0000
vt 0.5563 0.0703 0.0000
vt 0.5580 0.0607 0.0000
vt 0.5702 0.0612 0.0000
vt 0.9055 0.3289 0.0000
vt 0.8943 0.1589 0.0000
vt 0.9397 0.4996 0.0000
vt 0.5517 0.0968 0.0000
vt 0.9233 0.3287 0.0000
vt 0.1586 0.7348 0.0000
vt 0.1541 0.7408 0.0000
vt 0.9335 0.3414 0.0000
vt 0.9214 0.3398 0.0000
vt 0.9214 0.3323 0.0000
vt 0.9668 0.2571 0.0000
vt 0.9467 0.2879 0.0000
vt 0.6768 0.9236 0.0000
vt 0.6689 0.8946 0.0000
vt 0.7051 0.9158 0.0000
vt 0.7078 0.2835 0.0000
vt 0.7101 0.2641 0.0000
vt 0.3395 0.6169 0.0000
vt 0.3386 0.6169 0.0000
vt 0.3386 0.5900 0.0000
vt 0.3395 0.5900 0.0000
vt 0.4218 0.7931 0.0000
vt 0.7222 0.2657 0.0000
vt 0.1875 0.7585 0.0000
vt 0.8084 0.4725 0.0000
vt 0.8113 0.4936 0.0000
vt 0.8057 0.4920 0.0000
vt 0.3071 0.4279 0.0000
vt 0.3133 0.4091 0.0000
vt 0.3110 0.4278 0.0000
vt 0.7245 0.2661 0.0000
vt 0.2162 0.5521 0.0000
vt 0.2143 0.5454 0.0000
vt 0.2323 0.5400 0.0000
vt 0.9108 0.4308 0.0000
vt 0.2304 0.5334 0.0000
vt 0.7510 0.2696 0.0000
vt 0.5638 0.0973 0.0000
vt 0.5542 0.0823 0.0000
vt 0.5653 0.1022 0.0000
vt 0.2496 0.5326 0.0000
vt 0.2200 0.4618 0.0000
vt 0.2364 0.4229 0.0000
vt 0.2373 0.4431 0.0000
vt 0.1957 0.1819 0.0000
vt 0.2117 0.1958 0.0000
vt 0.1853 0.1880 0.0000
vt 0.4670 0.4144 0.0000
vt 0.4671 0.4201 0.0000
vt 0.4510 0.4080 0.0000
vt 0.4511 0.4202 0.0000
vt 0.8482 0.1966 0.0000
vt 0.8541 0.1864 0.0000
vt 0.8506 0.1987 0.0000
vt 0.4315 0.4202 0.0000
vt 0.8405 0.1940 0.0000
vt 0.9500 0.5791 0.0000
vt 0.9549 0.5814 0.0000
vt 0.9525 0.5842 0.0000
vt 0.2288 0.2272 0.0000
vt 0.6551 0.6599 0.0000
vt 0.6560 0.6596 0.0000
vt 0.6578 0.6601 0.0000
vt 0.6437 0.2932 0.0000
vt 0.6413 0.2957 0.0000
vt 0.6435 0.2952 0.0000
vt 0.6443 0.2947 0.0000
vt 0.6420 0.2961 0.0000
vt 0.9521 0.5765 0.0000
vt 0.6413 0.2950 0.0000
vt 0.6456 0.2942 0.0000
vt 0.7730 0.8743 0.0000
vt 0.7737 0.8728 0.0000
vt 0.7737 0.8747 0.0000
vt 0.7759 0.8749 0.0000
vt 0.7750 0.8754 0.0000
vt 0.7760 0.8749 0.0000
vt 0.9549 0.5617 0.0000
vt 0.9627 0.5830 0.0000
vt 0.6407 0.2650 0.0000
vt 0.6403 0.2650 0.0000
vt 0.6419 0.2651 0.0000
vt 0.5172 0.6241 0.0000
vt 0.4978 0.6241 0.0000
vt 0.5190 0.6168 0.0000
vt 0.6428 0.2652 0.0000
vt 0.7784 0.8451 0.0000
vt 0.7797 0.8451 0.0000
vt 0.7801 0.8451 0.0000
vt 0.6471 0.2880 0.0000
vt 0.6443 0.2654 0.0000
vt 0.4960 0.6168 0.0000
vt 0.7709 0.8673 0.0000
vt 0.7717 0.8736 0.0000
vt 0.7775 0.8451 0.0000
vt 0.7760 0.8451 0.0000
vt 0.6441 0.2852 0.0000
vt 0.6446 0.2654 0.0000
vt 0.6479 0.2658 0.0000
vt 0.6449 0.2918 0.0000
vt 0.6435 0.2951 0.0000
vt 0.6439 0.2917 0.0000
vt 0.2478 0.5260 0.0000
vt 0.2467 0.5222 0.0000
vt 0.2625 0.5204 0.0000
vt 0.7737 0.8749 0.0000
vt 0.7751 0.8759 0.0000
vt 0.2664 0.5235 0.0000
vt 0.6477 0.2855 0.0000
vt 0.6497 0.2659 0.0000
vt 0.9241 0.5018 0.0000
vt 0.9241 0.4973 0.0000
vt 0.6429 0.2916 0.0000
vt 0.0089 0.2728 0.0000
vt 0.2683 0.5301 0.0000
vt 0.5685 0.0708 0.0000
vt 0.5664 0.0828 0.0000
vt 0.8159 0.4742 0.0000
vt 0.7954 0.2391 0.0000
vt 0.7977 0.2484 0.0000
vt 0.7954 0.2533 0.0000
vt 0.6086 0.7152 0.0000
vt 0.6104 0.7183 0.0000
vt 0.5947 0.7191 0.0000
vt 0.8137 0.4770 0.0000
vt 0.9048 0.3361 0.0000
vt 0.8112 0.4694 0.0000
vt 0.1584 0.7442 0.0000
vt 0.1541 0.7500 0.0000
vt 0.3488 0.4047 0.0000
vt 0.7987 0.4920 0.0000
vt 0.7384 0.8729 0.0000
vt 0.2864 0.5255 0.0000
vt 0.2882 0.5322 0.0000
vt 0.6480 0.2954 0.0000
vt 0.7977 0.2326 0.0000
vt 0.7851 0.2233 0.0000
vt 0.7995 0.2266 0.0000
vt 0.7833 0.2363 0.0000
vt 0.5219 0.1592 0.0000
vt 0.5221 0.1650 0.0000
vt 0.5159 0.1650 0.0000
vt 0.5158 0.1592 0.0000
vt 0.1794 0.2032 0.0000
vt 0.1848 0.2124 0.0000
vt 0.1570 0.2101 0.0000
vt 0.1546 0.2365 0.0000
vt 0.1680 0.2287 0.0000
vt 0.1618 0.2380 0.0000
vt 0.1526 0.5453 0.0000
vt 0.1448 0.5380 0.0000
vt 0.1720 0.5322 0.0000
vt 0.5623 0.1529 0.0000
vt 0.5428 0.1529 0.0000
vt 0.5530 0.1494 0.0000
vt 0.5786 0.1590 0.0000
vt 0.5878 0.1590 0.0000
vt 0.5786 0.1651 0.0000
vt 0.5878 0.1651 0.0000
vt 0.5624 0.1651 0.0000
vt 0.8613 0.2644 0.0000
vt 0.8710 0.3123 0.0000
vt 0.8603 0.2644 0.0000
vt 0.7366 0.2677 0.0000
vt 0.1863 0.7355 0.0000
vt 0.1875 0.7398 0.0000
vt 0.3018 0.4464 0.0000
vt 0.2978 0.4464 0.0000
vt 0.3042 0.4277 0.0000
vt 0.0791 0.3345 0.0000
vt 0.0754 0.3365 0.0000
vt 0.0831 0.2817 0.0000
vt 0.9023 0.1407 0.0000
vt 0.6456 0.2981 0.0000
vt 0.0199 0.2830 0.0000
vt 0.0086 0.2850 0.0000
vt 0.0062 0.2816 0.0000
vt 0.0200 0.2759 0.0000
vt 0.9446 0.2738 0.0000
vt 0.0208 0.2863 0.0000
vt 0.9042 0.5531 0.0000
vt 0.9521 0.5597 0.0000
vt 0.3005 0.4621 0.0000
vt 0.7510 0.2476 0.0000
vt 0.7510 0.2574 0.0000
vt 0.7389 0.2460 0.0000
vt 0.7389 0.2557 0.0000
vt 0.1600 0.1186 0.0000
vt 0.1545 0.1192 0.0000
vt 0.9090 0.1422 0.0000
vt 0.2020 0.7338 0.0000
vt 0.2061 0.7373 0.0000
vt 0.7366 0.2556 0.0000
vt 0.7245 0.2539 0.0000
vt 0.0624 0.2686 0.0000
vt 0.9001 0.1542 0.0000
vt 0.8979 0.1517 0.0000
vt 0.8998 0.1393 0.0000
vt 0.8495 0.1273 0.0000
vt 0.0862 0.2842 0.0000
vt 0.7713 0.8775 0.0000
vt 0.7722 0.8713 0.0000
vt 0.7737 0.8713 0.0000
vt 0.8015 0.4725 0.0000
vt 0.6454 0.2918 0.0000
vt 0.6421 0.2956 0.0000
vt 0.4538 0.6549 0.0000
vt 0.4540 0.6561 0.0000
vt 0.8608 0.4974 0.0000
vt 0.8637 0.5185 0.0000
vt 0.8124 0.4973 0.0000
vt 0.8665 0.4989 0.0000
vt 0.9070 0.1558 0.0000
vt 0.9117 0.1427 0.0000
vt 0.5952 0.7225 0.0000
vt 0.9099 0.1548 0.0000
vt 0.2763 0.7642 0.0000
vt 0.9789 0.1877 0.0000
vt 0.9703 0.2044 0.0000
vt 0.9673 0.1984 0.0000
vt 0.9606 0.1542 0.0000
vt 0.0299 0.2964 0.0000
vt 0.9653 0.1952 0.0000
vt 0.9688 0.1830 0.0000
vt 0.9711 0.1850 0.0000
vt 0.0580 0.2375 0.0000
vt 0.9008 0.9362 0.0000
vt 0.9015 0.9332 0.0000
vt 0.9015 0.9340 0.0000
vt 0.9015 0.9368 0.0000
vt 0.6536 0.2451 0.0000
vt 0.6553 0.2945 0.0000
vt 0.0080 0.3353 0.0000
vt 0.0016 0.2871 0.0000
vt 0.9350 0.7106 0.0000
vt 0.9350 0.7127 0.0000
vt 0.9286 0.7106 0.0000
vt 0.5000 0.7431 0.0000
vt 0.5006 0.7442 0.0000
vt 0.5000 0.7457 0.0000
vt 0.9093 0.1596 0.0000
vt 0.9107 0.1613 0.0000
vt 0.9117 0.1608 0.0000
vt 0.0367 0.2481 0.0000
vt 0.7245 0.2442 0.0000
vt 0.8758 0.7675 0.0000
vt 0.8745 0.7688 0.0000
vt 0.8706 0.7663 0.0000
vt 0.8669 0.7666 0.0000
vt 0.8696 0.7688 0.0000
vt 0.8644 0.7675 0.0000
vt 0.8637 0.7685 0.0000
vt 0.8649 0.7667 0.0000
vt 0.7366 0.2459 0.0000
vt 0.9982 0.8594 0.0000
vt 0.9982 0.8590 0.0000
vt 0.7479 0.9333 0.0000
vt 0.7431 0.9332 0.0000
vt 0.4973 0.7453 0.0000
vt 0.9103 0.1612 0.0000
vt 0.6464 0.2447 0.0000
vt 0.6471 0.2657 0.0000
vt 0.0201 0.3379 0.0000
vt 0.0190 0.3407 0.0000
vt 0.3072 0.7894 0.0000
vt 0.3103 0.7926 0.0000
vt 0.3071 0.7959 0.0000
vt 0.7616 0.9352 0.0000
vt 0.7658 0.9332 0.0000
vt 0.7664 0.9353 0.0000
vt 0.6401 0.2487 0.0000
vt 0.6423 0.2488 0.0000
vt 0.6403 0.2468 0.0000
vt 0.3046 0.4651 0.0000
vt 0.8792 0.5691 0.0000
vt 0.8714 0.5478 0.0000
vt 0.8792 0.5493 0.0000
vt 0.6404 0.2460 0.0000
vt 0.6404 0.2459 0.0000
vt 0.6438 0.2415 0.0000
vt 0.8714 0.5675 0.0000
vt 0.6740 0.6638 0.0000
vt 0.6503 0.6628 0.0000
vt 0.6740 0.6683 0.0000
vt 0.5158 0.4694 0.0000
vt 0.5221 0.4709 0.0000
vt 0.5669 0.4873 0.0000
vt 0.3708 0.3899 0.0000
vt 0.3707 0.4059 0.0000
vt 0.3650 0.3859 0.0000
vt 0.6397 0.2461 0.0000
vt 0.5178 0.4758 0.0000
vt 0.6225 0.2443 0.0000
vt 0.9090 0.1622 0.0000
vt 0.9682 0.9348 0.0000
vt 0.9657 0.9347 0.0000
vt 0.9668 0.9332 0.0000
vt 0.2536 0.1939 0.0000
vt 0.2590 0.2031 0.0000
vt 0.2312 0.2009 0.0000
vt 0.8686 0.5626 0.0000
vt 0.8665 0.5652 0.0000
vt 0.8691 0.5703 0.0000
vt 0.2422 0.2194 0.0000
vt 0.2180 0.2089 0.0000
vt 0.2200 0.2018 0.0000
vt 0.5964 0.7317 0.0000
vt 0.5947 0.7287 0.0000
vt 0.6103 0.7279 0.0000
vt 0.3210 0.0075 0.0000
vt 0.3297 0.0207 0.0000
vt 0.3253 0.0259 0.0000
vt 0.3366 0.0254 0.0000
vt 0.3292 0.0068 0.0000
vt 0.7147 0.1838 0.0000
vt 0.7321 0.1868 0.0000
vt 0.7153 0.1959 0.0000
vt 0.7003 0.1932 0.0000
vt 0.7393 0.1992 0.0000
vt 0.7327 0.1990 0.0000
vt 0.2840 0.3907 0.0000
vt 0.2769 0.4094 0.0000
vt 0.2795 0.3956 0.0000
vt 0.9627 0.5632 0.0000
vt 0.2724 0.4119 0.0000
vt 0.2746 0.4281 0.0000
vt 0.5436 0.9807 0.0000
vt 0.4091 0.4142 0.0000
vt 0.4315 0.4080 0.0000
vt 0.2835 0.4093 0.0000
vt 0.2811 0.4281 0.0000
vt 0.2700 0.4282 0.0000
vt 0.2205 0.4083 0.0000
vt 0.2478 0.4025 0.0000
vt 0.2399 0.3952 0.0000
vt 0.8610 0.5215 0.0000
vt 0.8207 0.5392 0.0000
vt 0.8686 0.5458 0.0000
vt 0.4092 0.4202 0.0000
vt 0.2906 0.3906 0.0000
vt 0.9380 0.5378 0.0000
vt 0.9184 0.5379 0.0000
vt 0.9286 0.5344 0.0000
vt 0.4427 0.4045 0.0000
vt 0.5427 0.0068 0.0000
vt 0.5460 0.0058 0.0000
vt 0.5447 0.0180 0.0000
vt 0.5487 0.0022 0.0000
vt 0.5939 0.0029 0.0000
vt 0.5413 0.0204 0.0000
vt 0.5357 0.0067 0.0000
vt 0.6997 0.1811 0.0000
vt 0.9543 0.5440 0.0000
vt 0.9635 0.5440 0.0000
vt 0.9543 0.5500 0.0000
vt 0.9635 0.5500 0.0000
vt 0.6995 0.3638 0.0000
vt 0.6968 0.3597 0.0000
vt 0.6978 0.3588 0.0000
vt 0.7020 0.3612 0.0000
vt 0.6968 0.3571 0.0000
vt 0.9241 0.5065 0.0000
vt 0.9402 0.5089 0.0000
vt 0.9241 0.5110 0.0000
vt 0.9380 0.5500 0.0000
vt 0.9379 0.7245 0.0000
vt 0.9423 0.7292 0.0000
vt 0.9379 0.7311 0.0000
vt 0.9397 0.7331 0.0000
vt 0.8734 0.4989 0.0000
vt 0.8707 0.5185 0.0000
vt 0.7021 0.1788 0.0000
vt 0.7192 0.1818 0.0000
vt 0.3515 0.1800 0.0000
vt 0.3210 0.1758 0.0000
vt 0.3253 0.1764 0.0000
vt 0.3253 0.1761 0.0000
vt 0.6990 0.3574 0.0000
vt 0.6995 0.3575 0.0000
vt 0.6953 0.3304 0.0000
vt 0.6953 0.3612 0.0000
vt 0.3874 0.6549 0.0000
vt 0.4075 0.6549 0.0000
vt 0.4089 0.6618 0.0000
vt 0.7141 0.1698 0.0000
vt 0.7185 0.1678 0.0000
vt 0.6098 0.7245 0.0000
vt 0.3859 0.6618 0.0000
vt 0.7014 0.1648 0.0000
vt 0.6991 0.1672 0.0000
vt 0.7320 0.1849 0.0000
vt 0.7146 0.1818 0.0000
vt 0.7314 0.1728 0.0000
vt 0.6997 0.1792 0.0000
vt 0.4960 0.6039 0.0000
vt 0.4926 0.6062 0.0000
vt 0.4926 0.6180 0.0000
vt 0.3363 0.0484 0.0000
vt 0.2673 0.0292 0.0000
vt 0.8767 0.2661 0.0000
vt 0.1750 0.1235 0.0000
vt 0.3335 0.0010 0.0000
vt 0.3311 0.0088 0.0000
vt 0.3352 0.0031 0.0000
vt 0.6781 0.3588 0.0000
vt 0.6783 0.3092 0.0000
vt 0.9659 0.2426 0.0000
vt 0.9897 0.7245 0.0000
vt 0.9843 0.7246 0.0000
vt 0.9896 0.7245 0.0000
vt 0.9842 0.7246 0.0000
vt 0.9935 0.8219 0.0000
vt 0.9937 0.8220 0.0000
vt 0.9935 0.8273 0.0000
vt 0.9948 0.8228 0.0000
vt 0.9935 0.8281 0.0000
vt 0.5468 0.0251 0.0000
vt 0.2798 0.7610 0.0000
vt 0.9595 0.2013 0.0000
vt 0.9125 0.1854 0.0000
vt 0.1812 0.1235 0.0000
vt 0.1694 0.1089 0.0000
vt 0.1684 0.1212 0.0000
vt 0.2261 0.7394 0.0000
vt 0.2189 0.7367 0.0000
vt 0.0246 0.5300 0.0000
vt 0.9376 0.2734 0.0000
vt 0.9359 0.3590 0.0000
vt 0.1719 0.7142 0.0000
vt 0.1701 0.7194 0.0000
vt 0.9044 0.1984 0.0000
vt 0.9025 0.2108 0.0000
vt 0.9502 0.3560 0.0000
vt 0.9358 0.3540 0.0000
vt 0.2670 0.4281 0.0000
vt 0.8858 0.3133 0.0000
vt 0.8691 0.2651 0.0000
vt 0.8668 0.2648 0.0000
vt 0.6434 0.2303 0.0000
vt 0.6241 0.2394 0.0000
vt 0.1898 0.2088 0.0000
vt 0.0011 0.3367 0.0000
vt 0.9377 0.3307 0.0000
vt 0.9358 0.3342 0.0000
vt 0.9502 0.3362 0.0000
vt 0.9359 0.3418 0.0000
vt 0.9479 0.3435 0.0000
vt 0.7101 0.2519 0.0000
vt 0.7101 0.2422 0.0000
vt 0.7222 0.2535 0.0000
vt 0.2360 0.2288 0.0000
vt 0.1840 0.4480 0.0000
vt 0.2004 0.4092 0.0000
vt 0.1999 0.4626 0.0000
vt 0.9521 0.3326 0.0000
vt 0.2190 0.7552 0.0000
vt 0.2061 0.7559 0.0000
vt 0.2020 0.7523 0.0000
vt 0.1559 0.1045 0.0000
vt 0.1613 0.1038 0.0000
vt 0.8976 0.5442 0.0000
vt 0.9185 0.5500 0.0000
vt 0.1862 0.7540 0.0000
vt 0.8916 0.5500 0.0000
vt 0.8915 0.5442 0.0000
vt 0.8977 0.5500 0.0000
vt 0.3098 0.4435 0.0000
vt 0.3137 0.4465 0.0000
vt 0.8746 0.2655 0.0000
vt 0.0010 0.3476 0.0000
vt 0.3804 0.0038 0.0000
vt 0.0188 0.3520 0.0000
vt 0.1588 0.7254 0.0000
vt 0.1541 0.7314 0.0000
vt 0.9662 0.1788 0.0000
vt 0.9222 0.1685 0.0000
vt 0.2372 0.2390 0.0000
vt 0.9149 0.1833 0.0000
vt 0.0382 0.2375 0.0000
vt 0.9320 0.2730 0.0000
vt 0.2600 0.4281 0.0000
vt 0.2588 0.4438 0.0000
vt 0.2561 0.4282 0.0000
vt 0.2628 0.4468 0.0000
vt 0.2697 0.4467 0.0000
vt 0.6123 0.9425 0.0000
vt 0.8523 0.8950 0.0000
vt 0.8472 0.8920 0.0000
vt 0.8508 0.8934 0.0000
vt 0.7743 0.3434 0.0000
vt 0.7552 0.3164 0.0000
vt 0.9623 0.3625 0.0000
vt 0.1701 0.7844 0.0000
vt 0.1718 0.7792 0.0000
vt 0.6459 0.6102 0.0000
vt 0.1763 0.1087 0.0000
vt 0.1826 0.1088 0.0000
vt 0.9169 0.1709 0.0000
vt 0.1776 0.0940 0.0000
vt 0.1839 0.0941 0.0000
vt 0.8173 0.6175 0.0000
vt 0.3887 0.0942 0.0000
vt 0.3476 0.0877 0.0000
vt 0.3809 0.1049 0.0000
vt 0.9616 0.5205 0.0000
vt 0.9428 0.5134 0.0000
vt 0.9564 0.5160 0.0000
vt 0.2261 0.7580 0.0000
vt 0.7387 0.1852 0.0000
vt 0.7431 0.1969 0.0000
vt 0.0928 0.4207 0.0000
vt 0.0845 0.4201 0.0000
vt 0.0928 0.4163 0.0000
vt 0.3549 0.0709 0.0000
vt 0.8522 0.9231 0.0000
vt 0.8219 0.9231 0.0000
vt 0.2554 0.4093 0.0000
vt 0.2556 0.3907 0.0000
vt 0.2772 0.4653 0.0000
vt 0.2703 0.4654 0.0000
vt 0.9503 0.3437 0.0000
vt 0.9623 0.3454 0.0000
vt 0.9503 0.3609 0.0000
vt 0.0845 0.4157 0.0000
vt 0.1696 0.1065 0.0000
vt 0.1708 0.0942 0.0000
vt 0.8523 0.8934 0.0000
vt 0.9646 0.3579 0.0000
vt 0.7743 0.3447 0.0000
vt 0.7222 0.2438 0.0000
vt 0.0845 0.4091 0.0000
vt 0.9646 0.3381 0.0000
vt 0.1572 0.0898 0.0000
vt 0.1626 0.0891 0.0000
vt 0.8225 0.5591 0.0000
vt 0.8207 0.5560 0.0000
vt 0.3558 0.0683 0.0000
vt 0.2625 0.3906 0.0000
vt 0.3514 0.0706 0.0000
vt 0.7552 0.3362 0.0000
vt 0.7738 0.3535 0.0000
vt 0.7552 0.3536 0.0000
vt 0.2010 0.6774 0.0000
vt 0.2032 0.6784 0.0000
vt 0.1582 0.6938 0.0000
vt 0.7738 0.3484 0.0000
vt 0.3373 0.0837 0.0000
vt 0.7159 0.3236 0.0000
vt 0.7203 0.3224 0.0000
vt 0.7152 0.3655 0.0000
vt 0.8219 0.8950 0.0000
vt 0.8413 0.8920 0.0000
vt 0.1316 0.9231 0.0000
vt 0.1332 0.9193 0.0000
vt 0.1357 0.9249 0.0000
vt 0.2018 0.6718 0.0000
vt 0.8417 0.8920 0.0000
vt 0.7738 0.3532 0.0000
vt 0.1123 0.9231 0.0000
vt 0.7736 0.3574 0.0000
vt 0.7638 0.8890 0.0000
vt 0.7823 0.8876 0.0000
vt 0.1437 0.1857 0.0000
vt 0.8551 0.2542 0.0000
vt 0.3020 0.0803 0.0000
vt 0.2992 0.0837 0.0000
vt 0.1346 0.9386 0.0000
vt 0.1575 0.9588 0.0000
vt 0.1303 0.9386 0.0000
vt 0.3014 0.0774 0.0000
vt 0.3058 0.0797 0.0000
vt 0.1943 0.6599 0.0000
vt 0.2097 0.6701 0.0000
vt 0.2040 0.6722 0.0000
vt 0.1932 0.6610 0.0000
vt 0.1575 0.6870 0.0000
vt 0.3101 0.0964 0.0000
vt 0.2004 0.6503 0.0000
vt 0.1902 0.6548 0.0000
vt 0.3479 0.3355 0.0000
vt 0.3518 0.3217 0.0000
vt 0.3513 0.3427 0.0000
vt 0.7827 0.9174 0.0000
vt 0.1281 0.8580 0.0000
vt 0.1355 0.1966 0.0000
vt 0.7660 0.3871 0.0000
vt 0.7523 0.3840 0.0000
vt 0.7552 0.3807 0.0000
vt 0.7796 0.3902 0.0000
vt 0.5950 0.0186 0.0000
vt 0.9665 0.3346 0.0000
vt 0.8868 0.5213 0.0000
vt 0.8919 0.5167 0.0000
vt 0.9080 0.5092 0.0000
vt 0.5006 0.7527 0.0000
vt 0.5000 0.7491 0.0000
vt 0.9323 0.1627 0.0000
vt 0.9201 0.1627 0.0000
vt 0.9395 0.1627 0.0000
vt 0.9602 0.1665 0.0000
vt 0.4973 0.7686 0.0000
vt 0.2848 0.4654 0.0000
vt 0.2773 0.4468 0.0000
vt 0.2839 0.4467 0.0000
vt 0.9743 0.1531 0.0000
vt 0.1587 0.7904 0.0000
vt 0.2727 0.4444 0.0000
vt 0.1541 0.7964 0.0000
vt 0.5452 0.4763 0.0000
vt 0.9657 0.7848 0.0000
vt 0.9729 0.7854 0.0000
vt 0.8590 0.9332 0.0000
vt 0.8609 0.9349 0.0000
vt 0.8590 0.9374 0.0000
vt 0.5000 0.7649 0.0000
vt 0.9729 0.7755 0.0000
vt 0.9696 0.7781 0.0000
vt 0.9657 0.7757 0.0000
vt 0.5976 0.0066 0.0000
vt 0.6957 0.3305 0.0000
vt 0.6955 0.3569 0.0000
vt 0.6979 0.3144 0.0000
vt 0.8835 0.7665 0.0000
vt 0.8836 0.7665 0.0000
vt 0.8854 0.7733 0.0000
vt 0.3515 0.1784 0.0000
vt 0.3253 0.1726 0.0000
vt 0.6969 0.3307 0.0000
vt 0.8646 0.5303 0.0000
vt 0.8707 0.5303 0.0000
vt 0.8706 0.5360 0.0000
vt 0.8645 0.5360 0.0000
vt 0.5482 0.4763 0.0000
vt 0.5482 0.4770 0.0000
vt 0.9775 0.7734 0.0000
vt 0.9750 0.7734 0.0000
vt 0.9775 0.7663 0.0000
vt 0.9657 0.7802 0.0000
vt 0.9729 0.7802 0.0000
vt 0.9657 0.7827 0.0000
vt 0.8832 0.7667 0.0000
vt 0.8836 0.7688 0.0000
vt 0.8838 0.7727 0.0000
vt 0.2360 0.0096 0.0000
vt 0.2388 0.0077 0.0000
vt 0.9703 0.9358 0.0000
vt 0.9709 0.9332 0.0000
vt 0.9518 0.9332 0.0000
vt 0.9542 0.9358 0.0000
vt 0.9518 0.9358 0.0000
vt 0.9899 0.7435 0.0000
vt 0.9890 0.7438 0.0000
vt 0.9905 0.7415 0.0000
vt 0.9889 0.7384 0.0000
vt 0.9889 0.7438 0.0000
vt 0.9564 0.9358 0.0000
vt 0.9564 0.9332 0.0000
vt 0.9571 0.9356 0.0000
vt 0.5965 0.0256 0.0000
vt 0.2343 0.0017 0.0000
vt 0.2914 0.4653 0.0000
vt 0.0916 0.2204 0.0000
vt 0.0942 0.2234 0.0000
vt 0.0874 0.2723 0.0000
vt 0.2802 0.4605 0.0000
vt 0.0840 0.2750 0.0000
vt 0.1335 0.9586 0.0000
vt 0.1226 0.9476 0.0000
vt 0.1345 0.9521 0.0000
vt 0.9636 0.1552 0.0000
vt 0.1227 0.3541 0.0000
vt 0.3538 0.3487 0.0000
vt 0.3433 0.3537 0.0000
vt 0.1307 0.3491 0.0000
vt 0.1267 0.3542 0.0000
vt 0.3052 0.1113 0.0000
vt 0.0904 0.2097 0.0000
vt 0.2472 0.0217 0.0000
vt 0.2445 0.0214 0.0000
vt 0.2459 0.0078 0.0000
vt 0.1613 0.6910 0.0000
vt 0.2485 0.0095 0.0000
vt 0.3532 0.3469 0.0000
vt 0.2508 0.0033 0.0000
vt 0.2535 0.0034 0.0000
vt 0.2517 0.0041 0.0000
vt 0.2491 0.0046 0.0000
vt 0.6004 0.0077 0.0000
vt 0.6958 0.3120 0.0000
vt 0.6457 0.7570 0.0000
vt 0.6484 0.7714 0.0000
vt 0.1199 0.9376 0.0000
vt 0.1226 0.9331 0.0000
vt 0.9889 0.8094 0.0000
vt 0.9889 0.8039 0.0000
vt 0.9889 0.8034 0.0000
vt 0.9750 0.8282 0.0000
vt 0.9756 0.8255 0.0000
vt 0.9796 0.8282 0.0000
vt 0.9773 0.8242 0.0000
vt 0.9811 0.8219 0.0000
vt 0.7021 0.3104 0.0000
vt 0.6961 0.3115 0.0000
vt 0.6996 0.3071 0.0000
vt 0.6971 0.8868 0.0000
vt 0.6485 0.7714 0.0000
vt 0.9889 0.8095 0.0000
vt 0.6958 0.3119 0.0000
vt 0.6578 0.4934 0.0000
vt 0.6104 0.4984 0.0000
vt 0.6039 0.4983 0.0000
vt 0.7574 0.9142 0.0000
vt 0.7593 0.9145 0.0000
vt 0.5618 0.6781 0.0000
vt 0.5663 0.6781 0.0000
vt 0.5575 0.6965 0.0000
vt 0.7567 0.9195 0.0000
vt 0.7567 0.9141 0.0000
vt 0.6945 0.6647 0.0000
vt 0.6874 0.6457 0.0000
vt 0.3303 0.1709 0.0000
vt 0.3351 0.1680 0.0000
vt 0.3540 0.1765 0.0000
vt 0.4696 0.7177 0.0000
vt 0.4887 0.7106 0.0000
vt 0.4694 0.7183 0.0000
vt 0.3210 0.5900 0.0000
vt 0.6486 0.7719 0.0000
vt 0.6506 0.7784 0.0000
vt 0.6504 0.7793 0.0000
vt 0.6954 0.3116 0.0000
vt 0.3131 0.7482 0.0000
vt 0.3197 0.7476 0.0000
vt 0.3131 0.7483 0.0000
vt 0.3204 0.7476 0.0000
vt 0.3633 0.2051 0.0000
vt 0.3628 0.2051 0.0000
vt 0.9983 0.9332 0.0000
vt 0.9987 0.9339 0.0000
vt 0.9982 0.9339 0.0000
vt 0.2376 0.0213 0.0000
vt 0.6996 0.3310 0.0000
vt 0.8822 0.7616 0.0000
vt 0.8405 0.6921 0.0000
vt 0.8409 0.6921 0.0000
vt 0.8410 0.6921 0.0000
vt 0.6074 0.4926 0.0000
vt 0.9632 0.1689 0.0000
vt 0.7576 0.6132 0.0000
vt 0.9395 0.1679 0.0000
vt 0.9395 0.1672 0.0000
vt 0.9557 0.1710 0.0000
vt 0.9567 0.1721 0.0000
vt 0.9395 0.1680 0.0000
vt 0.9395 0.1653 0.0000
vt 0.3488 0.6548 0.0000
vt 0.3676 0.6506 0.0000
vt 0.3732 0.6552 0.0000
vt 0.3500 0.6503 0.0000
vt 0.7570 0.6185 0.0000
vt 0.1203 0.3815 0.0000
vt 0.1201 0.3826 0.0000
vt 0.5720 0.4825 0.0000
vt 0.1200 0.3815 0.0000
vt 0.4212 0.0515 0.0000
vt 0.4765 0.0515 0.0000
vt 0.4740 0.0550 0.0000
vt 0.6801 0.3044 0.0000
vt 0.4232 0.0550 0.0000
vt 0.2902 0.8591 0.0000
vt 0.2903 0.8751 0.0000
vt 0.2845 0.8590 0.0000
vt 0.1304 0.0063 0.0000
vt 0.2781 0.8751 0.0000
vt 0.1300 0.0063 0.0000
vt 0.1922 0.5313 0.0000
vt 0.2094 0.5126 0.0000
vt 0.2116 0.5401 0.0000
vt 0.3120 0.7660 0.0000
vt 0.3127 0.7550 0.0000
vt 0.3274 0.7659 0.0000
vt 0.1199 0.9534 0.0000
vt 0.2197 0.5312 0.0000
vt 0.3132 0.7476 0.0000
vt 0.3124 0.7341 0.0000
vt 0.3309 0.7338 0.0000
vt 0.6872 0.1789 0.0000
vt 0.6878 0.1910 0.0000
vt 0.6771 0.1771 0.0000
vt 0.6777 0.1893 0.0000
vt 0.3131 0.7476 0.0000
vt 0.3117 0.7531 0.0000
vt 0.3314 0.7659 0.0000
vt 0.3313 0.7659 0.0000
vt 0.5428 0.1651 0.0000
vt 0.3306 0.7659 0.0000
vt 0.1411 0.2612 0.0000
vt 0.1630 0.2482 0.0000
vt 0.1675 0.2691 0.0000
vt 0.1572 0.2752 0.0000
vt 0.7683 0.8882 0.0000
vt 0.7523 0.9133 0.0000
vt 0.7605 0.8868 0.0000
vt 0.1348 0.2482 0.0000
vt 0.1328 0.2552 0.0000
vt 0.2903 0.8946 0.0000
vt 0.2843 0.9170 0.0000
vt 0.2781 0.8946 0.0000
vt 0.2746 0.8834 0.0000
vt 0.2903 0.9170 0.0000
vt 0.8110 0.3931 0.0000
vt 0.7933 0.3932 0.0000
vt 0.2086 0.4924 0.0000
vt 0.0692 0.2203 0.0000
vt 0.1725 0.4787 0.0000
vt 0.9054 0.5138 0.0000
vt 0.6873 0.1770 0.0000
vt 0.6767 0.1632 0.0000
vt 0.6867 0.1650 0.0000
vt 0.6074 0.0257 0.0000
vt 0.1458 0.2111 0.0000
vt 0.1438 0.2181 0.0000
vt 0.8091 0.3966 0.0000
vt 0.6117 0.0078 0.0000
vt 0.1090 0.9425 0.0000
vt 0.1207 0.9469 0.0000
vt 0.6773 0.1753 0.0000
vt 0.1062 0.9324 0.0000
vt 0.1090 0.9280 0.0000
vt 0.0707 0.2097 0.0000
vt 0.5831 0.6549 0.0000
vt 0.5678 0.6603 0.0000
vt 0.5668 0.6568 0.0000
vt 0.7738 0.3702 0.0000
vt 0.7552 0.3683 0.0000
vt 0.7738 0.3658 0.0000
vt 0.7736 0.3624 0.0000
vt 0.1240 0.2298 0.0000
vt 0.1168 0.2283 0.0000
vt 0.1156 0.2181 0.0000
vt 0.5614 0.1900 0.0000
vt 0.5716 0.1865 0.0000
vt 0.5809 0.1900 0.0000
vt 0.5122 0.6744 0.0000
vt 0.5112 0.6707 0.0000
vt 0.5275 0.6689 0.0000
vt 0.5309 0.6719 0.0000
vt 0.9742 0.1715 0.0000
vt 0.8270 0.8920 0.0000
vt 0.8219 0.8920 0.0000
vt 0.1531 0.4699 0.0000
vt 0.1553 0.4974 0.0000
vt 0.1562 0.5176 0.0000
vt 0.8313 0.8915 0.0000
vt 0.6997 0.2959 0.0000
vt 0.6801 0.2932 0.0000
vt 0.8371 0.8915 0.0000
vt 0.5613 0.2022 0.0000
vt 0.5405 0.2021 0.0000
vt 0.5406 0.1964 0.0000
vt 0.7060 0.9347 0.0000
vt 0.7112 0.9332 0.0000
vt 0.1106 0.2376 0.0000
vt 0.1216 0.2562 0.0000
vt 0.2975 0.0223 0.0000
vt 0.0992 0.2631 0.0000
vt 0.0938 0.2539 0.0000
vt 0.2777 0.0037 0.0000
vt 0.2803 0.0038 0.0000
vt 0.1927 0.4779 0.0000
vt 0.5809 0.2022 0.0000
vt 0.5972 0.1962 0.0000
vt 0.6765 0.6564 0.0000
vt 0.6765 0.6610 0.0000
vt 0.6503 0.6549 0.0000
vt 0.6503 0.6503 0.0000
vt 0.6529 0.6509 0.0000
vt 0.5971 0.2022 0.0000
vt 0.0767 0.9374 0.0000
vt 0.0623 0.9341 0.0000
vt 0.0646 0.9276 0.0000
vt 0.0622 0.9270 0.0000
vt 0.8868 0.4842 0.0000
vt 0.9085 0.4721 0.0000
vt 0.9054 0.4767 0.0000
vt 0.8930 0.4796 0.0000
vt 0.6372 0.4988 0.0000
vt 0.8236 0.3985 0.0000
vt 0.9843 0.7439 0.0000
vt 0.9842 0.7385 0.0000
vt 0.9843 0.7438 0.0000
vt 0.9843 0.7384 0.0000
vt 0.3001 0.0102 0.0000
vt 0.6063 0.2022 0.0000
vt 0.3619 0.0545 0.0000
vt 0.3593 0.0515 0.0000
vt 0.4113 0.0545 0.0000
vt 0.4144 0.0515 0.0000
vt 0.2200 0.4720 0.0000
vt 0.2121 0.4648 0.0000
vt 0.1537 0.6894 0.0000
vt 0.1472 0.6755 0.0000
vt 0.1518 0.6747 0.0000
vt 0.3006 0.0221 0.0000
vt 0.2968 0.0048 0.0000
vt 0.2980 0.0040 0.0000
vt 0.3036 0.0087 0.0000
vt 0.4328 0.6512 0.0000
vt 0.4264 0.6544 0.0000
vt 0.4091 0.6457 0.0000
vt 0.4091 0.6503 0.0000
vt 0.8254 0.3950 0.0000
vt 0.6064 0.1962 0.0000
vt 0.2882 0.5508 0.0000
vt 0.8524 0.4024 0.0000
vt 0.8398 0.3970 0.0000
vt 0.8542 0.3989 0.0000
vt 0.7989 0.3760 0.0000
vt 0.1450 0.4788 0.0000
vt 0.8380 0.4005 0.0000
vt 0.0478 0.9237 0.0000
vt 0.0358 0.9210 0.0000
vt 0.0335 0.9275 0.0000
vt 0.5011 0.4387 0.0000
vt 0.4787 0.4388 0.0000
vt 0.4787 0.4327 0.0000
vt 0.1512 0.7011 0.0000
vt 0.2159 0.8641 0.0000
vt 0.2147 0.8591 0.0000
vt 0.2356 0.8641 0.0000
vt 0.1734 0.2538 0.0000
vt 0.1680 0.2446 0.0000
vt 0.6616 0.4992 0.0000
vt 0.1215 0.1912 0.0000
vt 0.1375 0.2051 0.0000
vt 0.1111 0.1973 0.0000
vt 0.5206 0.4265 0.0000
vt 0.5011 0.4266 0.0000
vt 0.5122 0.4231 0.0000
vt 0.5345 0.1964 0.0000
vt 0.5344 0.2021 0.0000
vt 0.1756 0.2866 0.0000
vt 0.1478 0.2843 0.0000
vt 0.1701 0.2774 0.0000
vt 0.5367 0.4387 0.0000
vt 0.5206 0.4387 0.0000
vt 0.5366 0.4329 0.0000
vt 0.5343 0.1776 0.0000
vt 0.5251 0.1837 0.0000
vt 0.5251 0.1777 0.0000
vt 0.5343 0.1837 0.0000
vt 0.4671 0.3956 0.0000
vt 0.4448 0.4016 0.0000
vt 0.4447 0.3894 0.0000
vt 0.4671 0.4016 0.0000
vt 0.5044 0.1744 0.0000
vt 0.6484 0.5112 0.0000
vt 0.6484 0.5312 0.0000
vt 0.5947 0.5112 0.0000
vt 0.1726 0.4684 0.0000
vt 0.1805 0.4757 0.0000
vt 0.1035 0.8097 0.0000
vt 0.5136 0.1744 0.0000
vt 0.2657 0.8660 0.0000
vt 0.2717 0.8660 0.0000
vt 0.5947 0.5312 0.0000
vt 0.5136 0.1684 0.0000
vt 0.1563 0.9615 0.0000
vt 0.1445 0.6697 0.0000
vt 0.1062 0.9482 0.0000
vt 0.1355 0.6729 0.0000
vt 0.7749 0.3688 0.0000
vt 0.7793 0.3716 0.0000
vt 0.7824 0.3676 0.0000
vt 0.0779 0.5695 0.0000
vt 0.0567 0.5816 0.0000
vt 0.0620 0.5770 0.0000
vt 0.0753 0.5740 0.0000
vt 0.1070 0.9416 0.0000
vt 0.0953 0.9372 0.0000
vt 0.6769 0.1613 0.0000
vt 0.6763 0.1493 0.0000
vt 0.4252 0.3894 0.0000
vt 0.4335 0.3859 0.0000
vt 0.4252 0.4016 0.0000
vt 0.1282 0.2793 0.0000
vt 0.1063 0.2923 0.0000
vt 0.1122 0.2654 0.0000
vt 0.1018 0.2715 0.0000
vt 0.0828 0.6066 0.0000
vt 0.1030 0.7997 0.0000
vt 0.1258 0.8087 0.0000
vt 0.0786 0.5202 0.0000
vt 0.0943 0.5346 0.0000
vt 0.0839 0.5461 0.0000
vt 0.0713 0.5207 0.0000
vt 0.0650 0.4838 0.0000
vt 0.0672 0.5113 0.0000
vt 0.0568 0.4927 0.0000
vt 0.0941 0.4959 0.0000
vt 0.0844 0.4926 0.0000
vt 0.8492 0.2550 0.0000
vt 0.8258 0.2725 0.0000
vt 0.8219 0.2725 0.0000
vt 0.0942 0.5033 0.0000
vt 0.6863 0.1490 0.0000
vt 0.6857 0.1372 0.0000
vt 0.6859 0.1321 0.0000
vt 0.6864 0.1199 0.0000
vt 0.5793 0.9249 0.0000
vt 0.4712 0.6773 0.0000
vt 0.4648 0.6773 0.0000
vt 0.4648 0.6549 0.0000
vt 0.1458 0.6976 0.0000
vt 0.0799 0.6113 0.0000
vt 0.6857 0.1320 0.0000
vt 0.6760 0.1355 0.0000
vt 0.1483 0.6911 0.0000
vt 0.7933 0.3747 0.0000
vt 0.0926 0.9272 0.0000
vt 0.0953 0.9228 0.0000
vt 0.0781 0.5881 0.0000
vt 0.0753 0.5926 0.0000
vt 0.3105 0.0266 0.0000
vt 0.1587 0.3029 0.0000
vt 0.6765 0.1473 0.0000
vt 0.0933 0.9363 0.0000
vt 0.0818 0.9319 0.0000
vt 0.3516 0.0292 0.0000
vt 0.3623 0.0292 0.0000
vt 0.3488 0.0488 0.0000
vt 0.0944 0.5419 0.0000
vt 0.0645 0.5592 0.0000
vt 0.0567 0.5519 0.0000
vt 0.1600 0.9718 0.0000
vt 0.1625 0.9499 0.0000
vt 0.1432 0.9499 0.0000
vt 0.8484 0.2527 0.0000
vt 0.1404 0.9462 0.0000
vt 0.8264 0.2781 0.0000
vt 0.8221 0.2788 0.0000
vt 0.4712 0.6549 0.0000
vt 0.7195 0.3692 0.0000
vt 0.7350 0.3728 0.0000
vt 0.7198 0.3766 0.0000
vt 0.7198 0.3709 0.0000
vt 0.8284 0.2909 0.0000
vt 0.8244 0.2934 0.0000
vt 0.0681 0.5315 0.0000
vt 0.1371 0.9755 0.0000
vt 0.9204 0.9222 0.0000
vt 0.9492 0.8968 0.0000
vt 0.9503 0.9228 0.0000
vt 0.9193 0.8961 0.0000
vt 0.7411 0.3832 0.0000
vt 0.7414 0.3736 0.0000
vt 0.1408 0.9718 0.0000
vt 0.5505 0.1715 0.0000
vt 0.5599 0.1680 0.0000
vt 0.5701 0.1715 0.0000
vt 0.1254 0.7987 0.0000
vt 0.7415 0.3255 0.0000
vt 0.5506 0.1836 0.0000
vt 0.5909 0.1778 0.0000
vt 0.5701 0.1836 0.0000
vt 0.1041 0.5452 0.0000
vt 0.3149 0.0088 0.0000
vt 0.0926 0.9430 0.0000
vt 0.0567 0.6001 0.0000
vt 0.0623 0.5956 0.0000
vt 0.9175 0.9215 0.0000
vt 0.1537 0.3224 0.0000
vt 0.1318 0.3354 0.0000
vt 0.1123 0.3304 0.0000
vt 0.2341 0.8752 0.0000
vt 0.7156 0.3194 0.0000
vt 0.7207 0.3178 0.0000
vt 0.1159 0.9193 0.0000
vt 0.1583 0.3433 0.0000
vt 0.1479 0.3494 0.0000
vt 0.1235 0.5540 0.0000
vt 0.1213 0.5265 0.0000
vt 0.1316 0.5451 0.0000
vt 0.7354 0.3233 0.0000
vt 0.7333 0.3272 0.0000
vt 0.4547 0.6642 0.0000
vt 0.4323 0.6711 0.0000
vt 0.4323 0.6642 0.0000
vt 0.5910 0.1836 0.0000
vt 0.5970 0.1778 0.0000
vt 0.5971 0.1836 0.0000
vt 0.8580 0.2508 0.0000
vt 0.4670 0.4289 0.0000
vt 0.4510 0.4353 0.0000
vt 0.4671 0.4231 0.0000
vt 0.4511 0.4231 0.0000
vt 0.8623 0.2789 0.0000
vt 0.3255 0.7886 0.0000
vt 0.3255 0.7905 0.0000
vt 0.3250 0.7913 0.0000
vt 0.0767 0.9303 0.0000
vt 0.6767 0.1182 0.0000
vt 0.6762 0.1304 0.0000
vt 0.5489 0.9449 0.0000
vt 0.5443 0.9510 0.0000
vt 0.8337 0.2416 0.0000
vt 0.8597 0.2434 0.0000
vt 0.4547 0.6711 0.0000
vt 0.8718 0.2403 0.0000
vt 0.8739 0.2438 0.0000
vt 0.8626 0.2524 0.0000
vt 0.7848 0.8814 0.0000
vt 0.3168 0.6704 0.0000
vt 0.7330 0.3709 0.0000
vt 0.7208 0.3117 0.0000
vt 0.8661 0.2754 0.0000
vt 0.0613 0.6188 0.0000
vt 0.0672 0.6141 0.0000
vt 0.6735 0.1299 0.0000
vt 0.8020 0.3720 0.0000
vt 0.8049 0.3764 0.0000
vt 0.9703 0.7431 0.0000
vt 0.9724 0.7507 0.0000
vt 0.7961 0.3754 0.0000
vt 0.8583 0.2750 0.0000
vt 0.7426 0.3145 0.0000
vt 0.8994 0.1869 0.0000
vt 0.9146 0.1718 0.0000
vt 0.9058 0.1838 0.0000
vt 0.2004 0.3165 0.0000
vt 0.3718 0.6664 0.0000
vt 0.3488 0.6664 0.0000
vt 0.3704 0.6596 0.0000
vt 0.5668 0.7281 0.0000
vt 0.5677 0.7247 0.0000
vt 0.5821 0.7245 0.0000
vt 0.5825 0.7279 0.0000
vt 0.5322 0.9425 0.0000
vt 0.5295 0.9432 0.0000
vt 0.4287 0.9105 0.0000
vt 0.4231 0.9106 0.0000
vt 0.4283 0.9036 0.0000
vt 0.8149 0.5597 0.0000
vt 0.8172 0.5631 0.0000
vt 0.8077 0.3766 0.0000
vt 0.8101 0.3738 0.0000
vt 0.8149 0.5399 0.0000
vt 0.8080 0.5390 0.0000
vt 0.2401 0.8116 0.0000
vt 0.2434 0.8080 0.0000
vt 0.2410 0.8127 0.0000
vt 0.2283 0.7129 0.0000
vt 0.2398 0.8143 0.0000
vt 0.2405 0.7129 0.0000
vt 0.2455 0.8109 0.0000
vt 0.9031 0.1806 0.0000
vt 0.9048 0.1685 0.0000
vt 0.9077 0.1702 0.0000
vt 0.9795 0.7506 0.0000
vt 0.9750 0.7495 0.0000
vt 0.9795 0.7479 0.0000
vt 0.9751 0.7431 0.0000
vt 0.5011 0.4416 0.0000
vt 0.4787 0.4476 0.0000
vt 0.4787 0.4416 0.0000
vt 0.9617 0.6060 0.0000
vt 0.9606 0.6074 0.0000
vt 0.9613 0.6052 0.0000
vt 0.9586 0.6074 0.0000
vt 0.9601 0.6081 0.0000
vt 0.9607 0.6051 0.0000
vt 0.9309 0.6010 0.0000
vt 0.9750 0.6257 0.0000
vt 0.9752 0.6257 0.0000
vt 0.9750 0.6300 0.0000
vt 0.2425 0.8143 0.0000
vt 0.2420 0.8143 0.0000
vt 0.2388 0.8100 0.0000
vt 0.9594 0.6094 0.0000
vt 0.3642 0.2223 0.0000
vt 0.3617 0.2240 0.0000
vt 0.3634 0.2216 0.0000
vt 0.3619 0.2221 0.0000
vt 0.3611 0.2224 0.0000
vt 0.3642 0.2222 0.0000
vt 0.3503 0.6596 0.0000
vt 0.9309 0.6014 0.0000
vt 0.9309 0.6027 0.0000
vt 0.9309 0.6035 0.0000
vt 0.3641 0.2523 0.0000
vt 0.3637 0.2523 0.0000
vt 0.3625 0.2521 0.0000
vt 0.2215 0.8100 0.0000
vt 0.9531 0.6102 0.0000
vt 0.9309 0.6051 0.0000
vt 0.3581 0.2291 0.0000
vt 0.3598 0.2229 0.0000
vt 0.3616 0.2520 0.0000
vt 0.3601 0.2518 0.0000
vt 0.9309 0.6087 0.0000
vt 0.9309 0.6053 0.0000
vt 0.9507 0.6070 0.0000
vt 0.9612 0.6060 0.0000
vt 0.9571 0.6084 0.0000
vt 0.9571 0.6074 0.0000
vt 0.9605 0.6074 0.0000
vt 0.3635 0.2211 0.0000
vt 0.3620 0.2220 0.0000
vt 0.9505 0.6105 0.0000
vt 0.9309 0.6105 0.0000
vt 0.9571 0.6064 0.0000
vt 0.8971 0.2131 0.0000
vt 0.8532 0.2029 0.0000
vt 0.9060 0.5730 0.0000
vt 0.9042 0.5699 0.0000
vt 0.3139 0.2241 0.0000
vt 0.3046 0.2563 0.0000
vt 0.3035 0.2535 0.0000
vt 0.8080 0.5588 0.0000
vt 0.9845 0.8095 0.0000
vt 0.9843 0.8041 0.0000
vt 0.9846 0.8094 0.0000
vt 0.9857 0.8086 0.0000
vt 0.9842 0.8034 0.0000
vt 0.4111 0.0292 0.0000
vt 0.8542 0.1690 0.0000
vt 0.0623 0.9182 0.0000
vt 0.0646 0.9133 0.0000
vt 0.2385 0.8143 0.0000
vt 0.2346 0.8404 0.0000
vt 0.2350 0.8404 0.0000
vt 0.2349 0.8567 0.0000
vt 0.9750 0.5993 0.0000
vt 0.6507 0.7443 0.0000
vt 0.6590 0.7446 0.0000
vt 0.8590 0.1541 0.0000
vt 0.9030 0.1643 0.0000
vt 0.9766 0.5995 0.0000
vt 0.9787 0.6262 0.0000
vt 0.2362 0.8404 0.0000
vt 0.6775 0.1037 0.0000
vt 0.6866 0.1175 0.0000
vt 0.6568 0.7431 0.0000
vt 0.6529 0.7439 0.0000
vt 0.6509 0.7440 0.0000
vt 0.6771 0.1158 0.0000
vt 0.8511 0.1754 0.0000
vt 0.6834 0.0788 0.0000
vt 0.8545 0.1567 0.0000
vt 0.8510 0.1199 0.0000
vt 0.8516 0.1571 0.0000
vt 0.8532 0.1182 0.0000
vt 0.2328 0.8585 0.0000
vt 0.2328 0.8566 0.0000
vt 0.8597 0.4937 0.0000
vt 0.2328 0.8594 0.0000
vt 0.2385 0.8612 0.0000
vt 0.2328 0.8593 0.0000
vt 0.3214 0.7709 0.0000
vt 0.3257 0.7720 0.0000
vt 0.3210 0.7952 0.0000
vt 0.2389 0.8404 0.0000
vt 0.2320 0.8591 0.0000
vt 0.6457 0.7442 0.0000
vt 0.3106 0.2097 0.0000
vt 0.3025 0.2507 0.0000
vt 0.4092 0.4015 0.0000
vt 0.4091 0.3958 0.0000
vt 0.8072 0.3721 0.0000
vt 0.8542 0.3866 0.0000
vt 0.8077 0.3742 0.0000
vt 0.1013 0.3118 0.0000
vt 0.8437 0.5361 0.0000
vt 0.8438 0.5239 0.0000
vt 0.8482 0.1132 0.0000
vt 0.8627 0.4922 0.0000
vt 0.8734 0.4722 0.0000
vt 0.9087 0.6374 0.0000
vt 0.1046 0.4918 0.0000
vt 0.8336 0.5204 0.0000
vt 0.8242 0.5239 0.0000
vt 0.8080 0.5301 0.0000
vt 0.8242 0.5361 0.0000
vt 0.8405 0.1729 0.0000
vt 0.5865 0.6578 0.0000
vt 0.1172 0.5171 0.0000
vt 0.1099 0.5177 0.0000
vt 0.5821 0.7338 0.0000
vt 0.5668 0.7374 0.0000
vt 0.5677 0.7339 0.0000
vt 0.8405 0.1545 0.0000
vt 0.2143 0.8752 0.0000
vt 0.1240 0.4787 0.0000
vt 0.1204 0.5064 0.0000
vt 0.1319 0.4859 0.0000
vt 0.8079 0.5361 0.0000
vt 0.0899 0.3373 0.0000
vt 0.0845 0.3281 0.0000
vt 0.4798 0.6902 0.0000
vt 0.7988 0.5301 0.0000
vt 0.4091 0.4291 0.0000
vt 0.4092 0.4231 0.0000
vt 0.4315 0.4231 0.0000
vt 0.4315 0.4352 0.0000
vt 0.4427 0.4388 0.0000
vt 0.5262 0.9431 0.0000
vt 0.7987 0.5361 0.0000
vt 0.8072 0.3665 0.0000
vt 0.3919 0.1538 0.0000
vt 0.9006 0.5770 0.0000
vt 0.8984 0.5736 0.0000
vt 0.5292 0.6322 0.0000
vt 0.5215 0.6329 0.0000
vt 0.5231 0.6283 0.0000
vt 0.4432 0.8910 0.0000
vt 0.4408 0.8868 0.0000
vt 0.9633 0.6098 0.0000
vt 0.8084 0.3750 0.0000
vt 0.7857 0.3699 0.0000
vt 0.7950 0.3591 0.0000
vt 0.4173 0.1529 0.0000
vt 0.4134 0.1538 0.0000
vt 0.8447 0.4545 0.0000
vt 0.8530 0.4549 0.0000
vt 0.8447 0.4584 0.0000
vt 0.8530 0.4588 0.0000
vt 0.4743 0.6996 0.0000
vt 0.4683 0.6996 0.0000
vt 0.4602 0.6967 0.0000
vt 0.8034 0.6868 0.0000
vt 0.8054 0.6828 0.0000
vt 0.8252 0.6868 0.0000
vt 0.4616 0.6996 0.0000
vt 0.9604 0.6119 0.0000
vt 0.9136 0.1979 0.0000
vt 0.9652 0.2126 0.0000
vt 0.9163 0.2011 0.0000
vt 0.5065 0.6316 0.0000
vt 0.7941 0.7052 0.0000
vt 0.7955 0.6967 0.0000
vt 0.8001 0.7052 0.0000
vt 0.1988 0.5933 0.0000
vt 0.1988 0.5886 0.0000
vt 0.2073 0.5886 0.0000
vt 0.5358 0.6874 0.0000
vt 0.5358 0.6959 0.0000
vt 0.5344 0.6874 0.0000
vt 0.9146 0.2132 0.0000
vt 0.9117 0.2115 0.0000
vt 0.9048 0.2098 0.0000
vt 0.4895 0.9425 0.0000
vt 0.4957 0.9425 0.0000
vt 0.3600 0.2190 0.0000
vt 0.3615 0.2255 0.0000
vt 0.3599 0.2253 0.0000
vt 0.8491 0.0938 0.0000
vt 0.8521 0.0998 0.0000
vt 0.8405 0.1105 0.0000
vt 0.2639 0.1638 0.0000
vt 0.2659 0.1615 0.0000
vt 0.2448 0.1618 0.0000
vt 0.2051 0.5838 0.0000
vt 0.2101 0.5761 0.0000
vt 0.2073 0.5836 0.0000
vt 0.9571 0.6089 0.0000
vt 0.9657 0.8070 0.0000
vt 0.9383 0.9357 0.0000
vt 0.9379 0.9332 0.0000
vt 0.9386 0.9360 0.0000
vt 0.4091 0.7247 0.0000
vt 0.3918 0.7271 0.0000
vt 0.3906 0.7245 0.0000
vt 0.9336 0.9332 0.0000
vt 0.9842 0.8282 0.0000
vt 0.5361 0.9706 0.0000
vt 0.3617 0.7060 0.0000
vt 0.3620 0.7115 0.0000
vt 0.3427 0.7180 0.0000
vt 0.3621 0.7127 0.0000
vt 0.8410 0.4680 0.0000
vt 0.8396 0.4719 0.0000
vt 0.8707 0.4917 0.0000
vt 0.5825 0.7372 0.0000
vt 0.9027 0.6487 0.0000
vt 0.9008 0.6451 0.0000
vt 0.9063 0.6347 0.0000
vt 0.8345 0.4624 0.0000
vt 0.8239 0.4548 0.0000
vt 0.8422 0.4554 0.0000
vt 0.6517 0.6936 0.0000
vt 0.6503 0.6956 0.0000
vt 0.6503 0.6781 0.0000
vt 0.3833 0.0221 0.0000
vt 0.3844 0.0096 0.0000
vt 0.3872 0.0077 0.0000
vt 0.3827 0.0017 0.0000
vt 0.8984 0.5539 0.0000
vt 0.3043 0.1984 0.0000
vt 0.3039 0.1969 0.0000
vt 0.3047 0.1958 0.0000
vt 0.3975 0.0046 0.0000
vt 0.3969 0.0095 0.0000
vt 0.3943 0.0078 0.0000
vt 0.4001 0.0041 0.0000
vt 0.3992 0.0033 0.0000
vt 0.3929 0.0214 0.0000
vt 0.7802 0.9343 0.0000
vt 0.7849 0.9332 0.0000
vt 0.4741 0.9425 0.0000
vt 0.4847 0.9425 0.0000
vt 0.2409 0.1609 0.0000
vt 0.3988 0.0033 0.0000
vt 0.3070 0.1984 0.0000
vt 0.8225 0.9332 0.0000
vt 0.8241 0.9378 0.0000
vt 0.8219 0.9378 0.0000
vt 0.7941 0.9376 0.0000
vt 0.7895 0.9377 0.0000
vt 0.7894 0.9332 0.0000
vt 0.8915 0.5727 0.0000
vt 0.8915 0.5529 0.0000
vt 0.0393 0.3674 0.0000
vt 0.8541 0.0995 0.0000
vt 0.0429 0.3644 0.0000
vt 0.0506 0.3096 0.0000
vt 0.0467 0.3623 0.0000
vt 0.0537 0.3120 0.0000
vt 0.7692 0.6047 0.0000
vt 0.7217 0.6097 0.0000
vt 0.7152 0.6096 0.0000
vt 0.3396 0.7121 0.0000
vt 0.3978 0.0021 0.0000
vt 0.9842 0.9350 0.0000
vt 0.9846 0.9332 0.0000
vt 0.9864 0.9350 0.0000
vt 0.3957 0.0217 0.0000
vt 0.8422 0.4334 0.0000
vt 0.8353 0.4525 0.0000
vt 0.3860 0.0213 0.0000
vt 0.9342 0.9332 0.0000
vt 0.6110 0.7956 0.0000
vt 0.3624 0.1930 0.0000
vt 0.3581 0.1843 0.0000
vt 0.3626 0.1726 0.0000
vt 0.8596 0.7691 0.0000
vt 0.8590 0.7630 0.0000
vt 0.8628 0.7570 0.0000
vt 0.9886 0.7713 0.0000
vt 0.9842 0.7719 0.0000
vt 0.9887 0.7663 0.0000
vt 0.6211 0.7709 0.0000
vt 0.6211 0.7956 0.0000
vt 0.6242 0.7709 0.0000
vt 0.6242 0.7956 0.0000
vt 0.6267 0.7956 0.0000
vt 0.9727 0.7688 0.0000
vt 0.9703 0.7691 0.0000
vt 0.9732 0.7616 0.0000
vt 0.3783 0.7258 0.0000
vt 0.3628 0.7266 0.0000
vt 0.3765 0.7245 0.0000
vt 0.8651 0.8397 0.0000
vt 0.5993 0.7455 0.0000
vt 0.5993 0.7431 0.0000
vt 0.6240 0.7455 0.0000
vt 0.6240 0.7431 0.0000
vt 0.5993 0.7487 0.0000
vt 0.6240 0.7487 0.0000
vt 0.6735 0.7239 0.0000
vt 0.6856 0.7199 0.0000
vt 0.6874 0.7241 0.0000
vt 0.6890 0.7225 0.0000
vt 0.5993 0.7521 0.0000
vt 0.6240 0.7556 0.0000
vt 0.5993 0.7556 0.0000
vt 0.5993 0.7587 0.0000
vt 0.8126 0.8366 0.0000
vt 0.8373 0.8331 0.0000
vt 0.8373 0.8397 0.0000
vt 0.8126 0.8397 0.0000
vt 0.6086 0.7709 0.0000
vt 0.6086 0.7956 0.0000
vt 0.3316 0.0215 0.0000
vt 0.2794 0.0550 0.0000
vt 0.2774 0.0515 0.0000
vt 0.3302 0.0550 0.0000
vt 0.3328 0.0515 0.0000
vt 0.9090 0.9332 0.0000
vt 0.9061 0.9340 0.0000
vt 0.9082 0.9332 0.0000
vt 0.9054 0.9333 0.0000
vt 0.7205 0.9332 0.0000
vt 0.7153 0.9347 0.0000
vt 0.7152 0.9347 0.0000
vt 0.1459 0.6424 0.0000
vt 0.1458 0.6371 0.0000
vt 0.1499 0.6361 0.0000
vt 0.9200 0.1947 0.0000
vt 0.9379 0.7079 0.0000
vt 0.9379 0.7060 0.0000
vt 0.9443 0.7065 0.0000
vt 0.1501 0.6406 0.0000
vt 0.8126 0.8265 0.0000
vt 0.7664 0.4493 0.0000
vt 0.6110 0.7709 0.0000
vt 0.6176 0.7709 0.0000
vt 0.3010 0.2220 0.0000
vt 0.2978 0.2409 0.0000
vt 0.4658 0.5996 0.0000
vt 0.4634 0.5915 0.0000
vt 0.4674 0.5961 0.0000
vt 0.3007 0.2246 0.0000
vt 0.6267 0.7709 0.0000
vt 0.4475 0.5900 0.0000
vt 0.8405 0.8265 0.0000
vt 0.8651 0.8265 0.0000
vt 0.8651 0.8297 0.0000
vt 0.7641 0.4533 0.0000
vt 0.4452 0.0048 0.0000
vt 0.4485 0.0102 0.0000
vt 0.5475 0.7223 0.0000
vt 0.5475 0.7297 0.0000
vt 0.5390 0.7295 0.0000
vt 0.3034 0.2246 0.0000
vt 0.6240 0.7521 0.0000
vt 0.7486 0.6101 0.0000
vt 0.6240 0.7587 0.0000
vt 0.5475 0.7318 0.0000
vt 0.5390 0.7319 0.0000
vt 0.6240 0.7612 0.0000
vt 0.8373 0.8366 0.0000
vt 0.5548 0.7291 0.0000
vt 0.5993 0.7612 0.0000
vt 0.5559 0.7165 0.0000
vt 0.5547 0.7161 0.0000
vt 0.8451 0.7017 0.0000
vt 0.8465 0.6967 0.0000
vt 0.8485 0.7049 0.0000
vt 0.2675 0.0545 0.0000
vt 0.2155 0.0515 0.0000
vt 0.2707 0.0515 0.0000
vt 0.8373 0.8265 0.0000
vt 0.1885 0.5846 0.0000
vt 0.7485 0.7341 0.0000
vt 0.7433 0.7432 0.0000
vt 0.7431 0.7292 0.0000
vt 0.3815 0.1083 0.0000
vt 0.3815 0.1014 0.0000
vt 0.3831 0.0983 0.0000
vt 0.8569 0.7658 0.0000
vt 0.8545 0.7631 0.0000
vt 0.8571 0.7621 0.0000
vt 0.8568 0.7678 0.0000
vt 0.8561 0.7683 0.0000
vt 0.8551 0.7691 0.0000
vt 0.8544 0.7583 0.0000
vt 0.8556 0.7570 0.0000
vt 0.9485 0.7245 0.0000
vt 0.9545 0.7330 0.0000
vt 0.9471 0.7330 0.0000
vt 0.3856 0.0958 0.0000
vt 0.3956 0.0942 0.0000
vt 0.7338 0.9336 0.0000
vt 0.7339 0.9332 0.0000
vt 0.3674 0.2654 0.0000
vt 0.3675 0.2708 0.0000
vt 0.3674 0.2708 0.0000
vt 0.4012 0.0983 0.0000
vt 0.3987 0.0958 0.0000
vt 0.4033 0.1049 0.0000
vt 0.4028 0.1083 0.0000
vt 0.3831 0.1114 0.0000
vt 0.9098 0.6122 0.0000
vt 0.9309 0.6078 0.0000
vt 0.1988 0.5846 0.0000
vt 0.9146 0.6013 0.0000
vt 0.9126 0.5989 0.0000
vt 0.9120 0.5992 0.0000
vt 0.9101 0.6049 0.0000
vt 0.9072 0.6020 0.0000
vt 0.3921 0.0937 0.0000
vt 0.9125 0.5989 0.0000
vt 0.1942 0.5862 0.0000
vt 0.2101 0.5846 0.0000
vt 0.7388 0.9335 0.0000
vt 0.5902 0.6457 0.0000
vt 0.5900 0.6651 0.0000
vt 0.8330 0.7693 0.0000
vt 0.8312 0.7612 0.0000
vt 0.8331 0.7570 0.0000
vt 0.7266 0.0328 0.0000
vt 0.6689 0.7752 0.0000
vt 0.6721 0.7570 0.0000
vt 0.6726 0.7764 0.0000
vt 0.3720 0.4184 0.0000
vt 0.3726 0.4387 0.0000
vt 0.3721 0.4391 0.0000
vt 0.3956 0.6271 0.0000
vt 0.3992 0.6475 0.0000
vt 0.3952 0.6515 0.0000
vt 0.8173 0.9378 0.0000
vt 0.8188 0.9332 0.0000
vt 0.3987 0.1139 0.0000
vt 0.9122 0.5984 0.0000
vt 0.6740 0.0899 0.0000
vt 0.6735 0.0894 0.0000
vt 0.6740 0.0891 0.0000
vt 0.5854 0.7436 0.0000
vt 0.5854 0.7431 0.0000
vt 0.3921 0.1161 0.0000
vt 0.3956 0.1155 0.0000
vt 0.0659 0.6236 0.0000
vt 0.0763 0.6178 0.0000
vt 0.0877 0.6193 0.0000
vt 0.3887 0.1155 0.0000
vt 0.3856 0.1139 0.0000
vt 0.9122 0.5811 0.0000
vt 0.9613 0.5879 0.0000
vt 0.5390 0.7177 0.0000
vt 0.8080 0.7052 0.0000
vt 0.8034 0.7052 0.0000
vt 0.8080 0.6967 0.0000
vt 0.5521 0.7152 0.0000
vt 0.8126 0.9372 0.0000
vt 0.8080 0.9356 0.0000
vt 0.8126 0.9332 0.0000
vt 0.8961 0.7431 0.0000
vt 0.9064 0.7471 0.0000
vt 0.8961 0.7471 0.0000
vt 0.1510 0.3990 0.0000
vt 0.1704 0.3859 0.0000
vt 0.1668 0.4136 0.0000
vt 0.1782 0.3932 0.0000
vt 0.2375 0.6455 0.0000
vt 0.2326 0.6419 0.0000
vt 0.2452 0.6338 0.0000
vt 0.7616 0.4590 0.0000
vt 0.1635 0.4244 0.0000
vt 0.2236 0.6222 0.0000
vt 0.1562 0.4249 0.0000
vt 0.2457 0.6368 0.0000
vt 0.4277 0.1567 0.0000
vt 0.4368 0.1401 0.0000
vt 0.5066 0.1489 0.0000
vt 0.3767 0.5231 0.0000
vt 0.3773 0.5204 0.0000
vt 0.3767 0.5420 0.0000
vt 0.3723 0.5420 0.0000
vt 0.3720 0.5433 0.0000
vt 0.3721 0.5204 0.0000
vt 0.4846 0.1551 0.0000
vt 0.8408 0.7050 0.0000
vt 0.8405 0.6967 0.0000
vt 0.8423 0.7028 0.0000
vt 0.9935 0.7863 0.0000
vt 0.9966 0.7848 0.0000
vt 0.9935 0.7904 0.0000
vt 0.2500 0.6489 0.0000
vt 0.2384 0.6243 0.0000
vt 0.9147 0.9367 0.0000
vt 0.9147 0.9332 0.0000
vt 0.9150 0.9355 0.0000
vt 0.5011 0.4538 0.0000
vt 0.4651 0.4496 0.0000
vt 0.4091 0.4484 0.0000
vt 0.4649 0.4370 0.0000
vt 0.5122 0.4573 0.0000
vt 0.5206 0.4538 0.0000
vt 0.5546 0.7319 0.0000
vt 0.7979 0.6006 0.0000
vt 0.7979 0.6075 0.0000
vt 0.7755 0.6006 0.0000
vt 0.7974 0.3519 0.0000
vt 0.8215 0.3607 0.0000
vt 0.6527 0.9054 0.0000
vt 0.6657 0.8868 0.0000
vt 0.6681 0.9054 0.0000
vt 0.6657 0.9239 0.0000
vt 0.5715 0.8496 0.0000
vt 0.6094 0.8451 0.0000
vt 0.6503 0.9239 0.0000
vt 0.6503 0.8868 0.0000
vt 0.5804 0.6068 0.0000
vt 0.5832 0.6045 0.0000
vt 0.5957 0.6047 0.0000
vt 0.8091 0.7570 0.0000
vt 0.8110 0.7570 0.0000
vt 0.8080 0.7695 0.0000
vt 0.2659 0.0681 0.0000
vt 0.2659 0.0725 0.0000
vt 0.1355 0.1523 0.0000
vt 0.1872 0.3301 0.0000
vt 0.1837 0.3263 0.0000
vt 0.7863 0.3296 0.0000
vt 0.7755 0.6075 0.0000
vt 0.1895 0.6225 0.0000
vt 0.5715 0.8637 0.0000
vt 0.5986 0.6088 0.0000
vt 0.5804 0.6106 0.0000
vt 0.1885 0.6028 0.0000
vt 0.9100 0.7431 0.0000
vt 0.9203 0.7431 0.0000
vt 0.2515 0.6384 0.0000
vt 0.8080 0.8034 0.0000
vt 0.3666 0.1529 0.0000
vt 0.3705 0.1538 0.0000
vt 0.6899 0.5734 0.0000
vt 0.1900 0.9437 0.0000
vt 0.2908 0.1609 0.0000
vt 0.1859 0.9732 0.0000
vt 0.8447 0.4085 0.0000
vt 0.8530 0.4081 0.0000
vt 0.8530 0.4120 0.0000
vt 0.8447 0.4124 0.0000
vt 0.2588 0.6357 0.0000
vt 0.2575 0.6385 0.0000
vt 0.9935 0.7607 0.0000
vt 0.9956 0.7570 0.0000
vt 0.9957 0.7625 0.0000
vt 0.9773 0.7305 0.0000
vt 0.2687 0.6469 0.0000
vt 0.2630 0.6491 0.0000
vt 0.5206 0.4417 0.0000
vt 0.9176 0.7152 0.0000
vt 0.9176 0.7153 0.0000
vt 0.9100 0.7152 0.0000
vt 0.5405 0.9726 0.0000
vt 0.1401 0.6444 0.0000
vt 0.1556 0.6547 0.0000
vt 0.1587 0.6514 0.0000
vt 0.2869 0.1618 0.0000
vt 0.2678 0.1638 0.0000
vt 0.1505 0.4525 0.0000
vt 0.4589 0.1309 0.0000
vt 0.8177 0.3642 0.0000
vt 0.4435 0.9244 0.0000
vt 0.4412 0.9277 0.0000
vt 0.1495 0.6643 0.0000
vt 0.8422 0.4115 0.0000
vt 0.8353 0.4144 0.0000
vt 0.8345 0.4045 0.0000
vt 0.1945 0.2784 0.0000
vt 0.2418 0.3085 0.0000
vt 0.5367 0.4417 0.0000
vt 0.2199 0.3215 0.0000
vt 0.8961 0.7152 0.0000
vt 0.8997 0.7178 0.0000
vt 0.8963 0.7242 0.0000
vt 0.8179 0.3565 0.0000
vt 0.1596 0.6598 0.0000
vt 0.2476 0.6170 0.0000
vt 0.5366 0.4474 0.0000
vt 0.2738 0.6108 0.0000
vt 0.2612 0.6189 0.0000
vt 0.1677 0.4338 0.0000
vt 0.1407 0.4492 0.0000
vt 0.1407 0.4418 0.0000
vt 0.2680 0.6284 0.0000
vt 0.1944 0.6254 0.0000
vt 0.2001 0.6377 0.0000
vt 0.8180 0.3200 0.0000
vt 0.8177 0.3239 0.0000
vt 0.7986 0.3460 0.0000
vt 0.5614 0.2173 0.0000
vt 0.5809 0.2173 0.0000
vt 0.5716 0.2208 0.0000
vt 0.7963 0.3450 0.0000
vt 0.7767 0.5974 0.0000
vt 0.7767 0.5436 0.0000
vt 0.7967 0.5974 0.0000
vt 0.2828 0.6305 0.0000
vt 0.6874 0.7606 0.0000
vt 0.6874 0.7604 0.0000
vt 0.7024 0.7570 0.0000
vt 0.1584 0.3523 0.0000
vt 0.2664 0.6695 0.0000
vt 0.2653 0.6776 0.0000
vt 0.8232 0.3249 0.0000
vt 0.8242 0.3207 0.0000
vt 0.1961 0.6251 0.0000
vt 0.8358 0.3278 0.0000
vt 0.8386 0.3239 0.0000
vt 0.1421 0.9126 0.0000
vt 0.1399 0.9124 0.0000
vt 0.7967 0.5436 0.0000
vt 0.1421 0.9054 0.0000
vt 0.3217 0.3210 0.0000
vt 0.7151 0.7911 0.0000
vt 0.7013 0.7909 0.0000
vt 0.7061 0.7865 0.0000
vt 0.4547 0.6799 0.0000
vt 0.4323 0.6735 0.0000
vt 0.4547 0.6735 0.0000
vt 0.9332 0.7152 0.0000
vt 0.9392 0.7152 0.0000
vt 0.9351 0.7181 0.0000
vt 0.9396 0.7181 0.0000
vt 0.4548 0.2190 0.0000
vt 0.4512 0.2242 0.0000
vt 0.8530 0.4354 0.0000
vt 0.8530 0.4315 0.0000
vt 0.3939 0.1558 0.0000
vt 0.3900 0.1558 0.0000
vt 0.6835 0.0140 0.0000
vt 0.6730 0.0140 0.0000
vt 0.6727 0.0056 0.0000
vt 0.6830 0.0056 0.0000
vt 0.8447 0.4354 0.0000
vt 0.8447 0.4315 0.0000
vt 0.3349 0.0851 0.0000
vt 0.3370 0.0811 0.0000
vt 0.4804 0.9712 0.0000
vt 0.4804 0.9747 0.0000
vt 0.4957 0.9830 0.0000
vt 0.9300 0.9332 0.0000
vt 0.9300 0.9361 0.0000
vt 0.9286 0.9332 0.0000
vt 0.4804 0.9635 0.0000
vt 0.4804 0.9628 0.0000
vt 0.6687 0.0056 0.0000
vt 0.6690 0.0140 0.0000
vt 0.8353 0.4334 0.0000
vt 0.8239 0.4334 0.0000
vt 0.3220 0.0940 0.0000
vt 0.5809 0.2051 0.0000
vt 0.5613 0.2051 0.0000
vt 0.5405 0.2052 0.0000
vt 0.5406 0.2109 0.0000
vt 0.5327 0.6273 0.0000
vt 0.5327 0.6318 0.0000
vt 0.2464 0.3294 0.0000
vt 0.4323 0.6799 0.0000
vt 0.2360 0.3355 0.0000
vt 0.5207 0.6330 0.0000
vt 0.5345 0.2109 0.0000
vt 0.8869 0.7249 0.0000
vt 0.8868 0.7152 0.0000
vt 0.8899 0.7189 0.0000
vt 0.1698 0.4612 0.0000
vt 0.1780 0.4523 0.0000
vt 0.8126 0.7051 0.0000
vt 0.8134 0.6974 0.0000
vt 0.8178 0.6967 0.0000
vt 0.8358 0.9376 0.0000
vt 0.8364 0.9332 0.0000
vt 0.8366 0.9377 0.0000
vt 0.3192 0.0928 0.0000
vt 0.8497 0.7603 0.0000
vt 0.8510 0.7570 0.0000
vt 0.8509 0.7692 0.0000
vt 0.3567 0.7401 0.0000
vt 0.3535 0.7283 0.0000
vt 0.3587 0.7199 0.0000
vt 0.8309 0.9332 0.0000
vt 0.8311 0.9347 0.0000
vt 0.8265 0.9332 0.0000
vt 0.3200 0.0900 0.0000
vt 0.7869 0.7052 0.0000
vt 0.7802 0.7052 0.0000
vt 0.7809 0.6967 0.0000
vt 0.5344 0.2052 0.0000
vt 0.9229 0.7199 0.0000
vt 0.9206 0.7286 0.0000
vt 0.9193 0.7199 0.0000
vt 0.2986 0.2428 0.0000
vt 0.2981 0.2414 0.0000
vt 0.2986 0.2397 0.0000
vt 0.9683 0.2063 0.0000
vt 0.9587 0.6191 0.0000
vt 0.1437 0.2017 0.0000
vt 0.3152 0.0947 0.0000
vt 0.9678 0.2246 0.0000
vt 0.9649 0.2249 0.0000
vt 0.8961 0.6005 0.0000
vt 0.4459 0.0223 0.0000
vt 0.2181 0.0545 0.0000
vt 0.4520 0.0087 0.0000
vt 0.4473 0.0048 0.0000
vt 0.4459 0.0044 0.0000
vt 0.3365 0.3569 0.0000
vt 0.3364 0.3569 0.0000
vt 0.4277 0.5961 0.0000
vt 0.4317 0.5915 0.0000
vt 0.4292 0.5996 0.0000
vt 0.3002 0.2483 0.0000
vt 0.7641 0.4136 0.0000
vt 0.0549 0.3001 0.0000
vt 0.0515 0.3029 0.0000
vt 0.0592 0.2483 0.0000
vt 0.1403 0.6211 0.0000
vt 0.8239 0.4121 0.0000
vt 0.9756 0.4837 0.0000
vt 0.4490 0.0221 0.0000
vt 0.9783 0.4841 0.0000
vt 0.7729 0.6105 0.0000
vt 0.4475 0.5978 0.0000
vt 0.6967 0.9347 0.0000
vt 0.6968 0.9346 0.0000
vt 0.7019 0.9332 0.0000
vt 0.9072 0.5823 0.0000
vt 0.6241 0.2939 0.0000
vt 0.7485 0.6101 0.0000
vt 0.7187 0.6039 0.0000
vt 0.1406 0.4105 0.0000
vt 0.1405 0.4032 0.0000
vt 0.2395 0.4706 0.0000
vt 0.2476 0.4617 0.0000
vt 0.4477 0.1743 0.0000
vt 0.4416 0.1743 0.0000
vt 0.4417 0.1686 0.0000
vt 0.2439 0.7223 0.0000
vt 0.2404 0.7325 0.0000
vt 0.2341 0.7533 0.0000
vt 0.2283 0.7324 0.0000
vt 0.1942 0.6195 0.0000
vt 0.0752 0.9117 0.0000
vt 0.1334 0.9116 0.0000
vt 0.5519 0.6519 0.0000
vt 0.5475 0.6471 0.0000
vt 0.8497 0.9376 0.0000
vt 0.8505 0.9332 0.0000
vt 0.8526 0.9332 0.0000
vt 0.6036 0.6825 0.0000
vt 0.5974 0.6808 0.0000
vt 0.6036 0.6781 0.0000
vt 0.9889 0.8281 0.0000
vt 0.9889 0.8219 0.0000
vt 0.9916 0.8281 0.0000
vt 0.1308 0.3999 0.0000
vt 0.1136 0.4186 0.0000
vt 0.6238 0.2283 0.0000
vt 0.9789 0.2088 0.0000
vt 0.9789 0.2271 0.0000
vt 0.2163 0.2654 0.0000
vt 0.2359 0.2704 0.0000
vt 0.1334 0.9054 0.0000
vt 0.3720 0.2928 0.0000
vt 0.3674 0.2887 0.0000
vt 0.3769 0.2886 0.0000
vt 0.1911 0.2190 0.0000
vt 0.9802 0.9332 0.0000
vt 0.9796 0.9357 0.0000
vt 0.7111 0.7848 0.0000
vt 0.7159 0.7885 0.0000
vt 0.6921 0.7904 0.0000
vt 0.6839 0.7962 0.0000
vt 0.6870 0.7894 0.0000
vt 0.6975 0.7942 0.0000
vt 0.6828 0.7938 0.0000
vt 0.9810 0.7848 0.0000
vt 0.9796 0.7909 0.0000
vt 0.4589 0.0266 0.0000
vt 0.5299 0.1314 0.0000
vt 0.5307 0.1350 0.0000
vt 0.4686 0.1622 0.0000
vt 0.4788 0.1587 0.0000
vt 0.1910 0.6184 0.0000
vt 0.4478 0.1686 0.0000
vt 0.1303 0.4533 0.0000
vt 0.9750 0.3439 0.0000
vt 0.9764 0.3396 0.0000
vt 0.9765 0.3978 0.0000
vt 0.4686 0.1743 0.0000
vt 0.9754 0.4668 0.0000
vt 0.9761 0.4653 0.0000
vt 0.9757 0.4685 0.0000
vt 0.9649 0.1387 0.0000
vt 0.9652 0.1264 0.0000
vt 0.0618 0.2513 0.0000
vt 0.9623 0.1437 0.0000
vt 0.9945 0.9332 0.0000
vt 0.9935 0.9332 0.0000
vt 0.8948 0.9332 0.0000
vt 0.8952 0.9342 0.0000
vt 0.8915 0.9335 0.0000
vt 0.9022 0.7106 0.0000
vt 0.9086 0.7107 0.0000
vt 0.9008 0.7136 0.0000
vt 0.9608 0.1437 0.0000
vt 0.9889 0.9332 0.0000
vt 0.9907 0.9332 0.0000
vt 0.8853 0.9346 0.0000
vt 0.8822 0.9333 0.0000
vt 0.8860 0.9332 0.0000
vt 0.9480 0.9336 0.0000
vt 0.9498 0.9332 0.0000
vt 0.9471 0.9342 0.0000
vt 0.9687 0.7984 0.0000
vt 0.9657 0.7956 0.0000
vt 0.9713 0.7974 0.0000
vt 0.9724 0.7941 0.0000
vt 0.9239 0.9364 0.0000
vt 0.9245 0.9332 0.0000
vt 0.9261 0.9364 0.0000
vt 0.6036 0.6882 0.0000
vt 0.9784 0.4841 0.0000
vt 0.9784 0.4602 0.0000
vt 0.1917 0.6028 0.0000
vt 0.5606 0.6639 0.0000
vt 0.5521 0.6639 0.0000
vt 0.5358 0.7062 0.0000
vt 0.5450 0.6639 0.0000
vt 0.5442 0.6588 0.0000
vt 0.5436 0.6519 0.0000
vt 0.9425 0.9332 0.0000
vt 0.9448 0.9359 0.0000
vt 0.9425 0.9359 0.0000
vt 0.7895 0.7052 0.0000
vt 0.7894 0.6967 0.0000
vt 0.7895 0.6967 0.0000
vt 0.5947 0.6542 0.0000
vt 0.5954 0.6457 0.0000
vt 0.5968 0.6542 0.0000
vt 0.9286 0.7591 0.0000
vt 0.9290 0.7570 0.0000
vt 0.9391 0.7587 0.0000
vt 0.9239 0.7461 0.0000
vt 0.9242 0.7431 0.0000
vt 0.9342 0.7461 0.0000
vt 0.7015 0.8085 0.0000
vt 0.6967 0.8039 0.0000
vt 0.7107 0.8034 0.0000
vt 0.5854 0.6882 0.0000
vt 0.5951 0.6781 0.0000
vt 0.8944 0.7289 0.0000
vt 0.8915 0.7279 0.0000
vt 0.8943 0.7199 0.0000
vt 0.2236 0.8776 0.0000
vt 0.2244 0.8776 0.0000
vt 0.2236 0.8861 0.0000
vt 0.9177 0.7332 0.0000
vt 0.9100 0.7332 0.0000
vt 0.9154 0.7245 0.0000
vt 0.9332 0.7245 0.0000
vt 0.9355 0.7245 0.0000
vt 0.9332 0.7332 0.0000
vt 0.9239 0.7332 0.0000
vt 0.9293 0.7245 0.0000
vt 0.9306 0.7332 0.0000
vt 0.4633 0.0088 0.0000
vt 0.2051 0.0488 0.0000
vt 0.9777 0.4558 0.0000
vt 0.9750 0.4560 0.0000
vt 0.9750 0.3999 0.0000
vt 0.9750 0.7919 0.0000
vt 0.9750 0.7848 0.0000
vt 0.1355 0.6028 0.0000
vt 0.9706 0.7583 0.0000
vt 0.9657 0.7645 0.0000
vt 0.9657 0.7570 0.0000
vt 0.5444 0.6482 0.0000
vt 0.9610 0.7338 0.0000
vt 0.9691 0.7366 0.0000
vt 0.9612 0.7408 0.0000
vt 0.5622 0.6088 0.0000
vt 0.5651 0.6047 0.0000
vt 0.2469 0.2890 0.0000
vt 0.5684 0.6039 0.0000
vt 0.8776 0.7667 0.0000
vt 0.8800 0.7616 0.0000
vt 0.8782 0.7736 0.0000
vt 0.7245 0.9364 0.0000
vt 0.7245 0.9332 0.0000
vt 0.7296 0.9356 0.0000
vt 0.8961 0.5807 0.0000
vt 0.9221 0.9364 0.0000
vt 0.9193 0.9362 0.0000
vt 0.9221 0.9332 0.0000
vt 0.2078 0.0292 0.0000
vt 0.2185 0.0292 0.0000
vt 0.7570 0.7390 0.0000
vt 0.7653 0.7384 0.0000
vt 0.7570 0.7516 0.0000
vt 0.7653 0.7510 0.0000
vt 0.9193 0.4435 0.0000
vt 0.3813 0.3144 0.0000
vt 0.3813 0.2944 0.0000
vt 0.4351 0.2944 0.0000
vt 0.4350 0.3144 0.0000
vt 0.9215 0.4445 0.0000
vt 0.2637 0.4787 0.0000
vt 0.3089 0.9055 0.0000
vt 0.2967 0.8860 0.0000
vt 0.3088 0.8860 0.0000
vt 0.3088 0.9216 0.0000
vt 0.3030 0.9216 0.0000
vt 0.2967 0.9056 0.0000
vt 0.2932 0.8972 0.0000
vt 0.2003 0.2514 0.0000
vt 0.1899 0.2576 0.0000
vt 0.2283 0.7593 0.0000
vt 0.2341 0.7594 0.0000
vt 0.1114 0.3911 0.0000
vt 0.1032 0.4000 0.0000
vt 0.1250 0.4274 0.0000
vt 0.1177 0.4280 0.0000
vt 0.2283 0.7532 0.0000
vt 0.1144 0.4387 0.0000
vt 0.1109 0.4664 0.0000
vt 0.1030 0.4592 0.0000
vt 0.5972 0.2111 0.0000
vt 0.5971 0.2051 0.0000
vt 0.2637 0.2727 0.0000
vt 0.2582 0.2635 0.0000
vt 0.6063 0.2051 0.0000
vt 0.6064 0.2111 0.0000
vt 0.3028 0.8637 0.0000
vt 0.3088 0.8637 0.0000
vt 0.4028 0.1014 0.0000
vt 0.4213 0.0635 0.0000
vt 0.4281 0.0683 0.0000
# 4588 texture coords

o PiernasBoss
g PiernasBoss
s off
f 1/1/1 2/2/1 3/3/1 
f 4/4/2 5/5/2 6/6/2 
f 7/7/2 8/8/2 5/5/2 
f 9/9/3 8/8/3 7/7/3 
f 10/10/4 11/11/4 3/3/4 
f 9/9/5 12/12/5 8/8/5 
f 13/13/6 6/6/6 5/5/6 
f 10/10/7 3/3/7 2/2/7 
f 13/13/8 5/5/8 8/8/8 
f 14/14/9 15/15/9 16/16/9 
f 17/17/10 18/18/10 19/19/10 
f 3/20/11 11/21/11 20/22/11 
f 21/23/12 1/24/12 20/22/12 
f 22/25/13 23/26/13 24/27/13 
f 25/28/14 22/25/14 24/27/14 
f 16/16/15 24/27/15 23/26/15 
f 16/16/16 15/15/16 24/27/16 
f 26/29/17 23/26/17 22/25/17 
f 27/30/18 28/31/18 29/32/18 
f 28/31/19 30/33/19 29/32/19 
f 12/12/2 31/34/2 8/8/2 
f 26/29/2 8/8/2 31/34/2 
f 26/29/20 22/25/20 8/8/20 
f 31/34/21 23/26/21 26/29/21 
f 16/16/22 23/26/22 31/34/22 
f 32/35/23 33/36/23 34/37/23 
f 35/38/24 34/37/24 33/36/24 
f 36/39/25 37/40/25 38/41/25 
f 30/42/26 28/43/26 39/44/26 
f 36/39/27 40/45/27 41/46/27 
f 42/47/28 43/48/28 44/49/28 
f 45/50/29 46/51/29 47/52/29 
f 48/53/30 49/54/30 50/55/30 
f 51/56/31 42/47/31 48/53/31 
f 49/54/31 48/53/31 42/47/31 
f 42/47/32 44/49/32 49/54/32 
f 52/57/33 53/58/33 54/59/33 
f 49/54/34 44/49/34 55/60/34 
f 56/61/35 57/62/35 58/63/35 
f 59/64/36 60/65/36 50/55/36 
f 61/66/36 50/55/36 60/65/36 
f 62/67/37 53/58/37 29/32/37 
f 29/32/38 63/68/38 62/67/38 
f 59/64/30 50/55/30 49/54/30 
f 27/30/39 29/32/39 53/58/39 
f 64/69/40 65/70/40 27/30/40 
f 20/22/41 66/71/41 21/23/41 
f 27/30/42 65/70/42 28/31/42 
f 27/30/43 53/58/43 64/69/43 
f 67/72/44 68/73/44 69/74/44 
f 70/74/45 69/74/45 68/73/45 
f 44/75/46 71/76/46 55/77/46 
f 59/64/47 49/54/47 55/60/47 
f 60/65/48 72/78/48 61/66/48 
f 61/66/48 72/78/48 73/79/48 
f 74/80/49 75/81/49 76/82/49 
f 77/83/50 55/77/50 71/76/50 
f 76/82/51 55/77/51 74/80/51 
f 77/83/51 74/80/51 55/77/51 
f 60/65/52 78/84/52 72/78/52 
f 79/85/53 80/86/53 81/87/53 
f 60/65/54 76/88/54 78/84/54 
f 59/64/55 76/88/55 60/65/55 
f 76/88/56 59/64/56 55/60/56 
f 82/89/57 83/90/57 84/91/57 
f 85/92/58 86/93/58 87/94/58 
f 85/95/59 88/96/59 89/97/59 
f 85/95/60 90/98/60 88/96/60 
f 91/99/61 88/96/61 90/98/61 
f 90/100/62 85/101/62 92/102/62 
f 93/103/63 92/102/63 85/101/63 
f 94/104/64 95/105/64 45/106/64 
f 45/106/65 95/105/65 96/107/65 
f 81/87/66 97/108/66 98/109/66 
f 98/109/67 99/110/67 81/87/67 
f 58/111/2 57/112/2 100/113/2 
f 101/114/68 100/113/68 93/115/68 
f 18/18/69 102/116/69 19/19/69 
f 103/117/70 1/118/70 104/119/70 
f 104/119/70 105/120/70 103/117/70 
f 105/120/71 106/121/71 18/122/71 
f 107/123/72 108/124/72 109/125/72 
f 18/18/73 103/126/73 105/127/73 
f 17/17/74 103/126/74 18/18/74 
f 2/2/75 1/1/75 103/128/75 
f 110/129/76 105/120/76 104/119/76 
f 110/129/77 106/121/77 105/120/77 
f 92/130/2 100/113/2 57/112/2 
f 111/131/78 112/132/78 113/133/78 
f 92/130/79 93/115/79 100/113/79 
f 58/111/80 100/113/80 66/71/80 
f 114/134/81 115/135/81 111/131/81 
f 66/136/82 56/61/82 58/63/82 
f 116/137/83 117/138/83 118/139/83 
f 116/140/84 118/141/84 119/142/84 
f 66/71/85 20/22/85 56/143/85 
f 21/23/86 110/144/86 104/145/86 
f 104/145/87 1/24/87 21/23/87 
f 109/146/88 120/147/88 121/148/88 
f 88/96/89 122/149/89 123/150/89 
f 88/96/89 91/99/89 122/149/89 
f 121/148/90 124/151/90 109/146/90 
f 89/97/89 88/96/89 123/150/89 
f 125/152/91 118/141/91 126/153/91 
f 118/141/92 125/152/92 119/142/92 
f 126/153/93 118/141/93 127/154/93 
f 126/153/94 127/154/94 128/155/94 
f 95/156/95 94/157/95 34/158/95 
f 95/156/96 34/158/96 129/159/96 
f 130/160/97 131/161/97 132/162/97 
f 131/161/98 130/160/98 133/163/98 
f 45/106/99 96/107/99 134/164/99 
f 135/165/100 136/166/100 137/167/100 
f 127/168/101 138/169/101 128/170/101 
f 138/169/102 118/139/102 117/138/102 
f 139/171/103 140/172/103 134/173/103 
f 141/174/104 134/173/104 140/172/104 
f 142/175/105 128/170/105 138/169/105 
f 118/139/106 138/169/106 127/168/106 
f 134/173/107 96/176/107 139/171/107 
f 117/177/108 124/178/108 138/179/108 
f 142/180/109 138/179/109 143/181/109 
f 139/171/110 144/182/110 140/172/110 
f 121/183/111 145/184/111 143/185/111 
f 139/186/112 96/107/112 95/105/112 
f 138/179/113 124/178/113 121/187/113 
f 114/134/114 99/188/114 115/135/114 
f 120/189/115 109/125/115 146/190/115 
f 107/123/116 147/191/116 108/124/116 
f 109/125/117 108/124/117 146/190/117 
f 99/188/118 114/134/118 81/192/118 
f 144/182/119 148/193/119 140/172/119 
f 149/194/120 99/110/120 98/109/120 
f 149/194/121 115/195/121 99/110/121 
f 140/196/122 148/197/122 150/198/122 
f 138/179/109 121/187/109 143/181/109 
f 139/186/123 151/199/123 144/200/123 
f 152/201/124 153/202/124 154/203/124 
f 155/204/125 156/205/125 154/206/125 
f 98/207/126 156/205/126 149/208/126 
f 156/205/127 98/207/127 97/209/127 
f 157/210/128 158/211/128 159/210/128 
f 160/212/129 161/213/129 162/213/129 
f 163/214/130 164/214/130 165/215/130 
f 166/216/131 165/215/131 167/217/131 
f 167/217/132 164/214/132 168/218/132 
f 169/211/133 164/219/133 163/219/133 
f 170/220/89 171/221/89 164/222/89 
f 164/214/134 167/217/134 165/215/134 
f 164/219/133 169/211/133 158/211/133 
f 158/223/89 162/224/89 164/222/89 
f 170/220/89 164/222/89 162/224/89 
f 161/225/135 172/226/135 170/227/135 
f 161/225/136 170/227/136 162/225/136 
f 171/228/137 167/229/137 168/230/137 
f 168/231/89 164/222/89 171/221/89 
f 172/232/138 171/233/138 170/234/138 
f 173/235/89 174/236/89 157/237/89 
f 175/238/89 173/235/89 176/239/89 
f 157/237/89 176/239/89 173/235/89 
f 177/240/139 178/241/139 175/240/139 
f 173/241/140 175/240/140 178/241/140 
f 179/242/141 180/243/141 176/244/141 
f 181/245/142 176/244/142 180/243/142 
f 181/246/89 175/238/89 176/239/89 
f 180/243/143 182/247/143 181/245/143 
f 182/247/144 177/240/144 181/245/144 
f 175/240/139 181/245/139 177/240/139 
f 179/248/145 183/249/145 167/250/145 
f 184/251/146 185/252/146 186/253/146 
f 174/236/89 158/223/89 157/237/89 
f 162/224/89 158/223/89 174/236/89 
f 169/211/147 159/210/147 158/211/147 
f 174/254/148 173/255/148 178/255/148 
f 174/254/149 178/255/149 160/212/149 
f 162/213/150 174/254/150 160/212/150 
f 143/185/151 136/166/151 135/165/151 
f 179/242/152 167/229/152 180/243/152 
f 171/228/153 180/243/153 167/229/153 
f 180/256/154 171/233/154 182/257/154 
f 172/232/155 182/257/155 171/233/155 
f 143/181/156 135/258/156 142/180/156 
f 169/259/2 161/260/2 160/261/2 
f 172/232/2 161/260/2 163/262/2 
f 169/259/2 163/262/2 161/260/2 
f 165/263/2 67/264/2 163/262/2 
f 187/265/157 188/266/157 189/267/157 
f 190/268/158 187/265/158 185/252/158 
f 189/267/158 185/252/158 187/265/158 
f 185/252/159 189/267/159 186/253/159 
f 177/269/2 191/270/2 178/271/2 
f 159/272/2 178/271/2 191/270/2 
f 182/257/2 191/270/2 177/269/2 
f 169/259/2 160/261/2 159/272/2 
f 178/271/2 159/272/2 160/261/2 
f 163/262/2 182/257/2 172/232/2 
f 192/273/160 193/274/160 122/149/160 
f 194/275/161 193/274/161 192/273/161 
f 166/216/162 193/276/162 195/277/162 
f 196/278/163 195/277/163 193/276/163 
f 192/279/164 90/100/164 194/280/164 
f 197/281/165 192/273/165 122/149/165 
f 192/273/166 197/281/166 91/99/166 
f 192/273/167 91/99/167 90/98/167 
f 90/100/168 198/282/168 194/280/168 
f 48/283/169 199/284/169 200/285/169 
f 165/215/170 166/216/170 195/277/170 
f 200/286/171 201/287/171 202/288/171 
f 20/22/172 155/204/172 56/143/172 
f 202/288/173 201/287/173 203/289/173 
f 152/201/174 204/290/174 153/202/174 
f 154/206/175 153/291/175 155/204/175 
f 199/292/176 201/293/176 200/294/176 
f 155/204/177 153/291/177 56/143/177 
f 196/278/178 198/282/178 195/277/178 
f 202/295/179 48/283/179 200/285/179 
f 91/296/180 197/297/180 122/298/180 
f 195/277/181 68/299/181 165/215/181 
f 57/62/182 153/202/182 204/290/182 
f 48/283/183 50/300/183 199/284/183 
f 205/301/183 199/284/183 50/300/183 
f 56/61/184 153/202/184 57/62/184 
f 201/293/185 199/292/185 205/302/185 
f 206/303/186 207/303/186 159/210/186 
f 157/210/186 159/210/186 207/303/186 
f 204/304/2 152/305/2 208/306/2 
f 57/112/2 204/304/2 92/130/2 
f 92/130/2 204/304/2 208/306/2 
f 209/307/2 208/306/2 152/305/2 
f 85/101/187 210/308/187 93/103/187 
f 211/309/188 42/310/188 51/311/188 
f 51/311/188 212/312/188 211/309/188 
f 211/309/189 213/313/189 42/310/189 
f 87/314/190 210/308/190 85/101/190 
f 210/308/191 214/315/191 215/316/191 
f 215/316/187 93/103/187 210/308/187 
f 48/283/192 202/295/192 51/317/192 
f 216/318/193 217/319/193 218/320/193 
f 219/321/194 123/150/194 218/320/194 
f 123/150/160 216/318/160 218/320/160 
f 220/322/195 221/323/195 218/324/195 
f 219/325/2 218/326/2 206/327/2 
f 207/328/2 206/327/2 218/326/2 
f 216/318/196 222/329/196 217/319/196 
f 223/330/197 213/313/197 211/309/197 
f 222/331/198 216/332/198 224/333/198 
f 224/334/199 176/335/199 225/336/199 
f 207/337/200 218/324/200 221/323/200 
f 43/338/201 42/310/201 213/313/201 
f 211/309/202 226/339/202 227/340/202 
f 228/341/203 229/342/203 188/266/203 
f 179/242/137 176/244/137 216/332/137 
f 230/343/204 231/344/204 188/345/204 
f 188/266/157 232/346/157 189/267/157 
f 207/337/199 225/336/199 157/347/199 
f 224/333/137 216/332/137 176/244/137 
f 232/346/203 188/266/203 229/342/203 
f 176/335/199 157/347/199 225/336/199 
f 86/93/205 224/333/205 233/348/205 
f 85/92/206 217/349/206 222/331/206 
f 222/331/58 224/333/58 86/93/58 
f 222/331/58 86/93/58 85/92/58 
f 234/350/207 186/253/207 189/267/207 
f 225/351/208 233/348/208 224/333/208 
f 235/352/209 236/353/209 237/354/209 
f 232/346/210 234/350/210 189/267/210 
f 235/352/211 238/355/211 236/353/211 
f 225/336/212 207/337/212 221/323/212 
f 229/342/213 228/341/213 239/356/213 
f 225/357/214 221/358/214 240/359/214 
f 225/357/215 240/359/215 233/360/215 
f 241/361/213 239/356/213 228/341/213 
f 220/362/216 218/320/216 217/319/216 
f 89/97/217 240/363/217 220/362/217 
f 85/95/218 89/97/218 217/319/218 
f 220/362/219 217/319/219 89/97/219 
f 220/362/220 240/363/220 221/364/220 
f 242/365/221 243/366/221 234/367/221 
f 244/368/222 229/342/222 239/356/222 
f 244/368/223 242/369/223 229/342/223 
f 229/342/224 242/369/224 232/346/224 
f 242/369/225 234/350/225 232/346/225 
f 185/370/226 245/371/226 190/372/226 
f 87/94/227 86/93/227 210/373/227 
f 123/374/228 219/375/228 89/376/228 
f 246/377/229 247/378/229 235/379/229 
f 191/270/2 182/257/2 163/262/2 
f 191/270/2 163/262/2 67/264/2 
f 159/210/133 233/348/133 206/303/133 
f 240/380/230 206/303/230 233/348/230 
f 245/371/231 248/381/231 249/382/231 
f 184/383/232 186/384/232 248/385/232 
f 86/93/233 233/348/233 210/373/233 
f 210/373/234 159/210/234 214/386/234 
f 159/210/133 210/373/133 233/348/133 
f 191/387/133 214/386/133 159/210/133 
f 248/381/235 245/371/235 185/370/235 
f 248/381/236 185/370/236 184/388/236 
f 206/303/237 240/380/237 219/375/237 
f 250/389/238 246/390/238 251/391/238 
f 245/392/239 252/393/239 253/394/239 
f 235/352/240 237/354/240 251/395/240 
f 89/376/234 219/375/234 240/380/234 
f 245/392/241 249/396/241 252/393/241 
f 245/371/242 253/397/242 254/398/242 
f 237/354/243 84/399/243 251/395/243 
f 237/400/244 255/401/244 84/402/244 
f 82/403/244 84/402/244 255/401/244 
f 190/372/226 245/371/226 256/404/226 
f 257/405/245 258/406/245 259/407/245 
f 257/405/246 259/407/246 260/408/246 
f 245/371/247 254/398/247 256/404/247 
f 261/409/248 262/410/248 263/411/248 
f 264/412/249 261/409/249 263/411/249 
f 265/413/250 266/414/250 267/415/250 
f 264/412/251 268/416/251 261/409/251 
f 265/417/252 269/417/252 266/418/252 
f 269/417/253 268/416/253 266/418/253 
f 264/412/254 266/418/254 268/416/254 
f 257/405/255 262/410/255 261/409/255 
f 269/419/256 265/419/256 270/420/256 
f 267/415/257 270/421/257 265/413/257 
f 271/422/258 268/416/258 269/417/258 
f 261/423/257 268/424/257 270/425/257 
f 270/426/259 268/427/259 269/428/259 
f 257/405/260 272/429/260 262/410/260 
f 261/430/261 270/431/262 273/432/261 
f 261/430/23 273/432/23 32/35/23 
f 274/433/263 275/434/263 261/435/263 
f 261/430/264 32/35/264 274/436/264 
f 269/417/265 274/437/265 271/422/265 
f 274/437/251 268/416/251 271/422/251 
f 276/438/266 256/404/266 277/439/266 
f 268/440/267 274/441/267 269/442/267 
f 277/439/268 256/404/268 278/443/268 
f 257/405/269 279/444/269 272/429/269 
f 260/408/270 279/444/270 257/405/270 
f 280/445/89 273/446/89 267/445/89 
f 270/447/89 267/445/89 273/446/89 
f 281/448/271 282/449/271 283/450/271 
f 196/278/168 194/280/168 198/282/168 
f 284/451/272 285/452/272 266/414/272 
f 267/415/273 266/414/273 285/452/273 
f 266/418/274 264/412/274 284/453/274 
f 286/454/275 287/455/275 288/456/275 
f 289/457/276 290/458/276 281/459/276 
f 289/457/277 281/459/277 276/438/277 
f 286/460/278 276/438/278 281/459/278 
f 286/460/279 256/404/279 276/438/279 
f 286/460/226 190/372/226 256/404/226 
f 281/459/280 291/461/280 286/460/280 
f 292/462/89 293/463/89 294/464/89 
f 286/454/281 288/456/281 190/465/281 
f 226/339/282 211/309/282 212/312/282 
f 212/312/283 295/466/283 226/339/283 
f 212/312/284 296/467/284 297/468/284 
f 298/469/285 299/470/285 300/471/285 
f 299/472/286 116/137/286 300/473/286 
f 298/469/287 301/474/287 299/470/287 
f 299/470/288 302/475/288 303/476/288 
f 302/475/289 299/470/289 301/474/289 
f 116/137/290 299/472/290 117/138/290 
f 255/401/291 304/477/291 82/403/291 
f 235/478/238 251/391/238 246/390/238 
f 92/102/292 304/479/292 305/480/292 
f 305/480/293 90/100/293 92/102/293 
f 90/100/294 305/480/294 198/282/294 
f 198/282/212 68/299/212 195/277/212 
f 306/481/295 203/289/295 307/482/295 
f 306/483/296 109/146/296 303/484/296 
f 308/485/297 309/486/297 310/487/297 
f 311/488/298 310/489/298 309/490/298 
f 67/44/181 165/215/181 68/299/181 
f 311/488/299 312/491/299 310/489/299 
f 306/483/300 313/492/300 314/493/300 
f 315/494/301 316/495/301 311/496/301 
f 314/493/302 203/497/302 306/483/302 
f 307/482/303 203/289/303 201/287/303 
f 317/498/304 311/488/304 309/490/304 
f 318/499/305 319/500/305 83/90/305 
f 320/501/306 109/146/306 307/502/306 
f 109/146/306 306/483/306 307/502/306 
f 109/146/307 124/151/307 303/484/307 
f 311/503/308 317/504/308 315/505/308 
f 314/506/309 321/507/309 322/508/309 
f 313/509/310 321/507/310 314/506/310 
f 322/508/311 203/289/311 314/506/311 
f 323/510/312 203/289/312 322/508/312 
f 324/511/313 325/512/313 326/513/313 
f 124/514/314 117/515/314 303/516/314 
f 299/517/315 303/516/315 117/515/315 
f 190/465/316 288/456/316 187/518/316 
f 212/312/317 51/311/317 327/519/317 
f 328/520/318 212/312/318 327/519/318 
f 328/521/319 329/522/319 330/523/319 
f 331/524/320 332/525/320 288/526/320 
f 333/527/321 331/524/321 288/526/321 
f 288/456/322 332/528/322 187/518/322 
f 187/518/323 332/528/323 334/529/323 
f 334/529/324 188/345/324 187/518/324 
f 332/530/325 331/531/325 334/532/325 
f 296/467/326 328/520/326 335/533/326 
f 296/467/327 212/312/327 328/520/327 
f 336/534/328 337/535/328 325/536/328 
f 338/537/329 326/513/329 339/538/329 
f 335/539/330 328/521/330 330/523/330 
f 324/540/331 338/541/331 336/534/331 
f 340/542/332 341/543/332 342/544/332 
f 326/545/333 343/546/333 339/547/333 
f 338/537/334 324/511/334 326/513/334 
f 344/548/335 345/549/335 333/550/335 
f 328/520/336 340/542/336 329/551/336 
f 344/548/337 346/552/337 345/549/337 
f 337/535/338 347/553/338 348/554/338 
f 349/555/339 333/527/339 345/556/339 
f 301/474/340 350/557/340 302/475/340 
f 351/558/341 352/559/341 353/560/341 
f 136/561/342 302/475/342 354/562/342 
f 352/559/343 355/563/343 353/560/343 
f 343/546/344 356/564/344 357/565/344 
f 326/545/345 356/564/345 343/546/345 
f 358/566/346 343/546/346 357/565/346 
f 352/559/347 359/567/347 355/563/347 
f 351/568/348 360/569/348 352/570/348 
f 361/571/349 306/483/349 362/572/349 
f 145/573/90 362/572/90 303/484/90 
f 363/574/350 364/575/350 365/576/350 
f 326/545/351 366/577/351 356/564/351 
f 363/574/352 367/578/352 364/575/352 
f 353/579/353 368/580/353 369/581/353 
f 353/579/354 369/581/354 351/582/354 
f 370/583/355 371/584/355 372/585/355 
f 370/586/356 373/587/356 371/588/356 
f 374/589/357 371/588/357 373/587/357 
f 302/475/310 145/590/310 303/476/310 
f 306/483/358 361/571/358 313/492/358 
f 361/591/359 362/592/359 321/507/359 
f 110/129/360 375/593/360 106/121/360 
f 376/594/360 106/121/360 375/593/360 
f 303/484/88 362/572/88 306/483/88 
f 308/485/297 377/595/297 309/486/297 
f 378/596/361 377/597/361 308/598/361 
f 145/573/362 121/148/362 362/572/362 
f 379/599/2 380/600/2 381/601/2 
f 381/601/2 382/602/2 379/599/2 
f 383/603/2 381/601/2 380/600/2 
f 208/306/2 209/307/2 380/600/2 
f 313/509/363 361/591/363 321/507/363 
f 378/596/364 384/604/364 377/597/364 
f 358/605/365 357/606/365 381/607/365 
f 383/608/366 358/605/366 381/607/366 
f 136/561/367 145/590/367 302/475/367 
f 378/596/368 385/609/368 386/610/368 
f 382/611/369 381/607/369 357/606/369 
f 378/596/370 386/610/370 384/604/370 
f 120/612/371 387/613/371 363/614/371 
f 362/615/372 120/612/372 363/614/372 
f 136/166/111 143/185/111 145/184/111 
f 120/147/296 362/572/296 121/148/296 
f 388/616/373 389/617/373 379/618/373 
f 390/619/374 391/620/374 30/33/374 
f 391/620/19 29/32/19 30/33/19 
f 378/596/375 392/621/375 385/609/375 
f 390/622/376 30/42/376 393/623/376 
f 394/624/377 388/616/377 379/618/377 
f 39/44/26 393/623/26 30/42/26 
f 395/625/378 396/626/378 394/624/378 
f 394/624/379 396/626/379 397/626/379 
f 394/624/380 397/626/380 388/616/380 
f 79/85/381 338/537/381 339/538/381 
f 336/534/382 338/541/382 79/627/382 
f 367/628/383 363/629/383 387/630/383 
f 387/630/384 398/631/384 367/628/384 
f 79/85/385 339/538/385 80/86/385 
f 39/632/2 399/633/2 393/634/2 
f 400/635/386 401/636/386 402/637/386 
f 340/542/387 328/520/387 327/519/387 
f 51/317/388 202/295/388 327/638/388 
f 80/639/389 339/547/389 343/546/389 
f 312/640/390 311/496/390 316/495/390 
f 403/641/391 400/642/391 93/643/391 
f 83/90/392 82/89/392 208/644/392 
f 279/444/116 260/408/116 404/645/116 
f 405/646/391 400/642/391 403/641/391 
f 406/647/57 84/91/57 83/90/57 
f 407/648/393 251/395/393 406/649/393 
f 251/395/394 84/399/394 406/649/394 
f 319/500/305 406/647/305 83/90/305 
f 408/650/89 409/651/89 336/534/89 
f 337/535/89 336/534/89 409/651/89 
f 408/650/395 336/534/395 79/627/395 
f 400/635/396 410/652/396 401/636/396 
f 337/535/397 409/651/397 347/553/397 
f 411/653/398 412/654/398 413/655/398 
f 413/655/399 412/654/399 400/656/399 
f 413/655/400 400/656/400 405/657/400 
f 403/641/391 93/643/391 215/658/391 
f 410/659/401 400/656/401 412/654/401 
f 413/655/402 403/660/402 411/653/402 
f 83/90/403 380/661/403 318/499/403 
f 413/655/404 405/657/404 403/660/404 
f 215/316/405 414/662/405 403/660/405 
f 380/661/406 83/90/406 208/644/406 
f 272/429/407 415/663/407 262/410/407 
f 411/653/405 403/660/405 414/662/405 
f 416/664/408 73/665/408 72/666/408 
f 417/667/409 412/654/409 411/653/409 
f 417/667/410 411/653/410 414/662/410 
f 414/662/410 418/668/410 417/667/410 
f 358/605/411 383/608/411 419/669/411 
f 388/670/89 397/671/89 395/672/89 
f 396/671/89 395/672/89 397/671/89 
f 420/673/412 102/116/412 18/18/412 
f 369/674/413 421/675/413 351/676/413 
f 422/677/414 345/549/414 423/678/414 
f 346/552/415 424/679/415 345/549/415 
f 63/680/416 101/114/416 93/115/416 
f 425/681/417 426/682/417 344/683/417 
f 425/681/418 344/683/418 333/527/418 
f 101/114/80 427/684/80 100/113/80 
f 426/682/163 346/685/163 344/683/163 
f 401/636/419 410/652/419 428/686/419 
f 331/524/131 333/527/131 349/555/131 
f 429/687/420 430/688/420 416/689/420 
f 429/687/421 431/690/421 430/688/421 
f 416/664/422 74/80/422 429/691/422 
f 416/664/423 75/81/423 74/80/423 
f 345/549/424 422/677/424 349/692/424 
f 432/693/424 349/692/424 422/677/424 
f 78/694/49 76/82/49 75/81/49 
f 75/81/425 416/664/425 72/666/425 
f 72/666/426 78/694/426 75/81/426 
f 433/695/89 434/696/89 435/697/89 
f 436/698/427 420/673/427 18/18/427 
f 436/698/428 437/699/428 420/673/428 
f 437/699/429 435/697/429 420/673/429 
f 438/700/430 439/701/430 440/702/431 
f 331/531/432 349/703/432 441/704/432 
f 442/705/433 443/706/433 422/707/433 
f 376/594/434 444/708/434 436/709/434 
f 440/710/435 73/711/435 438/712/435 
f 422/707/436 445/713/436 442/705/436 
f 432/714/432 441/704/432 349/703/432 
f 436/709/437 18/122/437 106/121/437 
f 436/709/438 106/121/438 376/594/438 
f 439/701/439 446/715/439 440/702/439 
f 446/716/440 61/717/440 440/710/440 
f 376/594/441 375/593/441 447/718/441 
f 376/594/441 447/718/441 444/708/441 
f 73/711/442 440/710/442 61/717/442 
f 448/719/95 320/720/95 439/721/95 
f 449/722/443 450/723/443 360/569/443 
f 109/125/444 320/720/444 448/719/444 
f 360/724/445 451/725/445 449/726/445 
f 201/293/446 439/701/446 307/727/446 
f 54/59/447 62/67/447 452/728/447 
f 453/729/448 452/728/448 62/67/448 
f 402/637/449 454/730/449 62/731/449 
f 453/732/450 62/731/450 454/730/450 
f 400/635/451 402/637/451 62/731/451 
f 93/643/452 400/642/452 63/68/452 
f 400/642/453 62/67/453 63/68/453 
f 423/733/454 352/734/454 450/735/454 
f 450/723/455 352/570/455 360/569/455 
f 455/736/2 456/737/2 63/680/2 
f 101/114/2 63/680/2 456/737/2 
f 423/733/456 450/735/456 457/738/456 
f 422/677/457 423/678/457 457/739/457 
f 422/707/458 458/740/458 445/713/458 
f 132/162/459 131/161/459 449/726/459 
f 453/732/460 454/730/460 459/741/460 
f 460/742/461 461/743/461 454/744/461 
f 449/726/462 451/725/462 132/162/462 
f 462/745/463 463/746/463 431/747/463 
f 464/748/464 452/749/464 453/732/464 
f 464/748/465 453/732/465 465/750/465 
f 453/732/466 459/741/466 465/750/466 
f 466/751/467 462/745/467 467/752/467 
f 461/753/468 460/754/468 465/750/468 
f 62/67/33 54/59/33 53/58/33 
f 65/70/469 64/69/469 468/755/469 
f 468/755/470 64/69/470 52/57/470 
f 469/756/471 73/665/471 416/664/471 
f 64/69/472 53/58/472 52/57/472 
f 470/757/473 448/719/473 439/721/473 
f 352/559/474 423/758/474 359/567/474 
f 470/757/475 439/721/475 438/759/475 
f 471/760/476 355/563/476 359/567/476 
f 54/59/477 452/728/477 464/761/477 
f 466/762/478 472/763/478 469/764/478 
f 466/751/479 469/756/479 462/745/479 
f 52/57/480 54/59/480 473/765/480 
f 438/712/481 73/711/481 470/766/481 
f 474/767/482 475/768/482 476/769/482 
f 469/756/483 463/746/483 462/745/483 
f 416/664/484 430/770/484 463/746/484 
f 477/771/485 478/772/485 399/633/485 
f 477/771/2 399/633/2 39/632/2 
f 463/746/486 469/756/486 416/664/486 
f 469/756/487 479/773/487 480/774/487 
f 472/775/488 479/773/488 469/756/488 
f 423/678/489 481/776/489 482/777/489 
f 483/778/490 484/779/490 485/780/490 
f 486/781/491 487/782/491 488/783/491 
f 489/784/492 484/779/492 483/778/492 
f 448/719/493 107/123/493 109/125/493 
f 475/218/410 474/217/410 478/785/410 
f 490/786/494 491/787/494 492/788/494 
f 490/786/495 492/788/495 477/789/495 
f 493/790/496 491/787/496 490/786/496 
f 493/790/497 490/786/497 494/791/497 
f 492/792/498 478/772/498 477/771/498 
f 477/771/2 39/632/2 490/793/2 
f 495/794/2 490/793/2 39/632/2 
f 426/682/499 481/795/499 424/796/499 
f 494/797/2 490/793/2 495/794/2 
f 496/798/500 497/799/500 498/800/500 
f 499/801/501 496/798/501 498/800/501 
f 499/801/502 499/801/502 496/798/502 
f 454/730/503 500/802/503 459/741/503 
f 501/803/504 459/741/504 500/802/504 
f 468/755/469 502/804/469 65/70/469 
f 461/743/505 500/805/505 454/744/505 
f 495/806/506 39/807/506 65/70/506 
f 39/807/507 28/31/507 65/70/507 
f 107/808/508 448/809/508 496/810/508 
f 107/808/509 496/810/509 147/811/509 
f 319/812/510 503/813/510 504/814/510 
f 505/815/511 506/816/511 507/817/511 
f 480/774/512 506/816/512 505/815/512 
f 480/774/513 508/818/513 506/816/513 
f 247/378/514 509/819/514 238/820/514 
f 510/821/515 508/822/515 480/823/515 
f 510/824/516 480/774/516 511/825/516 
f 480/774/517 479/773/517 511/825/517 
f 236/353/518 238/355/518 509/826/518 
f 147/811/519 120/827/519 146/828/519 
f 509/826/520 504/829/520 236/353/520 
f 120/612/521 512/830/521 513/831/521 
f 236/832/522 504/833/522 514/834/522 
f 503/835/522 514/834/522 504/833/522 
f 515/836/523 509/819/523 247/378/523 
f 512/837/524 120/827/524 147/811/524 
f 146/190/525 108/124/525 147/191/525 
f 318/838/510 503/813/510 319/812/510 
f 516/839/526 398/840/526 387/841/526 
f 387/613/527 120/612/527 513/831/527 
f 513/842/528 516/839/528 387/841/528 
f 517/843/529 319/844/529 504/829/529 
f 517/843/530 504/829/530 509/826/530 
f 518/845/531 470/766/531 73/711/531 
f 480/774/532 505/815/532 518/846/532 
f 518/846/533 519/847/533 520/848/533 
f 521/849/534 503/813/534 318/838/534 
f 509/850/535 515/851/535 517/852/535 
f 433/695/536 522/853/536 523/854/536 
f 524/855/535 517/852/535 515/851/535 
f 521/856/537 380/857/537 488/783/537 
f 318/838/538 380/858/538 521/849/538 
f 379/618/539 488/783/539 380/857/539 
f 379/618/540 389/617/540 488/783/540 
f 488/783/491 525/859/491 486/781/491 
f 488/783/541 389/617/541 525/859/541 
f 481/776/542 345/549/542 424/679/542 
f 407/648/543 406/649/543 517/843/543 
f 406/649/544 319/844/544 517/843/544 
f 526/860/2 527/861/2 528/862/2 
f 528/862/2 529/863/2 530/864/2 
f 531/865/545 532/866/545 533/867/545 
f 24/868/546 531/869/546 533/870/546 
f 524/871/547 515/872/547 534/873/547 
f 535/874/548 536/875/548 530/876/548 
f 537/877/548 530/876/548 536/875/548 
f 538/878/549 539/879/549 540/880/549 
f 541/881/550 542/882/550 543/883/550 
f 455/884/551 540/885/551 544/886/551 
f 545/887/552 546/888/552 389/889/552 
f 389/889/404 546/888/404 525/890/404 
f 540/891/553 547/892/553 544/893/553 
f 540/894/554 548/895/554 549/896/554 
f 482/897/163 359/567/163 423/758/163 
f 550/898/555 551/899/555 552/900/555 
f 553/901/556 552/900/556 551/899/556 
f 14/902/557 554/903/557 555/904/557 
f 556/905/558 555/904/558 557/906/558 
f 481/776/559 423/678/559 345/549/559 
f 550/907/560 552/908/560 550/907/560 
f 558/909/2 555/910/2 559/911/2 
f 551/912/561 550/913/561 553/914/561 
f 560/915/562 561/916/562 542/917/562 
f 541/881/477 560/918/477 542/882/477 
f 557/919/89 562/920/89 556/921/89 
f 563/922/563 564/923/563 533/867/563 
f 551/924/564 530/925/564 537/926/564 
f 537/927/2 536/928/2 551/929/2 
f 14/902/565 565/930/565 554/903/565 
f 63/680/2 533/931/2 455/736/2 
f 566/932/566 484/933/566 489/934/566 
f 551/935/2 455/736/2 533/931/2 
f 426/682/170 424/796/170 346/685/170 
f 550/936/2 551/929/2 536/928/2 
f 550/937/567 567/938/567 568/937/567 
f 540/939/568 539/940/568 567/938/568 
f 568/937/569 567/938/569 539/940/569 
f 569/941/2 570/942/2 571/943/2 
f 482/897/570 572/944/570 359/567/570 
f 551/899/571 550/898/571 568/898/571 
f 540/945/556 551/946/556 539/947/556 
f 568/898/572 539/948/572 551/899/572 
f 557/906/573 555/904/573 554/903/573 
f 550/949/574 568/950/574 538/951/574 
f 539/952/575 538/953/575 568/954/575 
f 550/955/576 550/955/576 568/956/576 
f 550/957/577 536/958/577 568/959/577 
f 573/960/578 574/961/578 482/962/578 
f 572/963/578 482/962/578 574/961/578 
f 482/777/579 481/776/579 573/964/579 
f 551/965/580 540/885/580 455/884/580 
f 539/966/581 568/967/581 548/968/581 
f 15/969/582 14/902/582 555/904/582 
f 25/970/583 533/870/583 29/32/583 
f 575/971/584 565/930/584 14/902/584 
f 555/904/585 576/972/585 15/969/585 
f 533/870/586 63/68/586 29/32/586 
f 577/973/2 578/974/2 579/975/2 
f 580/976/2 581/977/2 579/975/2 
f 582/978/233 554/903/233 565/930/233 
f 582/978/587 565/930/587 575/971/587 
f 577/979/588 581/980/588 294/981/588 
f 550/982/589 552/983/589 567/984/589 
f 580/985/590 579/986/590 583/987/590 
f 561/988/116 584/989/116 585/990/116 
f 561/988/116 586/991/591 584/989/116 
f 587/992/592 587/992/592 530/925/592 
f 551/924/564 587/992/564 530/925/564 
f 577/979/593 294/981/593 578/993/593 
f 24/868/594 533/870/594 25/970/594 
f 391/994/595 588/995/595 589/996/595 
f 391/994/596 590/997/596 588/995/596 
f 584/998/597 591/999/597 578/1000/597 
f 592/1001/598 578/1000/598 591/999/598 
f 592/1002/2 579/975/2 578/974/2 
f 593/1003/599 590/1004/599 391/620/599 
f 594/1005/600 584/998/600 578/1000/600 
f 391/620/601 390/619/601 593/1003/601 
f 595/1006/602 589/996/602 588/995/602 
f 588/995/603 590/997/603 596/1007/603 
f 596/1007/604 215/316/604 214/315/604 
f 214/315/605 588/995/605 596/1007/605 
f 597/1008/606 598/1009/606 599/1010/606 
f 600/1011/607 457/1012/607 450/1013/607 
f 449/722/608 601/1014/608 600/1015/608 
f 602/1016/609 589/1017/609 595/1018/609 
f 600/1015/610 450/723/610 449/722/610 
f 597/1019/611 603/1020/611 604/1021/611 
f 604/1021/612 598/1022/612 597/1019/612 
f 574/1023/613 573/1024/613 600/1011/613 
f 390/622/614 393/623/614 593/1025/614 
f 590/997/615 593/1025/615 393/623/615 
f 585/1026/616 584/1027/616 293/1028/616 
f 574/961/617 605/1029/617 572/963/617 
f 596/1007/618 590/997/618 393/623/618 
f 606/1030/619 607/1031/619 597/1032/619 
f 600/1011/620 573/1024/620 457/1012/620 
f 422/677/559 573/964/559 458/1033/559 
f 215/316/402 596/1007/402 414/662/402 
f 393/623/593 414/662/593 596/1007/593 
f 606/1034/621 608/1035/621 609/1036/621 
f 606/1034/622 609/1036/622 610/1036/622 
f 422/677/489 457/739/489 573/964/489 
f 597/1008/623 599/1010/623 606/1037/623 
f 602/1016/624 588/386/624 191/387/624 
f 191/387/624 67/72/624 602/1016/624 
f 69/74/625 602/1016/625 67/72/625 
f 606/1037/626 599/1010/626 608/1038/626 
f 603/1039/619 597/1032/619 607/1031/619 
f 595/1018/627 588/386/627 602/1016/627 
f 214/386/628 191/387/628 588/386/628 
f 607/1040/629 606/1034/629 611/1041/629 
f 555/910/2 558/909/2 576/1042/2 
f 594/1043/616 293/1028/616 584/1027/616 
f 294/981/630 293/1044/630 578/993/630 
f 594/1045/631 578/993/631 293/1044/631 
f 612/1046/2 576/1042/2 558/909/2 
f 484/1047/632 566/1048/632 458/1049/632 
f 611/1041/633 613/1050/633 614/1050/633 
f 615/1051/634 616/1052/634 617/1053/634 
f 458/1049/635 481/1054/635 484/1047/635 
f 481/776/414 458/1033/414 573/964/414 
f 489/934/636 618/1055/636 566/932/636 
f 591/1056/506 610/1057/506 592/1058/506 
f 610/1057/637 599/1030/637 592/1058/637 
f 619/1059/638 612/1060/638 620/1061/638 
f 598/1062/639 592/1058/639 599/1030/639 
f 612/1063/640 621/1064/640 620/1065/640 
f 598/1062/641 604/1066/641 592/1058/641 
f 622/1067/642 620/1068/642 612/1069/642 
f 612/1070/643 620/1071/643 622/1072/643 
f 603/1039/507 583/1073/507 604/1066/507 
f 611/1074/639 603/1039/639 607/1031/639 
f 623/1075/644 620/1065/644 621/1064/644 
f 608/1076/645 599/1030/645 609/1076/645 
f 610/1057/646 609/1076/646 599/1030/646 
f 579/1077/507 592/1058/507 583/1073/507 
f 624/1078/2 625/1079/2 612/1080/2 
f 626/1081/647 627/1081/647 612/1082/647 
f 627/1081/648 628/1083/648 612/1082/648 
f 624/1083/649 612/1082/649 628/1083/649 
f 592/1058/639 604/1066/639 583/1073/639 
f 611/1074/507 583/1073/507 603/1039/507 
f 548/895/650 625/1084/650 628/1085/650 
f 611/1074/639 614/1086/639 583/1073/639 
f 600/1015/651 601/1014/651 133/1087/651 
f 627/1088/652 548/895/652 628/1085/652 
f 629/1089/653 630/1090/653 631/1091/653 
f 626/1092/548 627/1093/548 632/1094/548 
f 601/1095/654 449/726/654 131/161/654 
f 131/161/655 133/163/655 601/1095/655 
f 628/1096/656 632/1097/656 627/1098/656 
f 624/1099/657 632/1100/657 628/1101/657 
f 633/1102/658 605/1103/658 574/1023/658 
f 600/1015/659 133/1087/659 633/1104/659 
f 600/1011/613 633/1102/613 574/1023/613 
f 558/1105/660 634/1106/660 612/1082/660 
f 627/1088/661 626/1088/661 548/895/661 
f 248/381/662 635/1107/662 249/382/662 
f 248/385/232 186/384/232 635/1108/232 
f 636/1109/663 637/1110/663 626/1111/663 
f 626/1081/664 612/1082/664 634/1106/664 
f 638/1112/665 635/1108/665 234/367/665 
f 252/393/666 249/396/666 639/1113/666 
f 252/1114/667 254/1115/667 253/1116/667 
f 252/1114/668 640/1117/668 254/1115/668 
f 622/1067/502 620/1068/502 620/1068/502 
f 641/1118/669 642/1119/669 643/1120/669 
f 612/1060/670 619/1059/670 576/1121/670 
f 619/1059/671 620/1061/671 644/1122/671 
f 644/1123/672 620/1065/672 644/1123/672 
f 623/1075/673 644/1123/673 620/1065/673 
f 620/1068/502 620/1068/502 644/1124/502 
f 628/1125/674 645/1126/674 624/1125/674 
f 254/398/675 640/1127/675 646/1128/675 
f 555/904/676 647/1129/676 648/1130/676 
f 649/1131/677 648/1130/677 647/1129/677 
f 522/853/678 650/1132/678 523/854/678 
f 254/398/679 646/1128/679 256/404/679 
f 651/1133/89 522/853/89 652/1134/89 
f 653/1135/89 649/1136/89 647/1137/89 
f 522/853/680 651/1133/680 650/1132/680 
f 654/1138/681 278/1139/681 256/1140/681 
f 575/971/682 14/902/682 569/1141/682 
f 646/1142/683 654/1138/683 256/1140/683 
f 655/1143/684 656/1144/684 576/1121/684 
f 657/1145/685 277/1146/685 654/1147/685 
f 549/896/686 548/895/686 626/1088/686 
f 459/1148/405 501/1149/405 465/1150/405 
f 575/1151/2 569/941/2 582/1152/2 
f 658/1153/2 571/943/2 570/942/2 
f 476/1154/593 659/1155/593 502/1156/593 
f 476/1154/593 502/1156/593 468/1157/593 
f 287/1158/687 425/681/687 333/527/687 
f 288/526/688 287/1158/688 333/527/688 
f 660/1159/689 549/1160/689 632/1161/689 
f 661/1162/690 662/1163/690 649/1131/690 
f 648/1130/691 649/1131/691 662/1163/691 
f 662/1163/692 661/1162/692 663/1164/692 
f 493/1165/89 659/1166/89 491/1167/89 
f 492/1168/89 491/1167/89 476/1169/89 
f 476/1169/89 491/1167/89 659/1166/89 
f 475/1170/89 478/1171/89 476/1169/89 
f 576/1121/502 655/1143/502 655/1143/502 
f 664/1172/693 665/1173/693 666/1174/693 
f 492/1168/89 476/1169/89 478/1171/89 
f 666/1174/694 662/1175/694 663/1176/694 
f 658/1177/695 667/1178/695 668/1179/695 
f 649/1180/696 664/1181/696 666/1182/696 
f 663/1183/697 661/1184/697 666/1182/697 
f 649/1180/698 666/1182/698 661/1184/698 
f 668/1185/181 669/1186/181 658/1187/181 
f 571/1188/181 658/1187/181 669/1186/181 
f 670/1189/699 427/684/699 671/1190/699 
f 672/1191/700 670/1189/700 671/1190/700 
f 673/1192/701 674/1193/701 675/1194/701 
f 460/754/89 402/637/89 676/1195/89 
f 671/1190/702 101/114/702 456/737/702 
f 427/684/703 21/23/703 66/71/703 
f 66/71/80 100/113/80 427/684/80 
f 101/114/704 671/1190/704 427/684/704 
f 670/1189/705 21/23/705 427/684/705 
f 670/1189/706 447/1196/706 375/1197/706 
f 375/1197/707 110/144/707 670/1189/707 
f 677/1198/708 678/1199/708 679/1200/708 
f 672/1191/709 447/1196/709 670/1189/709 
f 670/1189/710 110/144/710 21/23/710 
f 401/636/89 676/1195/89 402/637/89 
f 454/730/89 402/637/89 460/754/89 
f 664/1181/212 649/1180/212 680/1201/212 
f 653/1202/178 680/1201/178 649/1180/178 
f 401/1203/402 428/1204/402 676/1205/402 
f 428/686/711 410/652/711 676/1195/711 
f 410/652/712 417/1206/712 676/1195/712 
f 417/1206/713 410/652/713 412/1207/713 
f 417/1206/464 681/1208/464 676/1195/464 
f 682/1209/714 683/1210/714 684/1211/714 
f 518/846/715 73/665/715 469/756/715 
f 480/774/715 518/846/715 469/756/715 
f 518/846/716 505/815/716 519/847/716 
f 685/1212/717 686/1213/717 687/1214/717 
f 688/1215/718 519/847/718 687/1214/718 
f 519/847/719 505/815/719 687/1214/719 
f 505/815/720 685/1212/720 687/1214/720 
f 688/1215/717 687/1214/717 686/1213/717 
f 519/847/721 689/1216/721 690/1217/721 
f 518/845/722 520/1218/722 691/1219/722 
f 470/766/723 518/845/723 691/1219/723 
f 692/1220/724 693/1221/724 683/1222/724 
f 693/1223/714 684/1211/714 683/1210/714 
f 694/1224/725 695/1225/725 692/1220/725 
f 696/1226/726 695/1225/726 694/1224/726 
f 692/1220/727 695/1225/727 693/1221/727 
f 697/1227/533 698/1228/533 699/1229/533 
f 520/848/533 699/1229/533 698/1228/533 
f 519/847/533 699/1229/533 520/848/533 
f 699/1229/502 699/1229/502 699/1229/502 
f 24/868/728 15/969/728 576/972/728 
f 699/1229/502 699/1229/502 699/1229/502 
f 699/1229/502 699/1229/502 699/1229/502 
f 699/1229/502 699/1229/502 699/1229/502 
f 519/847/502 699/1229/502 699/1229/502 
f 699/1229/502 697/1227/502 699/1229/502 
f 699/1229/502 699/1229/502 699/1229/502 
f 699/1229/502 699/1229/502 699/1229/502 
f 699/1229/502 699/1229/502 699/1229/502 
f 698/1228/533 697/1227/533 700/1230/533 
f 701/1231/502 699/1229/502 699/1229/502 
f 699/1229/502 699/1229/502 701/1231/502 
f 699/1229/729 701/1231/729 702/1232/729 
f 690/1217/730 699/1229/730 519/847/730 
f 699/1229/502 699/1229/502 701/1231/502 
f 703/1233/731 701/1234/731 699/1235/731 
f 702/1232/729 697/1227/729 699/1229/729 
f 690/1217/502 699/1229/502 699/1229/502 
f 704/1236/732 398/840/732 516/839/732 
f 205/301/733 50/300/733 705/1237/733 
f 706/1238/734 707/1239/734 223/1240/734 
f 431/747/735 706/1241/735 462/745/735 
f 707/1239/736 431/690/736 429/687/736 
f 707/1239/737 706/1238/737 431/690/737 
f 707/1242/738 429/691/738 77/83/738 
f 429/691/739 74/80/739 77/83/739 
f 320/1243/446 307/727/446 439/701/446 
f 439/701/740 201/293/740 708/1244/740 
f 709/1245/741 446/715/741 439/701/741 
f 439/701/742 708/1244/742 709/1245/742 
f 708/1246/743 61/717/743 709/1247/743 
f 446/716/744 709/1247/744 61/717/744 
f 708/1244/745 201/293/745 705/1248/745 
f 205/302/746 705/1248/746 201/293/746 
f 708/1246/747 705/1237/747 50/300/747 
f 708/1246/747 50/300/747 61/717/747 
f 710/1249/507 495/806/507 711/1250/507 
f 278/1251/685 654/1147/685 277/1146/685 
f 712/1252/748 511/825/748 713/1253/748 
f 418/1254/749 714/1255/749 417/1256/749 
f 466/762/750 715/1257/750 472/763/750 
f 714/1255/188 681/1258/188 417/1256/188 
f 715/1259/751 479/773/751 472/775/751 
f 277/439/752 657/1260/752 716/1261/752 
f 511/825/753 479/773/753 715/1259/753 
f 277/439/754 716/1261/754 276/438/754 
f 430/770/463 431/747/463 463/746/463 
f 717/1262/755 718/1263/755 719/1264/755 
f 720/1265/756 399/633/756 478/772/756 
f 462/745/757 706/1241/757 467/752/757 
f 717/1266/758 399/633/758 720/1265/758 
f 718/1267/759 717/1266/759 720/1265/759 
f 657/1268/760 721/1269/760 716/1270/760 
f 414/1271/2 393/634/2 722/1272/2 
f 393/634/2 717/1266/2 722/1272/2 
f 723/1273/761 289/1274/761 276/1275/761 
f 399/633/2 717/1266/2 393/634/2 
f 716/1276/762 723/1273/762 276/1275/762 
f 724/1277/763 418/668/763 414/662/763 
f 722/1277/764 724/1277/764 414/662/764 
f 715/1257/765 725/1278/765 713/1279/765 
f 718/1263/766 418/668/766 724/1277/766 
f 724/1277/767 719/1264/767 718/1263/767 
f 478/785/410 474/217/410 720/1280/410 
f 720/1280/768 474/217/768 718/1263/768 
f 418/668/410 718/1263/410 474/217/410 
f 473/1281/769 714/1282/769 474/1283/769 
f 290/1284/770 289/1285/770 723/1286/770 
f 725/1278/771 715/1257/771 466/762/771 
f 726/1287/772 727/1288/772 631/1289/772 
f 725/1290/773 466/751/773 467/752/773 
f 283/450/774 282/449/774 728/1291/774 
f 727/1288/775 629/1292/775 631/1289/775 
f 281/1293/776 290/1284/776 282/1294/776 
f 706/1238/777 223/1240/777 729/1295/777 
f 223/330/778 71/1296/778 213/313/778 
f 71/76/779 44/75/779 213/1297/779 
f 43/1298/779 213/1297/779 44/75/779 
f 730/1299/780 731/1300/780 726/1301/780 
f 732/1302/781 726/1287/781 731/1303/781 
f 71/1304/782 707/1305/782 77/1306/782 
f 727/1288/783 726/1287/783 732/1302/783 
f 71/1304/784 223/1307/784 707/1305/784 
f 733/1308/785 734/1309/785 735/1310/785 
f 211/1311/786 227/1312/786 729/1295/786 
f 223/1240/787 211/1311/787 729/1295/787 
f 227/1313/788 226/1314/788 729/1315/788 
f 226/1314/789 736/1316/789 729/1315/789 
f 706/1241/790 736/1316/790 467/752/790 
f 706/1241/791 729/1315/791 736/1316/791 
f 737/1317/792 713/1253/792 738/1318/792 
f 425/681/793 287/1158/793 739/1319/793 
f 295/466/794 736/1320/794 226/339/794 
f 295/1321/795 738/1322/795 713/1279/795 
f 740/1323/796 425/681/796 739/1319/796 
f 295/1324/797 725/1325/797 736/1326/797 
f 295/1321/798 713/1279/798 725/1278/798 
f 736/1326/799 725/1325/799 467/1327/799 
f 212/1328/800 297/1329/800 738/1322/800 
f 212/1328/801 738/1322/801 295/1321/801 
f 733/1330/802 735/1331/802 741/1332/802 
f 726/1287/803 742/1333/803 617/1053/803 
f 297/1334/804 296/1335/804 738/1318/804 
f 735/1331/802 743/1336/802 741/1332/802 
f 617/1053/805 744/1337/805 726/1287/805 
f 426/682/806 425/681/806 741/1338/806 
f 726/1287/807 631/1289/807 742/1333/807 
f 745/1339/808 733/1340/808 741/1338/808 
f 745/1339/809 741/1338/809 425/681/809 
f 745/1339/810 425/681/810 740/1323/810 
f 744/1337/811 617/1053/811 746/1341/811 
f 730/1342/812 744/1337/812 747/1343/812 
f 746/1341/812 747/1343/812 744/1337/812 
f 748/1344/813 739/1345/813 749/1346/813 
f 730/1342/814 726/1287/814 744/1337/814 
f 287/455/815 286/454/815 749/1346/815 
f 448/719/816 470/757/816 691/1347/816 
f 496/798/817 448/719/817 691/1347/817 
f 733/1308/818 745/1348/818 734/1309/818 
f 740/1349/785 734/1309/785 745/1348/785 
f 740/1349/819 745/1348/819 740/1349/819 
f 740/1350/820 425/1351/820 740/1350/820 
f 739/1352/821 748/1353/821 740/1354/821 
f 750/1355/822 751/1356/822 752/1357/822 
f 749/1358/823 739/1352/823 287/1359/823 
f 712/1252/792 713/1253/792 737/1317/792 
f 753/1360/824 712/1361/824 737/1362/824 
f 752/1357/825 754/1363/825 750/1355/825 
f 290/1284/770 723/1286/770 755/1364/770 
f 752/1365/826 642/1366/826 756/1367/826 
f 282/1294/827 290/1284/827 755/1364/827 
f 752/1365/828 643/1368/828 642/1366/828 
f 691/1219/829 520/1218/829 757/1369/829 
f 723/1286/830 758/1370/830 755/1364/830 
f 643/1120/831 759/1371/831 641/1118/831 
f 749/1372/280 286/460/280 291/461/280 
f 641/1118/832 760/1373/832 642/1119/832 
f 656/1144/833 761/1374/833 576/1121/833 
f 682/1375/834 684/1376/834 762/1377/834 
f 531/869/835 24/868/835 576/972/835 
f 623/1075/640 763/1378/640 764/1379/640 
f 617/1053/836 765/1380/836 615/1051/836 
f 764/1379/837 763/1378/837 766/1381/837 
f 765/1380/838 767/1382/838 768/1383/838 
f 767/1382/502 768/1383/502 767/1382/502 
f 769/1384/839 615/1051/839 765/1380/839 
f 768/1383/840 770/1385/840 765/1380/840 
f 677/1198/841 771/1386/841 678/1199/841 
f 767/1382/502 767/1382/502 768/1383/502 
f 510/824/842 712/1252/842 753/1387/842 
f 770/1388/843 772/1389/843 765/1390/843 
f 715/1259/748 713/1253/748 511/825/748 
f 647/1129/844 555/904/844 556/905/844 
f 559/911/2 555/910/2 678/1199/2 
f 771/1386/845 559/911/845 678/1199/845 
f 634/1391/846 558/1392/846 559/1393/846 
f 773/1394/2 774/1395/2 495/794/2 
f 556/921/89 562/920/89 647/1137/89 
f 653/1135/89 647/1137/89 562/920/89 
f 557/906/133 554/903/133 775/1396/133 
f 557/906/133 775/1396/133 562/1397/133 
f 493/790/847 494/791/847 776/1398/847 
f 774/1399/848 776/1398/848 494/791/848 
f 662/1175/693 666/1174/693 665/1173/693 
f 777/1400/849 717/1262/849 719/1264/849 
f 777/1400/850 719/1264/850 778/1400/850 
f 774/1401/851 777/1400/851 778/1400/851 
f 774/1401/852 778/1400/852 776/1401/852 
f 779/1402/853 780/1403/853 781/1404/853 
f 774/1395/2 773/1394/2 722/1272/2 
f 494/797/2 495/794/2 774/1395/2 
f 774/1395/2 722/1272/2 777/1405/2 
f 717/1266/2 777/1405/2 722/1272/2 
f 722/1406/854 773/1407/854 724/1406/854 
f 782/1407/855 724/1406/855 773/1407/855 
f 783/1408/856 784/1409/856 673/1410/856 
f 493/1165/89 776/1411/89 659/1166/89 
f 724/1412/89 782/1413/89 776/1411/89 
f 691/1347/857 757/1414/857 496/798/857 
f 724/1412/89 776/1411/89 778/1415/89 
f 724/1412/89 778/1415/89 719/1416/89 
f 496/798/858 757/1414/858 785/1417/858 
f 497/799/96 496/798/96 785/1417/96 
f 497/1418/859 785/1419/859 700/1420/859 
f 497/799/502 785/1417/502 497/799/502 
f 680/1421/860 653/1135/860 784/1409/860 
f 653/1135/856 673/1410/856 784/1409/856 
f 673/1410/856 653/1135/856 786/1422/856 
f 757/1369/861 520/1218/861 698/1423/861 
f 496/798/502 497/799/502 497/799/502 
f 775/1396/233 554/903/233 787/1424/233 
f 788/1425/862 512/830/862 789/1426/862 
f 790/1427/863 788/1428/863 791/1429/863 
f 664/1181/864 669/1186/864 665/1430/864 
f 668/1185/865 662/1431/865 665/1430/865 
f 665/1430/866 669/1186/866 668/1185/866 
f 680/1201/181 571/1188/181 664/1181/181 
f 669/1186/212 664/1181/212 571/1188/212 
f 700/1420/867 791/1429/867 499/1432/867 
f 792/1433/868 793/1434/868 794/1435/868 
f 794/1435/89 522/853/89 792/1433/89 
f 309/486/869 377/595/869 795/1436/869 
f 433/695/870 792/1433/870 522/853/870 
f 796/1437/871 795/1436/871 377/595/871 
f 797/1438/872 798/1439/872 799/1440/872 
f 800/1441/873 801/1442/873 793/1443/873 
f 437/699/874 792/1433/874 435/697/874 
f 433/695/875 435/697/875 792/1433/875 
f 315/505/876 317/504/876 802/1444/876 
f 793/1434/877 792/1433/877 437/699/877 
f 315/1445/878 802/1446/878 803/1447/878 
f 793/1443/879 804/1448/879 800/1441/879 
f 437/699/880 804/1449/880 793/1434/880 
f 437/699/881 805/1450/881 804/1449/881 
f 437/1451/882 436/709/882 444/708/882 
f 444/708/883 805/1452/883 437/1451/883 
f 309/490/884 795/1453/884 317/498/884 
f 806/1454/885 804/1455/885 805/1452/885 
f 806/1454/886 800/1456/886 804/1455/886 
f 672/1191/887 801/1457/887 800/1458/887 
f 807/1459/888 767/1382/888 808/1460/888 
f 767/1382/502 767/1382/502 767/1382/502 
f 447/718/889 806/1454/889 805/1452/889 
f 767/1382/502 767/1382/502 767/1382/502 
f 444/708/890 447/718/890 805/1452/890 
f 767/1382/502 767/1382/502 767/1382/502 
f 447/1196/891 672/1191/891 806/1461/891 
f 767/1382/502 767/1382/502 767/1382/502 
f 671/1462/892 456/1463/892 544/1464/892 
f 544/1464/893 456/1463/893 455/1465/893 
f 807/1459/502 767/1382/502 767/1382/502 
f 796/1466/894 377/597/894 384/604/894 
f 767/1382/502 767/1382/502 767/1382/502 
f 767/1382/502 767/1382/502 767/1382/502 
f 808/1460/888 809/1467/888 807/1459/888 
f 767/1382/502 767/1382/502 767/1382/502 
f 767/1382/502 810/1468/502 767/1382/502 
f 811/1469/895 810/1468/895 767/1382/895 
f 811/1469/502 767/1382/502 767/1382/502 
f 810/1470/896 812/1471/896 767/1472/896 
f 810/1468/502 767/1382/502 767/1382/502 
f 807/1459/895 811/1469/895 767/1382/895 
f 813/1473/897 544/893/897 547/892/897 
f 814/1474/898 811/1469/898 807/1459/898 
f 767/1382/502 812/1475/502 767/1382/502 
f 815/1476/899 816/1477/899 817/1478/899 
f 465/750/900 460/754/900 464/748/900 
f 818/1479/901 819/1480/901 567/1481/901 
f 767/1382/888 765/1380/888 820/1482/888 
f 820/1482/888 808/1460/888 767/1382/888 
f 468/755/525 52/57/525 473/765/525 
f 476/769/480 473/765/480 474/767/480 
f 765/1380/902 617/1053/902 742/1333/902 
f 820/1482/888 765/1380/888 742/1333/888 
f 65/70/903 502/804/903 711/1250/903 
f 821/1483/904 501/803/904 711/1484/904 
f 500/802/905 711/1484/905 501/803/905 
f 822/1485/906 742/1486/906 823/1487/906 
f 821/1488/907 824/1489/907 501/1149/907 
f 821/1488/405 502/1156/405 659/1155/405 
f 782/1413/89 659/1166/89 776/1411/89 
f 825/1490/908 826/1491/908 827/1492/908 
f 783/1493/909 675/1494/909 784/1495/909 
f 828/1496/910 756/1497/910 760/1373/910 
f 672/1191/911 800/1458/911 806/1461/911 
f 829/1498/2 830/1499/2 831/1500/2 
f 680/1501/2 784/1502/2 831/1500/2 
f 829/1498/2 831/1500/2 784/1502/2 
f 832/1503/2 582/1152/2 833/1504/2 
f 672/1191/912 671/1190/912 544/893/912 
f 832/1505/913 787/1424/913 582/978/913 
f 834/1506/914 835/1507/914 832/1505/914 
f 833/1506/915 834/1506/915 832/1505/915 
f 544/893/916 813/1473/916 672/1191/916 
f 641/1508/917 836/1509/917 837/1510/917 
f 838/1511/918 835/1507/918 834/1506/918 
f 801/1457/919 672/1191/919 813/1473/919 
f 839/1512/920 840/1513/920 841/1514/920 
f 839/1512/921 827/1515/921 840/1513/921 
f 837/1516/922 756/1517/922 828/1518/922 
f 554/903/233 582/978/233 787/1424/233 
f 828/1496/923 641/1118/923 837/1519/923 
f 760/1373/924 641/1118/924 828/1496/924 
f 842/1520/910 674/1521/910 673/1522/910 
f 582/1152/2 569/941/2 833/1504/2 
f 833/1504/2 569/941/2 571/943/2 
f 783/1523/701 673/1192/701 675/1194/701 
f 838/1524/701 675/1194/701 835/1525/701 
f 674/1193/701 835/1525/701 675/1194/701 
f 642/1119/910 760/1373/910 756/1497/910 
f 843/1526/925 844/1527/925 845/1528/925 
f 846/1529/259 847/1530/259 354/562/259 
f 843/1531/926 841/1514/926 844/1532/926 
f 841/1514/927 840/1513/927 844/1532/927 
f 840/1533/928 845/1528/928 844/1527/928 
f 848/1534/929 849/1535/929 850/1536/929 
f 821/1537/930 711/1250/930 502/804/930 
f 711/1250/931 500/805/931 710/1249/931 
f 831/1538/181 571/1188/181 680/1201/181 
f 461/743/639 710/1249/639 500/805/639 
f 829/1539/133 784/1495/133 851/1540/133 
f 465/1150/932 501/1149/932 824/1489/932 
f 641/1508/933 852/1541/933 836/1509/933 
f 675/1494/909 851/1540/909 784/1495/909 
f 465/1542/2 824/1543/2 461/1544/2 
f 710/1545/2 461/1544/2 824/1543/2 
f 849/1546/934 848/1547/934 853/1548/934 
f 838/1549/89 834/1550/89 675/1551/89 
f 854/1552/89 855/1553/89 856/1554/89 
f 854/1552/89 856/1554/89 857/1555/89 
f 854/1552/89 857/1555/89 858/1556/89 
f 859/1557/89 860/1558/89 858/1556/89 
f 861/1559/89 860/1558/89 859/1557/89 
f 854/1552/89 858/1556/89 860/1558/89 
f 862/1560/935 848/1561/935 837/1516/935 
f 125/152/936 863/1562/936 119/142/936 
f 864/1563/89 865/1564/89 866/1565/89 
f 865/1564/89 867/1566/89 866/1565/89 
f 854/1552/89 866/1565/89 867/1566/89 
f 854/1552/89 867/1566/89 868/1567/89 
f 854/1552/89 868/1567/89 869/1568/89 
f 854/1552/89 869/1568/89 870/1569/89 
f 870/1569/89 871/1570/89 854/1552/89 
f 836/1571/937 872/1572/937 873/1573/937 
f 855/1553/89 854/1552/89 874/1574/89 
f 871/1570/89 875/1575/89 854/1552/89 
f 875/1575/89 876/1576/89 854/1552/89 
f 877/1577/89 854/1552/89 876/1576/89 
f 874/1574/89 854/1552/89 877/1577/89 
f 878/1578/938 857/1579/938 856/1580/938 
f 879/1581/939 880/1582/939 881/1583/939 
f 860/1584/940 882/1585/940 854/1586/940 
f 883/1587/941 866/1588/941 854/1586/941 
f 883/1587/942 864/1589/942 866/1588/942 
f 850/1536/943 849/1535/943 884/1590/943 
f 769/1384/944 885/1591/944 615/1051/944 
f 886/1592/945 876/1593/945 875/1594/945 
f 676/1195/900 681/1208/900 460/754/900 
f 464/748/900 460/754/900 681/1208/900 
f 629/1089/946 887/1595/946 630/1090/946 
f 629/1292/947 727/1288/947 887/1596/947 
f 464/761/948 681/1597/948 847/1598/948 
f 888/1599/949 846/1600/949 889/1601/949 
f 846/1602/950 890/1603/950 889/1604/950 
f 863/1562/951 889/1604/951 890/1603/951 
f 891/1605/952 892/1606/952 893/1607/952 
f 863/1562/953 125/152/953 889/1604/953 
f 887/1596/954 732/1302/954 894/1608/954 
f 893/1607/955 892/1606/955 895/1609/955 
f 896/1610/955 895/1609/955 892/1606/955 
f 847/1611/956 846/1600/956 888/1599/956 
f 887/1595/957 894/1612/957 897/1613/957 
f 898/1614/958 899/1615/958 900/1616/958 
f 630/1090/959 887/1595/959 897/1613/959 
f 889/1604/960 125/152/960 126/153/960 
f 898/1617/961 893/1607/961 895/1609/961 
f 898/1617/962 900/1618/962 893/1607/962 
f 142/180/817 901/1619/817 888/1620/817 
f 142/180/477 888/1620/477 889/1604/477 
f 128/155/963 142/180/963 889/1604/963 
f 126/153/964 128/155/964 889/1604/964 
f 464/761/965 847/1598/965 888/1621/965 
f 893/1607/952 902/1622/952 891/1605/952 
f 903/1623/966 904/1624/966 900/1616/966 
f 893/1607/967 900/1618/967 902/1622/967 
f 902/1622/968 900/1618/968 904/1625/968 
f 902/1622/969 905/1626/969 891/1605/969 
f 906/1627/969 891/1605/969 905/1626/969 
f 302/475/970 907/1628/970 354/562/970 
f 302/475/971 350/557/971 907/1628/971 
f 897/1613/972 894/1612/972 908/1629/972 
f 902/1622/973 904/1625/973 905/1626/973 
f 907/1628/974 350/557/974 909/1630/974 
f 907/1631/975 909/1632/975 846/1633/975 
f 907/1631/976 846/1633/976 354/1634/976 
f 904/1625/977 910/1635/977 905/1626/977 
f 906/1636/978 911/1637/978 891/1638/978 
f 789/1639/979 912/1640/979 791/1429/979 
f 791/1429/980 912/1640/980 499/1432/980 
f 910/1641/981 913/1642/981 914/1643/981 
f 147/811/982 496/810/982 512/837/982 
f 915/1644/983 916/1645/983 917/1646/983 
f 496/798/984 912/1647/984 512/1648/984 
f 789/1649/985 512/1648/985 912/1647/985 
f 912/1647/816 496/798/816 499/801/816 
f 788/1428/986 789/1639/986 791/1429/986 
f 905/1626/987 918/1650/987 906/1627/987 
f 918/1650/987 919/1651/987 906/1627/987 
f 910/1635/988 914/1652/988 918/1650/988 
f 499/801/502 499/801/502 912/1647/502 
f 905/1626/989 910/1635/989 918/1650/989 
f 913/1653/990 920/1654/990 918/1655/990 
f 823/1487/991 742/1486/991 896/1656/991 
f 921/1657/992 365/1658/992 922/1659/992 
f 790/1660/993 922/1659/993 365/1658/993 
f 908/1661/994 923/1662/994 924/1663/994 
f 925/1664/853 780/1403/853 926/1665/853 
f 894/1612/995 927/1666/995 908/1629/995 
f 927/1666/996 928/1667/996 923/1668/996 
f 923/1668/997 908/1629/997 927/1666/997 
f 499/1432/998 498/1418/998 700/1420/998 
f 700/1420/999 498/1418/999 497/1418/999 
f 785/1419/1000 757/1369/1000 698/1423/1000 
f 785/1419/1001 698/1423/1001 700/1420/1001 
f 929/1669/1002 930/1670/1002 923/1662/1002 
f 931/1671/1003 932/1672/1003 933/1673/1003 
f 923/1662/1004 928/1674/1004 929/1669/1004 
f 903/1623/1005 933/1675/1005 932/1676/1005 
f 933/1675/1006 903/1623/1006 899/1615/1006 
f 933/1675/162 895/1677/162 896/1678/162 
f 780/1403/1007 365/1658/1007 921/1657/1007 
f 903/1623/958 900/1616/958 899/1615/958 
f 921/1657/1008 926/1665/1008 780/1403/1008 
f 781/1404/1009 780/1403/1009 925/1664/1009 
f 933/1675/1010 899/1615/1010 895/1677/1010 
f 899/1615/1011 898/1614/1011 895/1677/1011 
f 731/1303/1012 934/1679/1012 732/1302/1012 
f 935/1680/1013 931/1681/1013 933/1675/1013 
f 732/1302/1014 887/1596/1014 727/1288/1014 
f 935/1680/1015 933/1675/1015 631/1289/1016 
f 202/288/1017 203/289/1017 323/510/1017 
f 896/1678/1018 742/1333/1018 631/1289/1018 
f 730/1299/1019 747/1682/1019 731/1300/1019 
f 631/1289/1020 933/1675/1020 896/1678/1020 
f 822/1683/1021 752/1357/1021 936/1684/1021 
f 937/1685/1022 823/1686/1022 938/1687/1022 
f 327/638/1023 202/295/1023 323/1688/1023 
f 643/1120/1024 822/1683/1024 823/1686/1024 
f 643/1120/1025 752/1357/1025 822/1683/1025 
f 737/1317/804 738/1318/804 296/1335/804 
f 939/1689/1026 940/1690/1026 937/1691/1026 
f 938/1692/1027 939/1689/1027 937/1691/1027 
f 291/461/1028 281/459/1028 941/1693/1028 
f 335/533/1029 737/1694/1029 296/467/1029 
f 942/1695/1030 335/539/1030 330/523/1030 
f 934/1679/1031 943/1696/1031 894/1608/1031 
f 753/1697/1032 335/539/1032 942/1695/1032 
f 753/1698/1033 737/1699/1033 335/1700/1033 
f 941/1693/1028 281/459/1028 283/1701/1028 
f 322/508/1034 944/1702/1034 323/510/1034 
f 734/1309/1035 740/1349/1035 748/1344/1035 
f 322/508/1036 945/1703/1036 946/1704/1036 
f 947/1705/1037 948/1706/1037 949/1707/1037 
f 946/1708/1038 945/1709/1038 946/1708/1038 
f 950/1710/1039 951/1711/1039 952/1712/1039 
f 953/1713/1040 954/1714/1040 948/1715/1040 
f 946/1716/1041 322/1717/1041 946/1716/1041 
f 944/1702/1042 322/508/1042 946/1704/1042 
f 955/1718/1043 956/1719/1043 957/1720/1043 
f 957/1721/1044 826/1491/1044 825/1490/1044 
f 741/1332/1045 484/1047/1045 481/1054/1045 
f 845/1528/1046 840/1533/1046 826/1491/1046 
f 481/795/1047 426/682/1047 741/1338/1047 
f 840/1533/908 827/1492/908 826/1491/908 
f 947/1722/1048 958/1723/1048 948/1715/1048 
f 741/1332/1049 485/1724/1049 484/1047/1049 
f 959/1725/1050 960/1726/1050 779/1727/1050 
f 283/1728/1051 728/1729/1051 941/1730/1051 
f 961/1731/1051 941/1730/1051 728/1729/1051 
f 946/1708/1052 945/1709/1052 962/1732/1052 
f 728/1729/1053 963/1733/1053 961/1731/1053 
f 964/1734/1053 961/1731/1053 963/1733/1053 
f 941/1693/1054 961/1735/1054 965/1736/1054 
f 966/1737/1055 967/1738/1055 827/1492/1055 
f 967/1739/1056 968/1740/1056 825/1741/1056 
f 780/1403/1057 779/1402/1057 960/1742/1057 
f 960/1742/1057 969/1743/1057 780/1403/1057 
f 322/508/1058 321/507/1058 780/1744/1058 
f 322/508/1059 780/1744/1059 945/1703/1059 
f 970/1745/1060 971/1746/1060 972/1747/1060 
f 969/1748/1061 945/1703/1061 780/1744/1061 
f 970/1749/1062 291/461/1062 971/1750/1062 
f 946/1751/1063 973/1752/1063 944/1753/1063 
f 974/1754/1064 323/1755/1064 944/1753/1064 
f 327/638/1065 323/1688/1065 974/1756/1065 
f 291/461/1066 941/1693/1066 965/1736/1066 
f 975/1757/910 949/1758/910 948/1715/910 
f 969/1759/1067 962/1732/1067 945/1709/1067 
f 948/1715/1068 958/1723/1068 953/1713/1068 
f 743/1760/1069 976/1761/1069 977/1762/1069 
f 978/1763/1070 340/1764/1070 342/1765/1070 
f 734/1309/1071 976/1761/1071 735/1310/1071 
f 979/1766/1072 329/551/1072 340/542/1072 
f 968/1767/1073 955/1718/1073 957/1720/1073 
f 980/1768/1074 330/1769/1074 979/1770/1074 
f 951/1771/1075 955/1718/1075 968/1767/1075 
f 957/1721/1076 825/1490/1076 968/1772/1076 
f 970/1745/1077 972/1747/1077 981/1773/1077 
f 982/1774/1078 978/1763/1078 342/1765/1078 
f 291/1775/1079 965/1776/1079 972/1777/1079 
f 983/1778/1080 984/1779/1080 985/1780/1080 
f 971/1781/1081 291/1775/1081 972/1777/1081 
f 980/1768/1082 979/1770/1082 978/1782/1082 
f 985/1780/1083 984/1779/1083 986/1783/1083 
f 797/1784/1084 987/1785/1084 983/1786/1084 
f 340/1787/1085 978/1782/1085 979/1770/1085 
f 985/1788/1086 986/1789/1086 952/1712/1086 
f 988/1790/1087 978/1763/1087 982/1774/1087 
f 986/1789/1088 950/1710/1088 952/1712/1088 
f 988/1791/1089 989/1792/1089 980/1768/1089 
f 988/1791/1090 980/1768/1090 978/1782/1090 
f 329/1793/1074 979/1770/1074 330/1769/1074 
f 989/1792/1091 942/1794/1091 980/1768/1091 
f 990/1795/1092 510/821/1092 753/1697/1092 
f 753/1697/1093 942/1695/1093 990/1795/1093 
f 991/1796/1094 992/1797/1094 972/1777/1094 
f 508/818/1095 990/1798/1095 506/816/1095 
f 507/817/1095 506/816/1095 990/1798/1095 
f 993/1799/1096 981/1773/1096 992/1800/1096 
f 990/1798/1097 942/1794/1097 507/817/1097 
f 989/1792/1097 507/817/1097 942/1794/1097 
f 992/1800/1098 981/1773/1098 972/1747/1098 
f 511/825/1099 712/1252/1099 510/824/1099 
f 993/1799/1100 992/1800/1100 994/1801/1100 
f 510/821/1101 990/1795/1101 508/822/1101 
f 936/1802/1102 820/1803/1102 822/1485/1102 
f 820/1803/1103 742/1486/1103 822/1485/1103 
f 909/1632/1104 890/1804/1104 846/1633/1104 
f 909/1632/1105 995/1805/1105 890/1804/1105 
f 714/1806/1106 847/1598/1106 681/1597/1106 
f 847/1598/1107 714/1806/1107 996/1807/1107 
f 997/1808/1108 731/1300/1108 747/1682/1108 
f 847/1530/303 996/1809/303 354/562/303 
f 747/1682/1109 998/1810/1109 997/1808/1109 
f 418/1811/769 474/1283/769 714/1282/769 
f 997/1812/1110 934/1679/1110 731/1303/1110 
f 934/1679/954 894/1608/954 732/1302/954 
f 999/1813/1111 1000/1814/1111 1001/1815/1111 
f 1000/1814/1112 999/1813/1112 750/1816/1112 
f 773/1817/1113 495/1818/1113 782/1817/1113 
f 659/1819/1114 782/1817/1114 495/1818/1114 
f 65/70/507 711/1250/507 495/806/507 
f 824/1489/593 821/1488/593 659/1155/593 
f 659/1819/1115 495/1818/1115 824/1820/1115 
f 710/1821/1115 824/1820/1115 495/1818/1115 
f 1002/1822/1116 616/1823/1116 885/1824/1116 
f 616/1823/1117 1002/1822/1117 617/1825/1117 
f 476/769/408 468/755/408 473/765/408 
f 1002/1826/1118 746/1341/1118 617/1053/1118 
f 1002/1822/1119 885/1824/1119 1003/1827/1119 
f 688/1215/1120 686/1213/1120 1004/1828/1120 
f 1005/1829/1121 686/1830/1121 685/1831/1121 
f 1005/1829/1122 685/1831/1122 505/1832/1122 
f 507/817/1123 1005/1833/1123 505/815/1123 
f 988/1790/1124 1004/1834/1124 686/1830/1124 
f 885/1824/1125 1006/1835/1125 1003/1827/1125 
f 988/1790/1126 982/1774/1126 1004/1834/1126 
f 988/1790/1127 686/1830/1127 1005/1829/1127 
f 1005/1833/1128 989/1792/1128 988/1791/1128 
f 507/817/1129 989/1792/1129 1005/1833/1129 
f 330/1769/1091 980/1768/1091 942/1794/1091 
f 1003/1836/1130 1007/1837/1130 1002/1826/1130 
f 1007/1837/1131 746/1341/1131 1002/1826/1131 
f 464/761/1132 888/1621/1132 901/1838/1132 
f 473/765/1106 464/761/1106 901/1838/1106 
f 473/765/480 54/59/480 464/761/480 
f 135/258/1133 901/1619/1133 142/180/1133 
f 972/1777/1134 965/1776/1134 991/1796/1134 
f 964/1839/1135 991/1840/1135 961/1841/1135 
f 354/562/387 996/1809/387 137/1842/387 
f 961/1841/1136 991/1840/1136 965/1843/1136 
f 354/562/387 137/1842/387 136/561/387 
f 714/1806/948 473/765/948 901/1838/948 
f 901/1838/965 996/1807/965 714/1806/965 
f 137/167/1137 901/1844/1137 135/165/1137 
f 1008/1845/1138 1009/1846/1138 1010/1847/1138 
f 901/1844/1139 137/167/1139 996/1848/1139 
f 1008/1845/1140 1011/1849/1140 1009/1846/1140 
f 693/1223/1141 1012/1850/1141 684/1211/1141 
f 1012/1850/1142 1013/1851/1142 684/1211/1142 
f 749/1372/1143 1014/1852/1143 748/1853/1143 
f 1015/1854/1143 748/1853/1143 1014/1852/1143 
f 734/1855/1143 748/1853/1143 1015/1854/1143 
f 291/461/226 1014/1852/226 749/1372/226 
f 1014/1852/1144 1016/1856/1144 1017/1857/1144 
f 1013/1851/1145 1012/1850/1145 1018/1858/1145 
f 1017/1857/1146 1015/1854/1146 1014/1852/1146 
f 987/1785/1084 984/1859/1084 983/1786/1084 
f 1019/1860/1147 1020/1861/1147 1018/1862/1147 
f 970/1749/1148 1014/1852/1148 291/461/1148 
f 986/1783/1149 984/1779/1149 815/1863/1149 
f 986/1783/1150 815/1863/1150 817/1864/1150 
f 986/1789/1151 817/1478/1151 950/1710/1151 
f 1013/1865/1152 1020/1866/1152 1021/1867/1152 
f 1018/1868/1153 1012/1869/1153 695/1225/1153 
f 1015/1870/1154 1017/1871/1154 1022/1872/1154 
f 1013/1851/1155 1018/1858/1155 1020/1873/1155 
f 695/1225/1156 1019/1874/1156 1018/1868/1156 
f 955/1875/1039 951/1711/1039 950/1710/1039 
f 1012/1869/1157 693/1221/1157 695/1225/1157 
f 1023/1876/1158 955/1875/1158 950/1710/1158 
f 1021/1867/1159 684/1376/1159 1013/1865/1159 
f 743/1760/1071 735/1310/1071 976/1761/1071 
f 651/1133/1160 696/1226/1160 650/1132/1160 
f 1016/1877/1161 1014/1878/1161 1024/1879/1161 
f 1025/1880/1162 1026/1881/1162 1027/1882/1162 
f 1028/1883/1163 1027/1882/1163 1026/1881/1163 
f 1024/1879/1164 1029/1884/1164 1016/1877/1164 
f 970/1749/1165 981/1885/1165 1024/1886/1165 
f 1024/1886/1166 1014/1852/1166 970/1749/1166 
f 1030/1887/1167 1031/1888/1167 1032/1889/1167 
f 1031/1888/1168 1033/1890/1168 1032/1889/1168 
f 1034/1891/1169 1032/1889/1169 1033/1890/1169 
f 1021/1867/1170 1020/1866/1170 1035/1892/1170 
f 1033/1893/1171 1036/1894/1171 1034/1895/1171 
f 1034/1891/502 1034/1891/502 1033/1890/502 
f 1037/1896/1172 1038/1897/1172 1031/1898/1172 
f 1039/1899/1173 364/1900/1173 1040/1901/1173 
f 1034/1891/502 1032/1889/502 1034/1891/502 
f 1032/1889/1174 1034/1891/1174 1041/1891/1174 
f 976/1902/1175 734/1903/1175 1015/1870/1175 
f 1015/1870/1176 1022/1872/1176 976/1902/1176 
f 1042/1904/502 1042/1904/502 1011/1905/502 
f 1042/1904/1177 1032/1889/1177 1041/1891/1177 
f 977/1762/1178 976/1761/1178 1043/1906/1178 
f 1011/1905/1179 1032/1889/1179 1042/1904/1179 
f 1042/1904/502 1032/1889/502 1042/1904/502 
f 1039/1907/1180 365/576/1180 364/575/1180 
f 1009/1846/1181 1011/1849/1181 1042/1908/1181 
f 1043/1909/1182 976/1902/1182 1022/1872/1182 
f 1016/1910/1183 1029/1911/1183 1017/1912/1183 
f 1041/1895/1184 1034/1895/1184 1036/1894/1184 
f 1032/1889/1185 1011/1905/1186 1044/1913/1186 
f 1045/1914/1187 1032/1915/1187 1044/1916/1187 
f 1010/1917/1188 1046/1918/1188 1044/1919/1188 
f 1010/1917/1189 1044/1919/1189 1008/1920/1189 
f 1035/1921/1190 1020/1861/1190 1019/1860/1190 
f 1010/1847/1191 1009/1846/1191 1047/1922/1191 
f 954/1714/1192 953/1713/1192 958/1723/1192 
f 1048/1923/1193 1049/1924/1193 1050/1925/1193 
f 1008/1926/1194 1044/1913/1194 1011/1905/1194 
f 1051/1927/1195 1049/1928/1195 1048/1929/1195 
f 1047/1930/1196 1052/1931/1196 1053/1932/1196 
f 780/1403/1197 363/614/1197 365/1658/1197 
f 1022/1872/1198 1048/1923/1198 1050/1925/1198 
f 1052/1931/1199 1054/1933/1199 1053/1932/1199 
f 1029/1884/1200 1024/1879/1200 1055/1934/1200 
f 1055/1934/1201 1051/1935/1201 1029/1884/1201 
f 1010/1917/1202 1047/1930/1202 1046/1918/1202 
f 1053/1932/1202 1046/1918/1202 1047/1930/1202 
f 1022/1872/1203 1050/1925/1203 1043/1909/1203 
f 1048/1929/1183 1017/1912/1183 1029/1911/1183 
f 1029/1911/1204 1051/1927/1204 1048/1929/1204 
f 1056/1936/1205 1030/1937/1205 880/1938/1205 
f 843/1526/1206 845/1528/1206 1057/1939/1206 
f 1049/1924/1207 1058/1940/1207 1050/1925/1207 
f 922/1941/1208 790/1427/1208 791/1429/1208 
f 1022/1872/1209 1017/1871/1209 1048/1923/1209 
f 981/1942/1210 993/1943/1210 1055/1944/1210 
f 1055/1944/1211 1024/1945/1211 981/1942/1211 
f 1059/1946/1212 1060/1947/1212 1061/1948/1212 
f 957/1720/1213 956/1719/1213 1057/1949/1213 
f 1061/1948/408 1062/1950/408 1059/1946/408 
f 957/1721/1214 1057/1939/1214 826/1491/1214 
f 188/345/324 334/529/324 1063/1951/324 
f 1057/1939/1215 845/1528/1215 826/1491/1215 
f 1064/1952/1216 1059/1946/1216 1062/1950/1216 
f 880/1582/1179 1030/1887/1179 881/1583/1179 
f 1064/1953/1217 1065/1954/1217 1059/1955/1217 
f 1063/1951/1218 230/343/1218 188/345/1218 
f 1064/1952/1219 1062/1950/1219 516/839/1219 
f 1032/1915/1220 1045/1914/1220 1066/1956/1220 
f 512/830/1221 788/1425/1221 513/831/1221 
f 1030/1937/1222 1037/1896/1222 1031/1898/1222 
f 513/831/1223 788/1425/1223 790/1660/1223 
f 1064/1952/1224 516/839/1224 513/842/1224 
f 1007/1837/1225 1067/1957/1225 998/1958/1225 
f 791/1429/1226 1068/1959/1226 922/1941/1226 
f 747/1343/1227 746/1341/1227 998/1958/1227 
f 1007/1837/1227 998/1958/1227 746/1341/1227 
f 1023/1876/1228 950/1710/1228 817/1478/1228 
f 921/1960/1229 922/1941/1229 1068/1959/1229 
f 955/1875/1230 1023/1876/1230 956/1961/1230 
f 1057/1939/1231 1023/1876/1231 817/1478/1231 
f 1057/1939/1232 956/1961/1232 1023/1876/1232 
f 1069/1962/1233 936/1684/1233 752/1357/1233 
f 752/1357/1234 1070/1963/1234 1069/1962/1234 
f 1021/1867/1235 1035/1892/1235 636/1109/1235 
f 1070/1963/502 1069/1962/502 1070/1963/502 
f 1035/1964/1236 1019/1965/1236 1071/1966/1236 
f 1069/1967/1237 808/1968/1237 936/1802/1237 
f 651/1133/1238 695/1225/1238 696/1226/1238 
f 808/1968/1239 820/1803/1239 936/1802/1239 
f 1019/1874/1240 695/1225/1240 651/1133/1240 
f 752/1357/502 1070/1963/502 1070/1963/502 
f 1000/1969/1241 754/1970/1241 1001/1971/1241 
f 1072/1972/1242 1001/1971/1242 754/1970/1242 
f 1030/1887/1243 1032/1889/1243 881/1583/1243 
f 1066/1956/1244 881/1973/1244 1032/1915/1244 
f 1073/1974/1245 999/1813/1245 1074/1975/1245 
f 368/1976/1246 353/560/1246 355/563/1246 
f 1070/1963/1247 752/1357/1247 1075/1977/1247 
f 999/1813/1248 809/1978/1248 751/1979/1248 
f 751/1979/1249 750/1816/1249 999/1813/1249 
f 752/1365/1250 756/1367/1250 754/1980/1250 
f 752/1357/1251 751/1356/1251 1075/1977/1251 
f 1076/1981/1252 1073/1982/1252 1074/1983/1252 
f 881/1583/1253 1077/1984/1253 1078/1985/1253 
f 471/760/1254 1079/1986/1254 355/563/1254 
f 1000/1987/1255 750/1355/1255 754/1363/1255 
f 1080/1988/1256 471/760/1256 359/567/1256 
f 368/1976/1257 355/563/1257 1079/1986/1257 
f 1077/1984/1258 881/1583/1258 1066/1989/1258 
f 751/1356/502 752/1357/502 751/1356/502 
f 1081/1990/1259 1077/1984/1259 1066/1989/1259 
f 1079/1991/1260 1082/1992/1260 369/581/1260 
f 751/1356/502 751/1356/502 750/1355/502 
f 1083/1993/749 1081/1990/749 1045/1994/749 
f 1077/1984/1261 1081/1990/1261 1083/1993/1261 
f 369/581/1262 368/580/1262 1079/1991/1262 
f 1079/1986/1255 471/760/1255 1080/1988/1255 
f 1084/1995/1263 1085/1996/1263 1082/1997/1263 
f 1082/1992/1264 1079/1991/1264 1080/1998/1264 
f 1084/1999/1265 1082/1992/1265 1080/1998/1265 
f 1084/1995/1266 359/567/1266 572/944/1266 
f 1001/1971/1267 1072/1972/1267 1074/1983/1267 
f 1076/1981/1268 1086/2000/1268 1073/1982/1268 
f 1087/2001/1269 803/1447/1269 1088/2002/1269 
f 1084/1995/1270 1080/1988/1270 359/567/1270 
f 802/1446/1271 1089/2003/1271 1088/2002/1271 
f 842/2004/1272 786/2005/1272 1085/2006/1272 
f 1069/1967/1273 1070/2007/1273 809/1978/1273 
f 751/1979/1274 809/1978/1274 1075/2008/1274 
f 1075/2008/1275 809/1978/1275 1070/2007/1275 
f 842/1520/1276 673/1522/1276 786/2009/1276 
f 842/2004/1277 1085/2006/1277 1090/2010/1277 
f 809/1978/1278 808/1968/1278 1069/1967/1278 
f 674/2011/1279 842/2012/1279 835/2013/1279 
f 1091/2014/1280 1090/2015/1280 1084/1995/1280 
f 790/1660/1223 365/1658/1223 513/831/1223 
f 513/2016/1281 365/2017/1281 1039/2018/1281 
f 1039/2018/1282 1064/1953/1282 513/2016/1282 
f 1092/2019/1283 1093/2020/1283 1064/2021/1283 
f 1064/2021/1283 1039/1899/1283 1092/2019/1283 
f 817/1478/1284 816/1477/1284 1094/2022/1284 
f 1094/2022/1285 987/1785/1285 1095/2023/1285 
f 815/1476/1286 984/1859/1286 816/1477/1286 
f 987/1785/1287 1094/2022/1287 816/1477/1287 
f 1096/2024/1288 1094/2022/1288 1097/2025/1288 
f 1094/2022/1289 1098/2026/1289 1097/2025/1289 
f 823/1487/1290 896/1656/1290 938/2027/1290 
f 1097/2025/1291 1088/2002/1291 1096/2024/1291 
f 987/1785/1286 816/1477/1286 984/1859/1286 
f 1087/2001/1292 1088/2002/1292 1097/2025/1292 
f 1098/2026/1293 1087/2001/1293 1097/2025/1293 
f 1095/2028/1294 1087/2029/1294 1098/2030/1294 
f 1099/2031/1295 1093/2032/1295 1100/2033/1295 
f 938/2027/1296 896/1656/1296 939/2034/1296 
f 1094/2035/1297 1095/2028/1297 1098/2030/1297 
f 1065/1954/1298 1093/2032/1298 1099/2031/1298 
f 1064/1953/1299 1093/2032/1299 1065/1954/1299 
f 937/1685/1254 759/1371/1254 643/1120/1254 
f 643/1120/1300 823/1686/1300 937/1685/1300 
f 946/1708/1301 962/1732/1301 973/2036/1301 
f 974/1756/1302 944/2037/1302 973/2036/1302 
f 940/2038/1303 939/2034/1303 892/2039/1303 
f 896/1656/1303 892/2039/1303 939/2034/1303 
f 386/610/1304 1101/2040/1304 384/604/1304 
f 1102/2041/1305 1103/2042/1305 1104/2043/1305 
f 796/1437/1306 1102/2041/1306 795/1436/1306 
f 342/2044/1307 341/2045/1307 982/2046/1307 
f 1105/2047/1307 982/2046/1307 341/2045/1307 
f 1106/2048/1308 1105/2049/1308 341/543/1308 
f 1104/2043/1306 795/1436/1306 1102/2041/1306 
f 904/1624/966 903/1623/966 1107/2050/966 
f 1101/2040/1309 796/1466/1309 384/604/1309 
f 1101/2051/1310 1102/2041/1310 796/1437/1310 
f 1108/2052/1311 1039/1899/1311 1040/1901/1311 
f 1096/2024/502 1096/2024/502 1089/2003/502 
f 1096/2024/1312 1088/2002/1312 1089/2003/1312 
f 317/498/1313 795/1453/1313 1104/2053/1313 
f 1108/2054/1314 1092/2055/1314 1039/1907/1314 
f 1108/2054/1315 1109/2056/1315 1092/2055/1315 
f 1089/2057/1316 802/1444/1316 317/504/1316 
f 363/614/1317 780/1403/1317 362/615/1317 
f 780/1744/1318 321/507/1318 362/592/1318 
f 1107/2050/1319 932/1676/1319 1110/2058/1319 
f 1107/2050/1320 903/1623/1320 932/1676/1320 
f 781/2059/1321 959/1725/1321 779/1727/1321 
f 931/1681/1322 935/1680/1322 1111/2060/1322 
f 1112/2061/1322 1111/2060/1322 935/1680/1322 
f 1113/2062/1323 1111/2060/1323 1112/2061/1323 
f 1114/2063/1324 1038/2064/1324 1096/2024/1324 
f 1096/2024/502 1096/2024/502 1096/2024/502 
f 1096/2024/502 1096/2024/502 1096/2024/502 
f 1111/2065/1325 1110/2066/1325 932/1672/1325 
f 1096/2024/502 1096/2024/502 1096/2024/502 
f 1113/2067/1326 1110/2066/1326 1111/2065/1326 
f 1096/2024/502 1096/2024/502 1114/2063/502 
f 932/1672/1327 931/1671/1327 1111/2065/1327 
f 1096/2024/502 1096/2024/502 1096/2024/502 
f 1094/2022/502 1096/2024/502 1096/2024/502 
f 1112/2061/1328 631/1289/1328 630/2068/1328 
f 1096/2024/502 1096/2024/502 1096/2024/502 
f 1112/2061/1329 935/1680/1329 631/1289/1329 
f 1096/2024/502 1096/2024/502 1096/2024/502 
f 1096/2024/502 1096/2024/502 1096/2024/502 
f 1038/2064/1324 1114/2063/1324 1036/2069/1324 
f 969/1759/1052 960/1726/1052 962/1732/1052 
f 1115/2070/502 1096/2024/502 1096/2024/502 
f 1104/2043/1305 1103/2042/1305 1115/2070/1305 
f 1096/2024/1330 1103/2042/1330 1114/2063/1330 
f 960/1726/1050 959/1725/1050 962/1732/1050 
f 1112/2061/1331 1116/2071/1331 1113/2062/1331 
f 1096/2024/502 1096/2024/502 1115/2070/502 
f 1096/2024/1330 1115/2070/1330 1103/2042/1330 
f 1103/2042/1332 1102/2041/1332 1114/2063/1332 
f 630/2068/1333 1116/2071/1333 1112/2061/1333 
f 1089/2072/1334 1104/2053/1334 1115/2073/1334 
f 1117/2074/1335 1118/2075/1335 974/2076/1335 
f 1118/2075/1336 340/542/1336 327/519/1336 
f 1096/2077/1337 1089/2072/1337 1115/2073/1337 
f 1096/2024/502 1115/2070/502 1096/2024/502 
f 1114/2078/1338 1101/2040/1338 1009/2079/1338 
f 974/2076/1339 1118/2075/1339 327/519/1339 
f 1118/2075/1340 341/543/1340 340/542/1340 
f 1116/2071/1341 630/2068/1341 897/2080/1341 
f 1009/2079/1338 1036/2081/1338 1114/2078/1338 
f 1114/2063/1342 1102/2041/1342 1101/2051/1342 
f 1118/2075/1343 1117/2074/1343 1119/2082/1343 
f 1096/2024/502 1088/2002/502 1096/2024/502 
f 1120/2083/1344 1118/2075/1344 1119/2082/1344 
f 797/1438/1345 799/1440/1345 1095/2084/1345 
f 1036/1894/1346 1009/1846/1346 1042/1908/1346 
f 1118/2085/1347 1120/2086/1347 1121/2087/1347 
f 1052/2088/1348 1047/1922/1348 1009/1846/1348 
f 1042/1908/1184 1041/1895/1184 1036/1894/1184 
f 1086/2000/1349 1122/2089/1349 1123/2090/1349 
f 987/1785/1350 797/1784/1350 1095/2023/1350 
f 1124/2091/1351 1123/2090/1351 1122/2089/1351 
f 1125/2092/1352 1126/2093/1352 891/1638/1352 
f 1127/2094/978 891/1638/978 911/1637/978 
f 927/2095/1031 894/1608/1031 943/1696/1031 
f 891/1638/1353 1127/2094/1353 1125/2092/1353 
f 1128/2096/1354 998/1958/1354 1067/1957/1354 
f 1107/2050/1355 1129/2097/1355 904/1624/1355 
f 998/1810/1356 1128/2098/1356 1130/2099/1356 
f 998/1810/1357 1130/2099/1357 997/1808/1357 
f 1118/2085/1358 1121/2087/1358 1106/2100/1358 
f 934/2101/1359 997/2102/1359 943/2103/1359 
f 997/2102/1360 1130/2104/1360 943/2103/1360 
f 1131/2105/1361 1121/2106/1361 1119/2107/1361 
f 1132/2108/1362 1121/2106/1362 1131/2105/1362 
f 1121/2106/1363 1120/2109/1363 1119/2107/1363 
f 915/2110/1364 1133/2111/1364 906/1636/1364 
f 1134/2112/1365 1131/2113/1365 1119/2082/1365 
f 1135/2114/1366 1124/2091/1366 1122/2089/1366 
f 917/1646/1367 1133/2115/1367 915/1644/1367 
f 1118/2075/1368 1106/2048/1368 341/543/1368 
f 1133/2111/1369 911/1637/1369 906/1636/1369 
f 1136/2116/1370 703/2117/1370 699/1229/1370 
f 690/1217/1371 1136/2116/1371 699/1229/1371 
f 1137/2118/1036 1046/2119/1036 1138/2120/1036 
f 917/2121/1372 1139/2122/1372 937/1691/1372 
f 1140/2123/1373 1141/2124/1373 1003/1827/1373 
f 1140/2123/1374 1003/1827/1374 1006/1835/1374 
f 1142/2125/1375 1126/2126/1375 937/1691/1375 
f 917/2121/1376 937/1691/1376 1126/2126/1376 
f 1133/2127/1377 917/2121/1377 911/2128/1377 
f 1142/2125/1378 937/1691/1378 940/1690/1378 
f 1143/2129/1379 1136/2116/1379 690/1217/1379 
f 690/1217/1380 689/1216/1380 1143/2129/1380 
f 1067/1957/1381 1003/1836/1381 1141/2130/1381 
f 1143/2129/1382 1132/2108/1382 1136/2116/1382 
f 1132/2131/1383 1143/2132/1383 1144/2133/1383 
f 1126/2126/1384 1125/2134/1384 917/2121/1384 
f 911/2128/1385 917/2121/1385 1127/2135/1385 
f 1143/2132/1386 1145/2136/1386 1144/2133/1386 
f 1067/1957/1387 1007/1837/1387 1003/1836/1387 
f 1126/2093/1388 1142/2137/1388 892/2039/1388 
f 1142/2137/1389 940/2038/1389 892/2039/1389 
f 1127/2135/1390 917/2121/1390 1125/2134/1390 
f 1146/2138/1391 703/2117/1391 1136/2116/1391 
f 892/2039/1352 891/1638/1352 1126/2093/1352 
f 1144/2139/1392 1145/2140/1392 1147/2141/1392 
f 1145/2136/1393 1143/2132/1393 689/2142/1393 
f 688/1215/1394 1147/2143/1394 1145/2144/1394 
f 916/1645/1395 1148/2145/1395 1149/2146/1395 
f 1150/2147/1396 1151/2148/1396 1138/2149/1396 
f 913/1653/1397 1129/2150/1397 1152/2151/1397 
f 910/1641/1355 904/1624/1355 1129/2097/1355 
f 688/1215/1120 1004/1828/1120 1147/2143/1120 
f 1107/2152/1398 1110/2153/1398 1129/2154/1398 
f 1129/2154/1399 1110/2153/1399 1152/2155/1399 
f 1145/2136/1400 689/2142/1400 519/2156/1400 
f 688/1215/1401 1145/2144/1401 519/847/1401 
f 1146/2157/1402 1131/2158/1403 1153/2159/1403 
f 910/1641/981 1129/2097/981 913/1642/981 
f 1146/2138/1362 1132/2108/1362 1131/2105/1362 
f 916/1645/1404 1154/2160/1404 1148/2145/1404 
f 1113/2067/1405 1155/2161/1405 1152/2162/1405 
f 1110/2066/1406 1113/2067/1406 1152/2162/1406 
f 915/1644/1407 1154/2160/1407 916/1645/1407 
f 1009/1846/1408 386/2163/1408 1052/2088/1408 
f 1054/2164/1409 1052/2088/1409 386/2163/1409 
f 1156/2165/1410 1157/2166/1410 1158/2167/1410 
f 1146/2138/1411 1136/2116/1411 1132/2108/1411 
f 919/2168/1412 915/2110/1412 906/1636/1412 
f 1087/2029/1413 1095/2028/1413 799/2169/1413 
f 1106/2100/1414 1121/2087/1414 1144/2133/1414 
f 1132/2131/1415 1144/2133/1415 1121/2087/1415 
f 1157/2166/1416 1156/2165/1416 1159/2170/1416 
f 1144/2139/1417 1147/2141/1417 1105/2171/1417 
f 924/2172/1418 1160/2173/1418 1155/2174/1418 
f 1086/2000/1268 1076/1981/1268 1122/2089/1268 
f 1144/2139/1419 1105/2171/1419 1106/2175/1419 
f 1147/2143/1420 1004/1828/1420 1105/2047/1420 
f 982/2046/1420 1105/2047/1420 1004/1828/1420 
f 1161/2176/1421 1148/2177/1421 1161/2176/1421 
f 1059/1946/1422 1065/2178/1422 1099/2179/1422 
f 802/1446/1423 1088/2002/1423 803/1447/1423 
f 803/2180/1424 1087/2029/1424 799/2169/1424 
f 1148/2145/1425 1162/2181/1425 1161/2182/1425 
f 1163/2183/1426 924/2172/1426 1155/2174/1426 
f 572/944/1280 1091/2014/1280 1084/1995/1280 
f 1113/2062/1427 1116/2071/1427 1163/2183/1427 
f 1090/2015/131 1085/1996/131 1084/1995/131 
f 1164/2184/1428 842/2004/1428 1090/2010/1428 
f 1163/2183/1429 1155/2174/1429 1113/2062/1429 
f 1091/2185/1430 572/963/1430 605/1029/1430 
f 908/1661/1431 924/1663/1431 1163/2186/1431 
f 1163/2187/1432 1116/2188/1432 897/2189/1432 
f 1163/2187/1433 897/2189/1433 908/2190/1433 
f 1138/2191/1434 1151/2192/1434 1159/2193/1434 
f 1138/2191/1435 1159/2193/1435 1156/2194/1435 
f 1021/1867/1436 762/1377/1436 684/1376/1436 
f 1021/1867/1437 677/1198/1437 762/1377/1437 
f 1021/1867/1438 771/1386/1438 677/1198/1438 
f 1154/2195/1439 915/2110/1439 1165/2196/1439 
f 636/1109/1440 634/2197/1440 771/1386/1440 
f 771/2198/1441 634/1391/1441 559/1393/1441 
f 943/1696/1442 929/2199/1442 927/2095/1442 
f 928/2200/1442 927/2095/1442 929/2199/1442 
f 943/2201/1443 1130/2202/1443 929/1669/1443 
f 930/1670/1444 929/1669/1444 1130/2202/1444 
f 1166/2203/1445 1082/2204/1445 1085/2205/1445 
f 1128/2098/1446 1167/2206/1446 930/2207/1446 
f 930/2207/1447 1130/2099/1447 1128/2098/1447 
f 571/1188/1448 831/1538/1448 1168/2208/1448 
f 831/1500/2 830/1499/2 1168/2209/2 
f 829/1539/1449 851/1540/1449 830/2210/1449 
f 1148/2145/1450 1154/2160/1450 1162/2181/1450 
f 628/2211/1451 627/2212/1451 645/2213/1451 
f 626/2214/1452 645/2215/1452 627/2214/1452 
f 626/2216/1453 637/2217/1453 645/2218/1453 
f 1021/1867/1454 636/1109/1454 771/1386/1454 
f 636/1109/1455 626/1111/1455 634/2197/1455 
f 451/725/1456 421/2219/1456 132/162/1456 
f 421/2219/1457 451/725/1457 360/724/1457 
f 421/2219/1458 130/160/1458 132/162/1458 
f 1067/1957/1459 1169/2220/1459 1128/2096/1459 
f 360/2221/413 351/676/413 421/675/413 
f 775/2222/856 1170/2223/856 562/920/856 
f 786/1422/856 653/1135/856 1170/2223/856 
f 562/920/856 1170/2223/856 653/1135/856 
f 1085/2006/1460 786/2005/1460 1170/2224/1460 
f 130/2225/1461 1082/2204/1461 1166/2203/1461 
f 421/2219/1462 369/2226/1462 130/160/1462 
f 130/160/1463 369/2226/1463 1082/2227/1463 
f 633/1102/1464 130/160/1464 1166/2228/1464 
f 633/1102/1465 133/163/1465 130/160/1465 
f 1085/2006/1428 1170/2224/1428 1166/2229/1428 
f 775/1396/1464 787/1424/1464 1170/2224/1464 
f 1171/2230/1466 1172/2231/1466 1122/2089/1466 
f 1173/2232/1466 1171/2230/1466 1122/2089/1466 
f 1174/2233/1467 1148/2145/1467 1122/2234/1467 
f 1148/2145/1468 1175/2235/1468 1122/2234/1468 
f 1173/2236/1468 1122/2234/1468 1175/2235/1468 
f 1175/2235/1469 1148/2145/1469 1161/2182/1469 
f 832/1505/1464 835/1507/1464 1176/2237/1464 
f 832/1505/1470 1176/2237/1470 787/1424/1470 
f 1176/2237/1460 842/2004/1460 1164/2184/1460 
f 1166/2228/1471 1164/2238/1471 633/1102/1471 
f 1170/2224/1277 1164/2184/1277 1166/2229/1277 
f 1170/2224/1472 1176/2237/1472 1164/2184/1472 
f 1170/2224/1473 787/1424/1473 1176/2237/1473 
f 633/1102/1474 1164/2238/1474 605/1103/1474 
f 842/2012/1279 1176/2239/1279 835/2013/1279 
f 1177/2240/1475 1161/2241/1475 1162/2242/1475 
f 1178/2243/1476 1177/2244/1476 1162/2245/1476 
f 1154/2246/1477 1178/2247/1477 1162/2242/1477 
f 1175/2248/1478 1179/2249/1478 1173/2250/1478 
f 830/2251/1479 1180/2252/1479 1181/2253/1479 
f 1179/2249/1480 1175/2248/1480 1161/2254/1480 
f 1161/2254/1481 1161/2254/1481 1175/2248/1481 
f 830/2210/1449 851/1540/1449 1180/2255/1449 
f 1091/2185/1482 605/1029/1482 1164/2256/1482 
f 1033/1893/1483 1031/1898/1483 1038/1897/1483 
f 833/1504/2 571/943/2 1181/2257/2 
f 851/2258/89 675/1551/89 1180/2259/89 
f 1164/2256/1484 1090/2260/1484 1091/2185/1484 
f 1168/2208/1448 1181/2253/1448 571/1188/1448 
f 1038/1897/1485 1036/1894/1485 1033/1893/1485 
f 1181/2253/1479 1168/2208/1479 830/2251/1479 
f 1057/1939/1486 817/1478/1486 1056/2261/1486 
f 1180/2252/1487 834/2262/1487 1181/2253/1487 
f 833/2262/181 1181/2253/181 834/2262/181 
f 834/1550/89 1180/2259/89 675/1551/89 
f 1037/2263/1488 1056/2261/1488 1094/2022/1488 
f 817/1478/1488 1094/2022/1488 1056/2261/1488 
f 1096/2024/1489 1037/2263/1489 1094/2022/1489 
f 1037/2263/1324 1096/2024/1324 1038/2064/1324 
f 1056/2261/1490 843/1526/1490 1057/1939/1490 
f 1037/1896/1491 1030/1937/1491 1056/1936/1491 
f 1135/2114/1351 1122/2089/1351 1172/2231/1351 
f 1138/2120/1492 1156/2165/1492 1182/2264/1492 
f 1046/2119/1493 1137/2118/1493 1183/2265/1493 
f 1184/2266/1494 1185/2267/1494 1077/2268/1494 
f 1077/1984/1495 1083/1993/1495 1184/2269/1495 
f 244/2270/1496 1186/2271/1496 242/365/1496 
f 186/384/1497 234/367/1497 635/1108/1497 
f 1137/2118/1498 1138/2120/1498 1182/2264/1498 
f 638/1112/221 234/367/221 243/366/221 
f 1184/2272/1499 1044/1919/1499 1046/1918/1499 
f 639/2273/1500 640/1117/1500 252/1114/1500 
f 1184/2272/1501 1083/2274/1501 1045/2275/1501 
f 1184/2272/1502 1045/2275/1502 1044/1919/1502 
f 1066/1989/749 1045/1994/749 1081/1990/749 
f 1187/2276/1503 1188/2277/1503 639/1113/1503 
f 249/396/1504 1187/2276/1504 639/1113/1504 
f 1189/2278/1505 1183/2265/1505 1137/2118/1505 
f 638/2279/1506 1187/2280/1506 635/2281/1506 
f 1046/1918/1507 1183/2282/1507 1184/2272/1507 
f 1190/2283/1508 1077/2268/1508 1185/2267/1508 
f 1187/2280/1509 249/2284/1509 635/2281/1509 
f 1191/2285/1510 1188/2277/1510 1187/2276/1510 
f 1187/2286/1511 638/1112/1511 1191/2287/1511 
f 638/1112/1512 243/366/1512 1191/2287/1512 
f 1192/2288/1513 1193/2289/1513 1194/2290/1513 
f 1189/2291/1514 415/2292/1514 1183/2293/1514 
f 1195/2294/1515 1196/2295/1515 441/704/1515 
f 1028/2296/1516 1054/2164/1516 386/2163/1516 
f 331/531/1517 441/704/1517 231/2297/1517 
f 1197/2298/1518 441/704/1518 1196/2295/1518 
f 231/2297/1519 230/2299/1519 331/531/1519 
f 1063/2300/1520 334/532/1520 331/531/1520 
f 228/2301/1521 231/344/1521 1197/2302/1521 
f 1197/2302/1522 1196/2303/1522 228/2301/1522 
f 1063/2300/1523 331/531/1523 230/2299/1523 
f 228/2301/204 188/345/204 231/344/204 
f 1101/2040/1524 386/610/1524 1009/2079/1524 
f 1198/2304/1525 640/1117/1525 639/2273/1525 
f 1198/2304/1526 639/2273/1526 1199/2305/1526 
f 1200/2306/1527 657/1145/1527 654/1147/1527 
f 386/2163/1528 1027/2307/1528 1028/2296/1528 
f 654/1138/1529 646/1142/1529 1200/2308/1529 
f 1201/2309/1530 1200/2308/1530 646/1142/1530 
f 640/2310/1531 1198/2311/1531 1201/2312/1531 
f 1089/2072/1532 317/498/1532 1104/2053/1532 
f 1198/2304/1533 1199/2305/1533 1202/2313/1533 
f 1201/2312/1534 646/2314/1534 640/2310/1534 
f 1202/2313/1535 1201/2315/1535 1198/2304/1535 
f 1203/2316/1536 1137/2118/1536 1182/2264/1536 
f 1204/2317/1537 1200/2308/1537 1201/2309/1537 
f 1205/2318/1538 1206/2319/1538 1188/2320/1538 
f 1207/2321/1539 1208/2322/1539 1209/2323/1539 
f 1207/2324/1540 1209/2325/1540 1210/2326/1540 
f 1199/2305/1541 639/2273/1541 1188/2320/1541 
f 1204/2317/1542 1201/2309/1542 1202/2327/1542 
f 1211/2328/1543 1212/2329/1543 1077/2268/1543 
f 1185/2330/1513 1194/2290/1513 1193/2289/1513 
f 1205/2331/1544 1191/2285/1544 1213/2332/1544 
f 1191/2285/1545 1205/2331/1545 1188/2277/1545 
f 243/366/1546 1213/2333/1546 1191/2287/1546 
f 1186/2271/1547 1213/2333/1547 243/366/1547 
f 1213/2333/1548 241/2334/1548 1214/2335/1548 
f 1213/2333/1549 239/2336/1549 241/2334/1549 
f 243/366/1496 242/365/1496 1186/2271/1496 
f 1213/2333/1550 1186/2271/1550 239/2336/1550 
f 244/2270/1551 239/2336/1551 1186/2271/1551 
f 1215/2337/1552 441/2338/1552 432/2339/1552 
f 1215/2337/1553 1216/2340/1553 441/2338/1553 
f 441/2338/1554 1216/2340/1554 1217/2341/1554 
f 1218/2342/1555 1202/2327/1555 1214/2343/1555 
f 1199/2305/1556 1214/2335/1556 1202/2313/1556 
f 1199/2305/1557 1206/2319/1557 1214/2335/1557 
f 919/2344/1558 918/1655/1558 920/1654/1558 
f 920/1654/1558 923/1662/1558 919/2344/1558 
f 1197/2298/1559 231/2297/1559 441/704/1559 
f 441/704/1560 1217/2345/1560 1195/2294/1560 
f 1217/2346/1561 1216/2347/1561 241/2348/1561 
f 920/1654/1562 924/1663/1562 923/1662/1562 
f 1217/2346/1563 241/2348/1563 1195/2349/1563 
f 920/1654/1564 913/1653/1564 1152/2151/1564 
f 918/1655/1565 914/2350/1565 913/1653/1565 
f 1160/2351/1566 920/2352/1566 1155/2161/1566 
f 1160/2353/1567 924/1663/1567 920/1654/1567 
f 1152/2162/1568 1155/2161/1568 920/2352/1568 
f 241/2348/1569 228/2301/1569 1195/2349/1569 
f 1196/2303/1570 1195/2349/1570 228/2301/1570 
f 1218/2342/1571 1204/2317/1571 1202/2327/1571 
f 1206/2319/1572 1205/2318/1572 1213/2333/1572 
f 1214/2335/1573 1206/2319/1573 1213/2333/1573 
f 1199/2305/1574 1188/2320/1574 1206/2319/1574 
f 432/2339/1575 422/707/1575 1215/2337/1575 
f 1215/2337/1576 422/707/1576 443/706/1576 
f 1218/2354/1577 1214/2335/1577 1219/2355/1577 
f 1219/2355/1578 1204/2356/1578 1218/2354/1578 
f 1220/2357/1579 1221/2358/1579 1222/2359/1579 
f 1216/2340/1580 1215/2337/1580 1220/2357/1580 
f 1223/2360/1527 657/1145/1527 1200/2306/1527 
f 1224/2361/1581 1222/2359/1581 1221/2358/1581 
f 1225/2362/830 755/1364/830 758/1370/830 
f 723/1273/1582 716/1276/1582 758/2363/1582 
f 716/1276/1583 721/2364/1583 758/2363/1583 
f 1226/2365/1584 758/2363/1584 721/2364/1584 
f 1227/2366/1585 721/2367/1585 1223/2360/1585 
f 1228/2368/1586 1200/2306/1586 1204/2356/1586 
f 1200/2306/1586 1228/2368/1586 1223/2360/1586 
f 721/2369/1587 657/2370/1587 1223/2371/1587 
f 741/1332/1588 743/1336/1588 977/2372/1588 
f 1229/2373/1589 741/1332/1589 1230/2374/1589 
f 1231/2375/1588 1230/2374/1588 741/1332/1588 
f 1231/2375/1590 741/1332/1590 977/2372/1590 
f 728/1291/1591 282/449/1591 1232/2376/1591 
f 1232/2376/1592 963/2377/1592 728/1291/1592 
f 755/1364/1593 1225/2362/1593 1232/2378/1593 
f 1232/2378/1594 282/1294/1594 755/1364/1594 
f 1220/2357/1471 1215/2337/1471 1221/2358/1471 
f 1233/2379/1595 1224/2361/1595 1221/2358/1595 
f 1233/2380/1596 1234/2381/1596 1224/2382/1596 
f 1233/2379/502 1224/2361/502 1233/2379/502 
f 1233/2379/502 1221/2358/502 1233/2379/502 
f 1233/2379/1597 1221/2358/1597 1235/2379/1597 
f 1235/2379/1598 1221/2358/1598 1236/2383/1598 
f 1221/2358/502 1236/2383/502 1236/2383/502 
f 1236/2383/502 1236/2383/502 1237/2384/502 
f 1235/2385/1599 1236/2386/1599 1234/2381/1599 
f 1233/2380/1600 1235/2385/1600 1234/2381/1600 
f 1154/2195/1601 1165/2196/1601 1178/2243/1601 
f 1238/2387/1602 1239/2388/1602 1240/2389/1602 
f 443/2390/1603 1221/2391/1603 1215/2392/1603 
f 1241/2393/1604 1209/2323/1604 1242/2394/1604 
f 1167/2395/1459 1128/2096/1459 1169/2220/1459 
f 1242/2394/1605 1209/2323/1605 1208/2322/1605 
f 1243/2396/1606 1244/2397/1606 1245/2398/1606 
f 1239/2399/1607 1238/2400/1607 1141/2124/1607 
f 1239/2399/1608 1141/2124/1608 1140/2123/1608 
f 1067/1957/1609 1141/2130/1609 1169/2220/1609 
f 1238/2401/1610 1169/2220/1610 1141/2130/1610 
f 1169/2402/1611 1238/2387/1611 1167/2403/1611 
f 1185/2404/350 1242/2405/350 1190/2406/350 
f 930/1670/1612 1238/2387/1612 1165/2407/1612 
f 1208/2408/1613 1190/2406/1613 1242/2405/1613 
f 923/1662/1614 930/1670/1614 1165/2407/1614 
f 930/1670/1615 1167/2403/1615 1238/2387/1615 
f 1242/2405/1616 1185/2404/1616 1193/2409/1616 
f 1149/2146/1617 1148/2145/1617 1174/2233/1617 
f 1149/2146/1618 1174/2233/1618 1246/2410/1618 
f 1174/2233/1470 1247/2411/1470 1246/2410/1470 
f 1248/2412/1619 1193/2289/1619 1192/2288/1619 
f 1242/2394/1620 1249/2413/1620 1241/2393/1620 
f 1237/2384/1621 1221/2358/1621 1244/2414/1621 
f 1237/2384/1622 1244/2414/1622 1243/2415/1622 
f 1236/2383/1580 1221/2358/1580 1237/2384/1580 
f 485/1724/1623 1229/2373/1623 1250/2416/1623 
f 485/1724/1624 1250/2416/1624 1251/2417/1624 
f 1209/2325/1625 1252/2418/1625 1253/2419/1625 
f 1254/2420/1626 1251/2421/1626 1250/2422/1626 
f 1252/2418/1627 1209/2325/1627 1241/2423/1627 
f 1243/2424/1628 1254/2420/1628 1237/2425/1628 
f 1236/2386/1629 1237/2425/1629 1254/2420/1629 
f 768/1383/1630 1255/2426/1630 1256/2427/1630 
f 1209/2325/1631 1253/2419/1631 1210/2326/1631 
f 768/1383/1632 1256/2427/1632 770/1385/1632 
f 1229/2428/1633 1043/1906/1633 1250/2422/1633 
f 1244/2429/1634 1221/2391/1634 1257/2430/1634 
f 1245/2398/1635 1258/2431/1635 1251/2417/1635 
f 772/1389/1636 770/1388/1636 1256/2432/1636 
f 741/1332/1637 1229/2373/1637 485/1724/1637 
f 1259/2433/1638 1260/2434/1638 1253/2419/1638 
f 1252/2418/1639 1259/2433/1639 1253/2419/1639 
f 1252/2418/1640 1249/2435/1640 1259/2433/1640 
f 772/2436/1641 1261/2437/1641 769/1384/1641 
f 616/1052/944 615/1051/944 885/1591/944 
f 1241/2423/1642 1249/2435/1642 1252/2418/1642 
f 769/1384/1643 765/1380/1643 772/2436/1643 
f 1262/2438/1644 812/1471/1644 810/1470/1644 
f 814/1474/1645 1262/2439/1645 811/1469/1645 
f 999/2440/1646 1263/2441/1646 807/2442/1646 
f 809/2443/1646 999/2440/1646 807/2442/1646 
f 810/1468/1645 811/1469/1645 1262/2439/1645 
f 1253/2419/1647 1260/2434/1647 1210/2326/1647 
f 1260/2434/1648 1207/2324/1648 1210/2326/1648 
f 1264/2444/1649 1259/2433/1649 1249/2435/1649 
f 1264/2444/367 1193/2409/367 1248/2445/367 
f 1264/2446/1650 1249/2413/1650 1242/2394/1650 
f 1264/2444/1616 1242/2405/1616 1193/2409/1616 
f 1248/2445/1651 1265/2447/1651 1264/2444/1651 
f 1248/2412/1652 1192/2288/1652 543/2448/1652 
f 1265/2449/1653 1248/2412/1653 543/2448/1653 
f 543/2448/1654 542/2450/1654 1265/2449/1654 
f 1265/2447/1655 1266/2451/1655 1264/2444/1655 
f 1266/2451/303 1259/2433/303 1264/2444/303 
f 1267/2452/1656 1216/2347/1656 1220/2453/1656 
f 561/916/1657 1268/2454/1657 1265/2455/1657 
f 542/917/1658 561/916/1658 1265/2455/1658 
f 1266/2456/562 1265/2455/562 1269/2457/562 
f 1265/2455/1659 1268/2454/1659 1269/2457/1659 
f 1117/2458/1660 1270/2459/1660 1134/2460/1660 
f 1271/2461/1661 1134/2460/1661 1270/2459/1661 
f 445/713/1662 1257/2462/1662 442/705/1662 
f 1134/2112/1663 1119/2082/1663 1117/2074/1663 
f 1221/2391/1664 443/2390/1664 1257/2430/1664 
f 925/2463/1665 1068/1959/1665 781/2059/1665 
f 964/1734/1666 963/1733/1666 1272/2464/1666 
f 1273/2465/1667 1272/2464/1667 963/1733/1667 
f 1153/2159/1668 1131/2158/1668 1134/2466/1668 
f 1274/2467/1669 1092/2055/1669 1109/2056/1669 
f 1274/2467/1670 1109/2056/1670 1108/2054/1670 
f 1232/2376/1671 1273/2468/1671 963/2377/1671 
f 1232/2376/1672 1275/2469/1672 1273/2468/1672 
f 1225/2362/1673 1275/2470/1673 1232/2378/1673 
f 1225/2362/1674 1276/2471/1674 1275/2470/1674 
f 721/2364/1675 1227/2472/1675 1226/2365/1675 
f 1277/2473/1676 1276/2471/1676 1226/2474/1676 
f 1271/2475/1677 1270/2476/1677 1278/2477/1677 
f 758/1370/1678 1226/2474/1678 1276/2471/1678 
f 758/1370/1678 1276/2471/1678 1225/2362/1678 
f 1223/2360/1679 1228/2368/1679 1227/2366/1679 
f 1228/2368/1680 1279/2478/1680 1227/2366/1680 
f 1280/2479/1681 1092/2055/1681 1274/2467/1681 
f 703/1233/1682 1281/2480/1682 701/1234/1682 
f 701/1231/1683 1281/2481/1683 702/1232/1683 
f 1214/2335/1684 1267/2482/1684 1279/2478/1684 
f 1282/2483/1685 1273/2468/1685 1275/2469/1685 
f 1275/2469/1686 1283/2484/1686 1282/2483/1686 
f 1284/2485/1687 1282/2486/1687 1283/2487/1687 
f 1283/2487/1688 1275/2470/1688 1276/2471/1688 
f 703/2117/502 699/1229/502 699/1229/502 
f 1276/2471/1689 1277/2473/1689 1283/2487/1689 
f 1285/2488/1690 1220/2453/1690 1222/2489/1690 
f 585/2490/1691 1286/2491/1691 561/2492/1691 
f 814/1474/1692 1263/2493/1692 1287/2494/1692 
f 807/1459/1693 1263/2493/1693 814/1474/1693 
f 1255/2426/1694 767/1382/1694 812/1475/1694 
f 768/1383/1695 767/1382/1695 1255/2426/1695 
f 581/2495/1696 580/2496/1696 1288/2497/1696 
f 581/2495/1696 1288/2497/1696 1289/2498/1696 
f 577/973/2 579/975/2 581/977/2 
f 1289/2499/588 294/981/588 581/980/588 
f 1290/2500/1697 1262/2439/1697 814/1474/1697 
f 1290/2500/1697 814/1474/1697 1287/2494/1697 
f 812/1471/1698 1262/2438/1698 1291/2501/1698 
f 1292/2502/1699 258/2503/1699 257/2504/1699 
f 1293/2505/1700 812/2506/1700 1291/2507/1700 
f 1255/2426/1701 812/1475/1701 1293/2508/1701 
f 700/2509/1702 697/2510/1702 791/2511/1702 
f 1001/1815/1703 1074/1975/1703 999/1813/1703 
f 926/2512/1704 921/1960/1704 1068/1959/1704 
f 1294/2513/1705 791/2511/1705 697/2510/1705 
f 1006/2514/1706 885/1591/1706 769/1384/1706 
f 1261/2437/1706 1006/2514/1706 769/1384/1706 
f 1295/2515/1683 702/1232/1683 1281/2481/1683 
f 1281/2481/1707 1296/2516/1707 1295/2515/1707 
f 1294/2517/1708 697/1227/1708 1295/2515/1708 
f 697/1227/1709 702/1232/1709 1295/2515/1709 
f 791/2511/1710 1294/2513/1710 1068/2518/1710 
f 1297/2519/1711 1298/2520/1711 1299/2521/1711 
f 926/2512/1712 1068/1959/1712 925/2463/1712 
f 1300/2522/1713 1301/2523/1713 1302/2524/1713 
f 754/1970/1714 756/1517/1714 837/1516/1714 
f 1300/2525/1715 1303/2526/1715 1301/2527/1715 
f 1072/1972/1716 754/1970/1716 837/1516/1716 
f 1301/2527/1717 1303/2526/1717 1299/2528/1717 
f 1304/2529/1718 1305/2530/1718 1306/2531/1718 
f 1301/2527/1719 1299/2528/1719 1298/2532/1719 
f 1305/2530/1720 1304/2529/1720 850/1536/1720 
f 1072/1972/1721 837/1516/1721 848/1561/1721 
f 1072/2533/1722 848/1534/1722 850/1536/1722 
f 1307/2534/1723 1304/2535/1723 1306/2536/1723 
f 850/1536/810 1304/2529/810 1072/2533/810 
f 139/186/1724 95/105/1724 1308/2537/1724 
f 1309/2538/502 1310/2539/502 1311/2540/502 
f 1309/2538/502 1311/2540/502 1312/2538/502 
f 1313/2541/1725 1314/2541/1725 1315/2542/1725 
f 1314/2541/1726 1316/2543/1726 1315/2542/1726 
f 1317/2544/1727 1316/2543/1727 1314/2541/1727 
f 1318/2545/1728 1315/2542/1728 1316/2543/1728 
f 1304/2535/1729 1307/2534/1729 1319/2546/1729 
f 1315/2542/1730 1320/2547/1730 1321/2541/1730 
f 1315/2542/1731 1321/2541/1731 1313/2541/1731 
f 1322/2548/1732 1314/2541/1732 1313/2541/1732 
f 1317/2549/1733 1314/2550/1733 1323/2551/1733 
f 1321/2550/1734 1320/2552/1734 1314/2550/1734 
f 1320/2552/1735 1324/2553/1735 1314/2550/1735 
f 1325/2554/1736 1324/2553/1736 1320/2552/1736 
f 1323/2551/1737 1314/2550/1737 1324/2553/1737 
f 1304/2535/1738 1326/2555/1738 1072/2556/1738 
f 1327/2557/1739 1320/2547/1739 1328/2558/1739 
f 1329/2559/1740 1320/2547/1740 1327/2557/1740 
f 1315/2542/1741 1328/2558/1741 1320/2547/1741 
f 1319/2560/1742 1330/2561/1742 1304/2562/1742 
f 1321/2541/1743 1331/2563/1743 1313/2541/1743 
f 1329/2564/1744 1327/2565/1744 1320/2552/1744 
f 1327/2565/1745 1332/2566/1745 1320/2552/1745 
f 1325/2554/1746 1320/2552/1746 1332/2566/1746 
f 1333/2567/1747 1313/2541/1747 1334/2568/1747 
f 1326/2569/1742 1304/2562/1742 1330/2561/1742 
f 1314/2550/1748 1333/2570/1748 1321/2550/1748 
f 1322/2571/1749 1333/2570/1749 1314/2550/1749 
f 1331/2572/1749 1321/2550/1749 1333/2570/1749 
f 1331/2572/1750 1333/2570/1750 1334/2573/1750 
f 1335/2574/1751 1336/2575/1751 1337/2576/1751 
f 1332/2558/1752 1335/2574/1752 1325/2547/1752 
f 1335/2574/1753 1338/2577/1753 1325/2547/1753 
f 1323/2578/1754 1339/2579/1754 1317/2544/1754 
f 1340/2580/1755 1341/2581/1755 1342/2582/1755 
f 1323/2551/1756 1324/2553/1756 1316/2583/1756 
f 1318/2584/1757 1316/2583/1757 1324/2553/1757 
f 1343/2585/1758 1340/2580/1758 1342/2582/1758 
f 1322/2548/1754 1339/2579/1754 1333/2567/1754 
f 1333/2567/1754 1335/2574/1754 1344/2586/1754 
f 1345/2587/1754 1344/2586/1754 1337/2576/1754 
f 1134/2460/1759 1271/2461/1759 1153/2588/1759 
f 1076/1981/1267 1074/1983/1267 1072/1972/1267 
f 1271/2461/1760 1296/2589/1760 1153/2588/1760 
f 1317/2544/1754 1339/2579/1754 1322/2548/1754 
f 1335/2574/1754 1333/2567/1754 1339/2579/1754 
f 1346/2590/1754 1335/2574/1754 1339/2579/1754 
f 1337/2576/1754 1344/2586/1754 1335/2574/1754 
f 959/1725/1665 781/2059/1665 1068/1959/1665 
f 1294/2513/1761 1340/2580/1761 1068/2518/1761 
f 1340/2580/1762 1343/2585/1762 1068/2518/1762 
f 1182/2264/1763 1156/2165/1763 1347/2591/1763 
f 1156/2165/1764 1158/2167/1764 1347/2591/1764 
f 1068/2518/1765 1343/2585/1765 959/2592/1765 
f 1278/2477/1677 1342/2593/1677 1271/2475/1677 
f 1342/2593/1766 1296/2516/1766 1271/2475/1766 
f 1342/2593/1767 1341/2594/1767 1296/2516/1767 
f 1295/2515/1707 1296/2516/1707 1341/2594/1707 
f 1159/2193/1768 1151/2192/1768 1157/2595/1768 
f 1281/2480/1769 1153/2588/1769 1296/2589/1769 
f 1341/2581/1770 1340/2580/1770 1294/2513/1770 
f 1189/2278/1771 1137/2118/1771 1203/2316/1771 
f 1294/2517/1772 1295/2515/1772 1341/2594/1772 
f 1278/2596/1773 1343/2597/1773 1342/2598/1773 
f 1158/2599/1774 1292/2600/1774 1347/2601/1774 
f 1279/2478/1775 1219/2355/1775 1214/2335/1775 
f 1228/2368/1776 1204/2356/1776 1219/2355/1776 
f 1348/2602/1777 1157/2595/1777 1151/2192/1777 
f 1226/2474/1778 1349/2603/1778 1277/2473/1778 
f 1277/2473/1779 1279/2478/1779 1283/2487/1779 
f 1348/2602/1780 1292/2502/1780 1158/2604/1780 
f 1349/2603/1781 1279/2478/1781 1277/2473/1781 
f 1158/2604/1782 1157/2595/1782 1348/2602/1782 
f 1349/2605/1783 1227/2472/1783 1279/2606/1783 
f 1349/2605/1784 1226/2365/1784 1227/2472/1784 
f 1151/2192/1785 258/2503/1785 1348/2602/1785 
f 1219/2355/1786 1279/2478/1786 1228/2368/1786 
f 1267/2482/1787 1214/2335/1787 241/2334/1787 
f 1348/2602/1788 258/2503/1788 1292/2502/1788 
f 241/2348/1789 1216/2347/1789 1267/2452/1789 
f 947/1705/1790 949/1707/1790 483/2607/1790 
f 257/2504/1791 261/2608/1791 1292/2502/1791 
f 1203/2316/1792 1182/2264/1792 1347/2591/1792 
f 1153/2588/1793 1281/2480/1793 703/1233/1793 
f 1153/2159/1794 703/2609/1794 1146/2157/1794 
f 959/2592/1795 1350/2610/1795 962/2611/1795 
f 1351/2612/1796 1322/2548/1796 1313/2541/1796 
f 1343/2585/1797 1350/2610/1797 959/2592/1797 
f 1350/2613/1798 1117/2074/1798 973/2614/1798 
f 974/2076/1798 973/2614/1798 1117/2074/1798 
f 973/2614/1798 962/2615/1798 1350/2613/1798 
f 1117/2074/1799 1278/2596/1799 1270/2616/1799 
f 1117/2074/1800 1350/2613/1800 1278/2596/1800 
f 1343/2597/1801 1278/2596/1801 1350/2613/1801 
f 1352/2617/1802 1353/2618/1802 1354/2619/1802 
f 1355/2620/1803 1352/2617/1803 1354/2619/1803 
f 1356/2621/1804 1357/2622/1804 1358/2623/1804 
f 1359/2624/1805 1360/2625/1805 1361/2626/1805 
f 1362/2627/1806 1363/2628/1806 1364/2629/1806 
f 1360/2630/1807 1365/2631/1807 1361/2632/1807 
f 1357/2633/1808 1356/2634/1808 1362/2635/1808 
f 1363/2636/1808 1362/2635/1808 1356/2634/1808 
f 947/1722/1809 483/778/1809 485/780/1809 
f 1360/2630/1810 1357/2633/1810 1364/2637/1810 
f 1123/2638/1811 1366/2639/1811 1086/2640/1811 
f 1357/2633/1812 1362/2635/1812 1364/2637/1812 
f 1351/2612/1747 1313/2541/1747 1333/2567/1747 
f 1256/2427/1813 1255/2426/1813 1367/2641/1813 
f 1333/2567/1814 1344/2586/1814 1351/2612/1814 
f 1293/2508/1815 1367/2641/1815 1255/2426/1815 
f 1367/2642/1816 1368/2643/1816 1256/2432/1816 
f 1256/2432/1817 1368/2643/1817 772/1389/1817 
f 1368/2644/1818 1261/2645/1818 772/2646/1818 
f 1040/2647/1819 364/2648/1819 1369/2649/1819 
f 367/578/1820 1369/2650/1820 364/575/1820 
f 1351/2612/1821 275/2651/1821 1322/2548/1821 
f 275/2652/1822 1370/2653/1822 1371/2654/1822 
f 1244/2397/1823 1258/2431/1823 1245/2398/1823 
f 1292/2655/1824 1371/2654/1824 1203/2316/1824 
f 1251/2421/1825 1254/2420/1825 1245/2656/1825 
f 1316/2543/1826 1317/2544/1826 275/2651/1826 
f 1317/2544/1827 1322/2548/1827 275/2651/1827 
f 1351/2657/1828 1370/2653/1828 275/2652/1828 
f 1372/2658/1829 1330/2659/1829 1319/2546/1829 
f 1368/2644/1830 1373/2660/1830 1261/2645/1830 
f 1239/2661/1831 1140/2662/1831 1240/2663/1831 
f 1373/2664/1831 1240/2663/1831 1140/2662/1831 
f 1006/2514/1832 1261/2437/1832 1373/2664/1832 
f 1140/2662/1832 1006/2514/1832 1373/2664/1832 
f 1374/2665/1833 1240/2389/1833 1373/2666/1833 
f 516/839/1834 1062/1950/1834 704/1236/1834 
f 1061/1948/1835 704/1236/1835 1062/1950/1835 
f 1369/2650/1836 367/578/1836 1375/2667/1836 
f 1376/2668/1837 1374/2669/1837 1368/2643/1837 
f 1368/2643/1838 1367/2642/1838 1376/2668/1838 
f 1376/2670/1839 1367/2641/1839 1377/2671/1839 
f 1293/2508/1839 1377/2671/1839 1367/2641/1839 
f 398/631/1840 1378/2672/1840 367/628/1840 
f 1379/2673/1841 1380/2674/1841 1381/2675/1841 
f 1381/2675/749 1380/2674/749 1108/2054/749 
f 1108/2054/749 1040/2676/749 1381/2675/749 
f 1040/2647/1819 1369/2649/1819 1381/2677/1819 
f 1379/2673/1842 1280/2479/1842 1274/2467/1842 
f 1371/2654/1764 1292/2655/1764 275/2652/1764 
f 275/2678/116 1323/2551/116 1316/2583/116 
f 1382/2679/1843 1339/2680/1843 1323/2551/1843 
f 1382/2679/525 1323/2551/525 275/2678/525 
f 1379/2673/1844 1274/2467/1844 1380/2674/1844 
f 275/2681/1845 1292/2502/1845 261/2608/1845 
f 275/2651/1846 1338/2577/1846 1382/2682/1846 
f 275/2651/1847 1318/2545/1847 1324/2683/1847 
f 275/2651/1848 1324/2683/1848 1338/2577/1848 
f 1108/2054/1849 1380/2674/1849 1274/2467/1849 
f 1315/2684/1850 1318/2685/1850 274/433/1850 
f 1318/2685/1851 275/434/1851 274/433/1851 
f 1100/2033/1852 1093/2032/1852 1280/2686/1852 
f 1280/2686/1853 1383/2687/1853 1100/2033/1853 
f 1093/2032/1854 1092/2688/1854 1280/2686/1854 
f 1383/2687/1855 1280/2686/1855 1379/2689/1855 
f 1384/2690/1856 1375/2667/1856 1385/2691/1856 
f 1292/2600/1857 1203/2692/1857 1347/2601/1857 
f 1386/2693/1858 1384/2690/1858 1385/2691/1858 
f 1257/2430/1859 458/2694/1859 1244/2429/1859 
f 1258/2695/1860 566/2696/1860 1387/2697/1860 
f 1385/2691/1861 1388/2698/1861 1386/2693/1861 
f 415/2292/1862 1189/2291/1862 1389/2699/1862 
f 485/1724/1635 1251/2417/1635 1258/2431/1635 
f 1390/2700/1863 1391/2701/1863 1392/2702/1863 
f 95/2703/1864 415/2292/1864 1389/2699/1864 
f 1339/2704/89 1382/2705/89 1338/2706/89 
f 1339/2704/89 1338/2706/89 1346/2707/89 
f 1258/2695/1469 1387/2697/1469 1392/2702/1469 
f 1393/2708/188 1351/2612/188 1345/2587/188 
f 1344/2586/1865 1345/2587/1865 1351/2612/1865 
f 1351/2612/1764 1393/2708/1764 1370/2709/1764 
f 1370/2653/1866 1393/2710/1866 1371/2654/1866 
f 1203/2316/1867 1371/2654/1867 1389/2711/1867 
f 1189/2278/1764 1203/2316/1764 1389/2711/1764 
f 1371/2654/1868 1393/2710/1868 1389/2711/1868 
f 1346/2712/1869 1338/2713/1869 1335/2714/1869 
f 1324/2683/1870 1325/2547/1870 1338/2577/1870 
f 1394/2715/1871 1395/2716/1871 1396/2717/1871 
f 1386/2693/1872 1397/2718/1872 1384/2690/1872 
f 1394/2719/1873 1394/2719/1873 1395/2720/1873 
f 1394/2719/1874 1397/2718/1874 1395/2720/1874 
f 1386/2693/1875 1395/2720/1875 1397/2718/1875 
f 95/2703/1876 1389/2699/1876 1398/2721/1876 
f 1376/2670/1877 1377/2671/1877 1399/2722/1877 
f 1345/2723/89 1337/2724/89 1400/2725/89 
f 1334/2726/89 1400/2725/89 1336/2727/89 
f 1336/2727/89 1400/2725/89 1337/2724/89 
f 1336/2727/89 1329/2728/89 1334/2726/89 
f 1327/2729/89 1329/2728/89 1336/2727/89 
f 1331/2730/89 1334/2726/89 1329/2728/89 
f 1399/2722/1878 1401/2731/1878 1376/2670/1878 
f 1384/2690/1879 1379/2673/1879 1375/2667/1879 
f 1328/2732/2 1332/2732/2 1327/2733/2 
f 1327/2733/2 1327/2733/2 1332/2732/2 
f 1394/2734/1880 1394/2734/1880 1402/2735/1880 
f 1396/2717/1881 1402/2736/1881 1394/2715/1881 
f 1397/2718/1882 1394/2719/1882 1403/2737/1882 
f 1404/2738/188 1393/2708/188 1400/2739/188 
f 1345/2587/188 1400/2739/188 1393/2708/188 
f 1404/2740/1883 1405/2741/1883 1393/2710/1883 
f 1384/2742/1884 1397/2743/1884 1402/2744/1884 
f 1402/2745/1885 1397/2746/1885 1394/2747/1885 
f 1311/2748/1886 1406/2749/1886 1327/2557/1886 
f 1310/2750/1887 1406/2749/1887 1311/2748/1887 
f 1329/2559/1740 1327/2557/1740 1406/2749/1740 
f 1379/2673/1336 1369/2650/1336 1375/2667/1336 
f 1406/2749/1888 1313/2541/1888 1331/2563/1888 
f 1406/2749/1889 1331/2563/1889 1329/2559/1889 
f 1373/2660/1890 1368/2644/1890 1374/2751/1890 
f 1258/2752/1891 947/2753/1891 485/2754/1891 
f 1404/2738/1892 1309/2755/1892 1312/2756/1892 
f 1404/2738/1893 1312/2756/1893 1405/2757/1893 
f 1406/2749/1894 1310/2750/1894 1404/2738/1894 
f 1404/2738/1895 1310/2750/1895 1309/2755/1895 
f 1258/2752/1896 1392/2758/1896 947/2753/1896 
f 1334/2568/1897 1313/2541/1897 1406/2749/1897 
f 1334/2568/1898 1406/2749/1898 1400/2739/1898 
f 1404/2738/1814 1400/2739/1814 1406/2749/1814 
f 1327/2759/1899 1327/2759/1899 1311/2540/1899 
f 1312/2538/1900 1311/2540/1900 1405/2760/1900 
f 1336/2761/1901 1405/2760/1901 1311/2540/1901 
f 1327/2759/1902 1336/2761/1902 1311/2540/1902 
f 1384/2762/1903 1402/2763/1903 1407/2763/1903 
f 1384/2762/1904 1407/2763/1904 1408/2764/1904 
f 1409/2765/1905 958/2766/1905 1392/2767/1905 
f 1405/2757/1751 1336/2575/1751 1410/2768/1751 
f 1335/2574/1906 1410/2768/1906 1336/2575/1906 
f 958/2766/1905 947/1705/1905 1392/2767/1905 
f 1328/2558/1907 1410/2768/1907 1332/2558/1907 
f 1335/2574/1752 1332/2558/1752 1410/2768/1752 
f 1384/2762/1908 1408/2764/1908 1411/2769/1908 
f 1315/2542/1909 32/2770/1909 1328/2558/1909 
f 1394/2719/1910 1411/2771/1910 1403/2737/1910 
f 1411/2771/1911 1397/2718/1911 1403/2737/1911 
f 1397/2772/1912 1411/2773/1912 1394/2774/1912 
f 1369/2650/1913 1379/2673/1913 1381/2675/1913 
f 1412/2775/1914 1413/2776/1914 1414/2777/1914 
f 1099/2179/1915 1060/1947/1915 1059/1946/1915 
f 1409/2778/1916 1392/2758/1916 1415/2779/1916 
f 1415/2779/1917 1392/2758/1917 1391/2780/1917 
f 1416/2781/1918 1417/2782/1918 1418/2783/1918 
f 1060/2784/1919 1383/2785/1919 1061/2786/1919 
f 1076/2787/620 1419/2788/620 862/2789/620 
f 853/2790/1920 862/2789/1920 1419/2788/1920 
f 1076/2787/1921 1326/2791/1921 1419/2788/1921 
f 1420/2792/1922 1421/2793/1922 1422/2794/1922 
f 1423/2795/1923 1420/2792/1923 1422/2794/1923 
f 1424/2796/1924 1425/2797/1924 1421/2793/1924 
f 1424/2798/1925 1426/2799/1925 1425/2800/1925 
f 1076/2801/1926 1072/2556/1926 1326/2555/1926 
f 1426/2799/1927 1422/2802/1927 1425/2800/1927 
f 1427/2803/1928 1422/2802/1928 1426/2799/1928 
f 1428/2804/1929 1247/2411/1929 1174/2233/1929 
f 1298/2532/1930 1412/2805/1930 1414/2806/1930 
f 1414/2777/1931 1413/2776/1931 1416/2781/1931 
f 1429/2807/1932 1430/2808/1932 1426/2799/1932 
f 1427/2803/1932 1426/2799/1932 1430/2808/1932 
f 1418/2783/1933 1414/2777/1933 1416/2781/1933 
f 1423/2809/1934 1422/2802/1934 1427/2803/1934 
f 1298/2520/1935 1431/2810/1935 1432/2811/1935 
f 1431/2810/1936 1433/2812/1936 1432/2811/1936 
f 1426/2799/1937 1424/2798/1937 1429/2807/1937 
f 1100/2033/1938 1383/2687/1938 1060/2813/1938 
f 1409/2778/1939 1434/2814/1939 958/2815/1939 
f 1060/2813/1940 1099/2031/1940 1100/2033/1940 
f 1412/2805/1941 1298/2532/1941 1432/2816/1941 
f 1435/2817/1937 1429/2807/1937 1424/2798/1937 
f 458/1049/1942 566/1048/1942 1258/2431/1942 
f 1416/2818/1943 1436/2819/1943 1437/2820/1943 
f 1414/2806/1944 1418/2821/1944 1301/2527/1944 
f 1438/2822/1945 1439/2823/1945 1440/2824/1945 
f 1439/2823/1946 1441/2825/1946 1442/2826/1946 
f 1440/2824/1947 1443/2827/1947 1438/2822/1947 
f 704/1236/1948 1383/2828/1948 1443/2827/1948 
f 1420/2792/1923 1423/2795/1923 1444/2829/1923 
f 1413/2830/1949 1412/2831/1949 1433/2832/1949 
f 1412/2831/1950 1432/2833/1950 1433/2832/1950 
f 1438/2834/1951 1445/2835/1951 1441/2836/1951 
f 1438/2834/1952 1441/2836/1952 1439/2837/1952 
f 1441/2836/1953 1445/2835/1953 1446/2838/1953 
f 1447/2839/1954 1448/2840/1954 1449/2841/1954 
f 1443/2827/482 1383/2828/482 1438/2822/482 
f 1413/2830/1955 1433/2832/1955 1431/2842/1955 
f 1416/2818/1956 1413/2830/1956 1431/2842/1956 
f 1438/2843/1957 1450/2844/1957 1445/2845/1957 
f 1450/2844/1958 1446/2846/1958 1445/2845/1958 
f 1383/2687/1959 1384/2847/1959 1438/2848/1959 
f 1449/2849/1960 1451/2850/1960 1444/2829/1960 
f 1452/2851/1961 1453/2852/1961 1454/2853/1961 
f 1455/2854/1962 1454/2853/1962 1453/2852/1962 
f 1438/2834/1963 1456/2855/1963 1450/2856/1963 
f 1452/2857/1964 1456/2855/1964 1453/2858/1964 
f 1438/2834/1964 1453/2858/1964 1456/2855/1964 
f 1444/2829/1965 1451/2850/1965 1420/2792/1965 
f 1411/2859/1966 1453/2860/1966 1438/2861/1966 
f 1457/2862/1967 841/2863/1967 843/1526/1967 
f 1383/2785/1968 704/2864/1968 1061/2786/1968 
f 1383/2687/1969 1379/2689/1969 1384/2847/1969 
f 1438/2861/1970 1384/2865/1970 1411/2859/1970 
f 839/2866/1971 841/2863/1971 1458/2867/1971 
f 1459/2868/1972 1448/2869/1972 1460/2870/1972 
f 1448/2869/1973 1447/2871/1973 1457/2862/1973 
f 1419/2872/1974 1326/2569/1974 1461/2873/1974 
f 1461/2873/1975 1326/2569/1975 1462/2874/1975 
f 1447/2871/1976 1458/2867/1976 1457/2862/1976 
f 841/2863/1977 1457/2862/1977 1458/2867/1977 
f 862/2875/1978 853/1548/1978 848/1547/1978 
f 853/1548/1979 1463/2876/1979 849/1546/1979 
f 1161/2254/1980 1177/2244/1980 1179/2249/1980 
f 1171/2877/1480 1173/2250/1480 1179/2249/1480 
f 1238/2387/1981 1464/2878/1981 1165/2407/1981 
f 1238/2387/1982 1240/2389/1982 1464/2878/1982 
f 1326/2791/1983 1330/2879/1983 1462/2880/1983 
f 1330/2879/1984 1465/2881/1984 1462/2880/1984 
f 1076/1981/1985 862/1560/1985 1122/2089/1985 
f 1428/2804/1986 1174/2233/1986 1122/2234/1986 
f 1411/2882/1987 1408/2883/1987 1453/2858/1987 
f 1466/2884/1988 1222/2489/1988 1224/2382/1988 
f 1467/2885/89 1407/2886/89 1396/2887/89 
f 1234/2381/1989 1466/2884/1989 1224/2382/1989 
f 1402/2888/89 1396/2887/89 1407/2886/89 
f 1454/2889/89 1455/2890/89 1456/2891/89 
f 1455/2890/89 1446/2892/89 1456/2891/89 
f 1450/2893/89 1456/2891/89 1446/2892/89 
f 1378/2894/482 398/840/482 704/1236/482 
f 1392/2702/1990 1387/2697/1990 1390/2700/1990 
f 458/1049/1991 1258/2431/1991 1244/2397/1991 
f 1257/2430/1992 445/2895/1992 458/2694/1992 
f 443/706/1662 442/705/1662 1257/2462/1662 
f 618/2896/1993 1468/2897/1993 1387/2697/1993 
f 1387/2697/1994 566/2696/1994 618/2896/1994 
f 1178/2898/1995 1165/2407/1995 1464/2878/1995 
f 1399/2899/1996 1464/2878/1996 1401/2900/1996 
f 1374/2669/1997 1376/2668/1997 1464/2901/1997 
f 1376/2668/1998 1401/2902/1998 1464/2901/1998 
f 1374/2665/1999 1464/2878/1999 1240/2389/1999 
f 1469/2903/2000 991/1840/2000 964/1839/2000 
f 1243/2424/2001 1245/2656/2001 1254/2420/2001 
f 1230/2904/2002 1043/1906/2002 1229/2428/2002 
f 992/1800/2003 1470/2905/2003 994/1801/2003 
f 1305/2530/2004 850/1536/2004 884/1590/2004 
f 1470/2906/2005 992/1797/2005 991/1796/2005 
f 991/1796/2006 1469/2907/2006 1470/2906/2006 
f 1471/2908/2007 1472/2909/2007 1306/2531/2007 
f 993/1799/2008 994/1801/2008 1473/2910/2008 
f 1306/2531/162 1305/2530/162 1471/2908/162 
f 964/1734/2009 1272/2464/2009 1469/2911/2009 
f 1282/2486/2010 1284/2485/2010 1273/2465/2010 
f 1263/2441/2011 999/2440/2011 1366/2912/2011 
f 1474/2913/2012 1366/2639/2012 1135/2914/2012 
f 1086/2640/2013 1366/2639/2013 1073/1974/2013 
f 999/1813/2014 1073/1974/2014 1366/2639/2014 
f 1124/2915/2015 1366/2639/2015 1123/2638/2015 
f 1301/2527/2016 1298/2532/2016 1414/2806/2016 
f 1222/2489/2017 1466/2884/2017 1285/2488/2017 
f 1405/2757/2018 1417/2916/2018 1393/2708/2018 
f 1405/2757/2019 34/2917/2019 1417/2916/2019 
f 1267/2482/2020 1283/2487/2020 1279/2478/2020 
f 1475/2918/2021 1417/2782/2021 94/104/2021 
f 1475/2918/2022 1418/2783/2022 1417/2782/2022 
f 1398/2919/2023 1389/2711/2023 1393/2710/2023 
f 1267/2482/2024 1285/2920/2024 1476/2921/2024 
f 1267/2482/2024 1476/2921/2024 1283/2487/2024 
f 1477/2922/2025 1476/2921/2025 1285/2920/2025 
f 1477/2922/502 1477/2922/502 1476/2921/502 
f 1478/2923/2026 1476/2921/2026 1479/2924/2026 
f 1480/2925/2027 1481/2926/2027 1482/2927/2027 
f 1437/2928/2028 1308/2537/2028 1416/2781/2028 
f 141/2929/2029 1483/2930/2029 47/2931/2029 
f 1285/2920/2030 1466/2932/2030 1477/2922/2030 
f 1483/2930/2031 1431/2810/2031 1297/2519/2031 
f 1483/2930/2031 1297/2519/2031 47/2931/2031 
f 1484/2933/2032 1485/2934/2032 1482/2935/2032 
f 1399/2899/2033 1377/2936/2033 1485/2937/2033 
f 151/2938/2034 1436/2819/2034 1483/2939/2034 
f 1482/2935/2035 1485/2934/2035 1291/2501/2035 
f 1291/2501/2036 1290/2940/2036 1482/2935/2036 
f 148/2941/2037 144/2942/2037 151/2938/2037 
f 150/2943/2038 148/2941/2038 151/2938/2038 
f 1480/2925/2039 1482/2927/2039 1290/2500/2039 
f 1283/2487/2040 1476/2921/2040 1284/2485/2040 
f 151/2938/2041 1483/2939/2041 150/2943/2041 
f 1291/2501/2042 1262/2438/2042 1290/2940/2042 
f 1377/2944/2043 1293/2505/2043 1291/2507/2043 
f 1272/2464/2010 1273/2465/2010 1284/2485/2010 
f 1272/2464/2044 1284/2485/2044 1476/2921/2044 
f 1483/2939/2045 1436/2819/2045 1416/2818/2045 
f 1291/2507/2046 1485/2945/2046 1377/2944/2046 
f 1431/2842/2047 1483/2939/2047 1416/2818/2047 
f 1172/2946/2048 1474/2913/2048 1135/2914/2048 
f 1124/2915/2049 1135/2914/2049 1366/2639/2049 
f 1285/2488/2050 1267/2452/2050 1220/2453/2050 
f 1393/2710/2023 1308/2947/2023 1398/2919/2023 
f 1417/2782/2051 1416/2781/2051 1308/2537/2051 
f 1479/2924/2052 994/1801/2052 1470/2905/2052 
f 1486/2948/2053 1462/2880/2053 1465/2881/2053 
f 1479/2924/2054 1470/2905/2054 1478/2923/2054 
f 1417/2949/2055 1308/2947/2055 1393/2710/2055 
f 1478/2950/2056 1470/2906/2056 1469/2907/2056 
f 1483/2930/1711 141/2929/1711 140/196/1711 
f 1478/2950/2057 1469/2907/2057 1476/2951/2057 
f 1469/2911/2058 1272/2464/2058 1476/2921/2058 
f 1172/2946/2059 1171/2877/2059 1474/2913/2059 
f 1415/2952/2060 1391/2701/2060 1487/2953/2060 
f 140/196/122 150/198/122 1483/2930/122 
f 1390/2700/2061 1387/2697/2061 1468/2897/2061 
f 1436/2954/2062 151/199/2062 139/186/2062 
f 1390/2700/1558 1488/2955/1558 1391/2701/1558 
f 1436/2954/2063 139/186/2063 1437/2928/2063 
f 95/2703/2064 1398/2721/2064 1308/2956/2064 
f 1308/2537/2065 1437/2928/2065 139/186/2065 
f 1231/2957/1178 977/1762/1178 1043/1906/1178 
f 1231/2957/2066 1043/1906/2066 1230/2904/2066 
f 1489/2958/2067 1480/2959/2067 1287/2960/2067 
f 1287/2960/2068 1263/2441/2068 1489/2958/2068 
f 1490/2961/2069 1480/2959/2069 1489/2958/2069 
f 1489/2958/2070 1263/2441/2070 1366/2912/2070 
f 1490/2961/2071 1489/2958/2071 1366/2912/2071 
f 1474/2962/2072 1490/2961/2072 1366/2912/2072 
f 1290/2500/2073 1287/2494/2073 1480/2925/2073 
f 880/1582/2074 879/1581/2074 1491/2963/2074 
f 879/2964/2075 1492/2965/2075 1493/2966/2075 
f 1491/2967/2076 1435/2968/2076 880/1938/2076 
f 1049/1928/2077 1051/1927/2077 1494/2969/2077 
f 1055/1934/2078 1473/2970/2078 1495/2971/2078 
f 1179/2249/2059 1474/2913/2059 1171/2877/2059 
f 993/1943/2079 1473/2972/2079 1055/1944/2079 
f 1178/2898/2080 1496/2973/2080 1177/2974/2080 
f 1487/2953/2081 1391/2701/2081 1497/2975/2081 
f 1498/2976/2080 1179/2977/2080 1177/2974/2080 
f 583/987/590 1288/2978/590 580/985/590 
f 113/133/89 1499/2979/89 347/553/89 
f 694/1224/89 1500/2980/89 1501/2981/89 
f 1502/2982/2082 1451/2983/2082 1459/2984/2082 
f 1484/2933/2083 1496/2985/2083 1485/2934/2083 
f 1451/2983/2084 1448/2840/2084 1459/2984/2084 
f 1399/2899/2085 1485/2937/2085 1496/2973/2085 
f 1502/2986/2086 1420/2792/2086 1451/2850/2086 
f 1502/2986/2087 1421/2793/2087 1420/2792/2087 
f 1424/2796/2088 1502/2986/2088 1435/2987/2088 
f 1495/2971/2089 1051/1935/2089 1055/1934/2089 
f 1425/2797/1922 1422/2794/1922 1421/2793/1922 
f 1421/2793/2090 1502/2986/2090 1424/2796/2090 
f 1451/2983/2091 1449/2841/2091 1448/2840/2091 
f 1503/2988/2092 1504/2989/2092 1505/2990/2092 
f 1506/2991/2093 337/535/2093 348/554/2093 
f 1254/2420/2094 1250/2422/2094 1043/1906/2094 
f 1078/2992/2095 1212/2993/2095 879/2964/2095 
f 1254/2994/2096 1058/1940/2096 1507/2995/2096 
f 1474/2962/2097 1179/2996/2097 1498/2997/2097 
f 1498/2997/2098 1490/2961/2098 1474/2962/2098 
f 1178/2898/2099 1464/2878/2099 1496/2973/2099 
f 1399/2899/2100 1496/2973/2100 1464/2878/2100 
f 1496/2973/2080 1498/2976/2080 1177/2974/2080 
f 880/1938/2101 1435/2968/2101 1056/1936/2101 
f 1508/2998/2102 1509/2999/2102 1495/3000/2102 
f 1494/2969/2102 1495/3000/2102 1509/2999/2102 
f 1495/3000/2077 1494/2969/2077 1051/1927/2077 
f 1504/2989/2103 1510/3001/2103 1505/2990/2103 
f 1484/3002/2104 1481/3003/2104 1496/2973/2104 
f 1491/3004/2105 879/2964/2105 1493/2966/2105 
f 1496/2973/2106 1481/3003/2106 1498/2976/2106 
f 1058/3005/2107 1049/1928/2107 1494/2969/2107 
f 1491/2967/2108 1493/3006/2108 1435/2968/2108 
f 1484/3007/2027 1482/2927/2027 1481/2926/2027 
f 366/3008/2109 326/513/2109 325/512/2109 
f 1507/3009/2110 1058/3005/2110 1494/2969/2110 
f 1480/3010/2111 1490/3011/2111 1481/3003/2111 
f 325/512/2112 1505/2990/2112 1510/3001/2112 
f 1481/3003/2113 1490/3011/2113 1498/2976/2113 
f 325/512/2114 1510/3001/2114 366/3008/2114 
f 1058/1940/2115 1254/2994/2115 1043/1909/2115 
f 1043/1909/2116 1050/1925/2116 1058/1940/2116 
f 1457/2862/2117 843/1526/2117 1460/2870/2117 
f 1502/2986/2118 1459/2868/2118 1460/2870/2118 
f 1487/3012/2119 1511/3013/2119 1409/2778/2119 
f 325/536/2120 1506/2991/2120 1505/3014/2120 
f 325/536/2121 337/535/2121 1506/2991/2121 
f 1502/2986/2122 1460/2870/2122 843/1526/2122 
f 1409/2778/2123 1415/2779/2123 1487/3012/2123 
f 324/540/2124 336/534/2124 325/536/2124 
f 1457/2862/1972 1460/2870/1972 1448/2869/1972 
f 1236/2386/2125 1254/2420/2125 1234/2381/2125 
f 1254/2994/2126 1507/2995/2126 1234/3015/2126 
f 1505/3014/2127 1506/2991/2127 1503/3016/2127 
f 1429/3017/2128 1512/3018/2128 1430/3019/2128 
f 1513/3020/2129 1514/3021/2129 1515/3022/2129 
f 1492/3023/2130 1429/3017/2130 1493/3006/2130 
f 1506/2991/2131 1516/3024/2131 1503/3016/2131 
f 1517/3025/2132 1518/3026/2132 1519/3027/2132 
f 1520/3028/2133 1512/3029/2133 879/2964/2133 
f 1521/3030/2134 1514/3031/2134 1522/3032/2134 
f 1513/3020/2135 1522/3033/2135 1514/3021/2135 
f 1523/3034/2136 1492/2965/2136 879/2964/2136 
f 1523/3034/2137 879/2964/2137 1512/3029/2137 
f 1512/3018/2138 1429/3017/2138 1523/3035/2138 
f 1492/3023/2139 1523/3035/2139 1429/3017/2139 
f 1521/3030/2140 1524/3036/2140 1514/3031/2140 
f 1525/3037/2128 1430/3019/2128 1512/3018/2128 
f 1526/3038/363 1269/3039/363 546/888/363 
f 1078/1985/342 879/1581/342 881/1583/342 
f 1527/3040/2141 382/611/2141 357/606/2141 
f 641/1508/2142 1528/3041/2142 852/1541/2142 
f 1493/3006/2130 1429/3017/2130 1435/2968/2130 
f 357/565/2143 1529/3042/2143 1527/3043/2143 
f 356/564/2144 1529/3042/2144 357/565/2144 
f 1530/3044/2145 1531/3045/2145 1532/3046/2145 
f 1510/3047/2146 1504/3048/2146 1529/3042/2146 
f 1435/2987/2147 1502/2986/2147 843/1526/2147 
f 1435/2987/2148 843/1526/2148 1056/2261/2148 
f 356/564/2149 366/577/2149 1510/3047/2149 
f 1529/3042/2150 356/564/2150 1510/3047/2150 
f 1532/3049/2151 852/3050/2151 1521/3051/2151 
f 1521/3030/2152 1522/3032/2152 1532/3046/2152 
f 1530/3052/2153 1522/3033/2153 1533/3053/2153 
f 1534/3054/2 379/599/2 382/602/2 
f 1532/3049/490 836/3055/490 852/3050/490 
f 1532/3046/2154 1522/3032/2154 1530/3044/2154 
f 1532/3049/2155 872/3056/2155 836/3055/2155 
f 1535/3057/597 1269/3058/597 1526/3059/597 
f 1268/3060/363 546/888/363 1269/3039/363 
f 1536/3061/937 873/1573/937 872/1572/937 
f 1534/3062/2156 382/611/2156 1527/3040/2156 
f 1537/3063/2157 1538/3064/2157 1539/3065/2157 
f 1537/3063/2157 1539/3065/2157 1540/3066/2157 
f 1507/3009/2030 1477/2922/2030 1466/2932/2030 
f 704/1236/2158 1443/2827/2158 1378/2894/2158 
f 1477/2922/502 1477/2922/502 1477/2922/502 
f 1477/2922/502 1477/2922/502 1477/2922/502 
f 1477/2922/502 1477/2922/502 1477/2922/502 
f 1477/2922/502 1507/3009/502 1477/2922/502 
f 1378/2894/2159 1443/2827/2159 1541/3067/2159 
f 1477/2922/502 1477/2922/502 1477/2922/502 
f 1509/2999/2160 1477/2922/2160 1507/3009/2160 
f 1477/2922/502 1477/2922/502 1477/2922/502 
f 1477/2922/502 1477/2922/502 1477/2922/502 
f 1466/2932/2030 1234/3068/2030 1507/3009/2030 
f 1537/3069/2161 1542/3070/2161 1543/3071/2161 
f 1477/2922/502 1477/2922/502 1477/2922/502 
f 1544/3072/2162 1545/3073/2162 1395/2716/2162 
f 1396/2717/2163 1395/2716/2163 1545/3073/2163 
f 1467/2717/2164 1396/2717/2164 1545/3073/2164 
f 1546/3074/2165 1544/3075/2165 1386/2693/2165 
f 1395/2720/2165 1386/2693/2165 1544/3075/2165 
f 1477/2922/502 1477/2922/502 1508/2998/502 
f 1546/3074/2166 1386/2693/2166 1547/3076/2166 
f 1548/3077/2167 1547/3076/2167 1386/2693/2167 
f 1508/2998/502 1477/2922/502 1477/2922/502 
f 1477/2922/2160 1509/2999/2160 1508/2998/2160 
f 1407/2736/2168 1467/2717/2168 1545/3073/2168 
f 1407/2736/2169 1545/3073/2169 1549/3078/2169 
f 1507/3009/2170 1494/2969/2170 1509/2999/2170 
f 1538/3079/2171 1550/3080/2171 1551/3081/2171 
f 1552/3082/2172 1375/2667/2172 367/578/2172 
f 1479/2924/2173 1476/2921/2173 1477/2922/2173 
f 1508/3083/2174 1495/2971/2174 1473/2970/2174 
f 1553/3084/2175 1550/3080/2175 1538/3079/2175 
f 1477/2922/502 1508/2998/502 1477/2922/502 
f 1477/3085/2176 1508/3083/2176 1473/2970/2176 
f 1407/2763/2177 1549/3086/2177 1408/2764/2177 
f 1554/3087/1754 1546/3088/1754 1547/3087/1754 
f 994/1801/2178 1477/2922/2178 1473/2910/2178 
f 1477/2922/502 1473/2910/502 1477/2922/502 
f 1547/3089/2179 1555/3090/2179 1549/3091/2179 
f 1545/3073/2179 1544/3072/2179 1549/3078/2179 
f 1544/3072/2179 1546/3092/2179 1549/3078/2179 
f 1547/3093/2179 1549/3094/2179 1546/3095/2179 
f 994/1801/2180 1479/2924/2180 1477/2922/2180 
f 994/1801/502 1477/2922/502 1477/2922/502 
f 1427/2803/2181 1430/2808/2181 1550/3080/2181 
f 1551/3081/2181 1550/3080/2181 1430/2808/2181 
f 1439/2823/2182 1442/2826/2182 1556/3096/2182 
f 1557/3097/2183 1455/3098/2183 1452/2857/2183 
f 1453/2858/2184 1452/2857/2184 1455/3098/2184 
f 1441/2836/1953 1446/2838/1953 1442/3099/1953 
f 1446/2838/2185 1455/3098/2185 1442/3099/2185 
f 1452/3100/2186 1452/3101/2186 1454/3102/2186 
f 1558/3103/2187 1452/2851/2187 1454/2853/2187 
f 1558/3103/2188 1454/2853/2188 1456/3104/2188 
f 1456/2855/1964 1452/2857/1964 1558/3105/1964 
f 1559/3106/2189 1560/3107/2189 1561/3108/2189 
f 1561/3108/2190 1562/3109/2190 1559/3106/2190 
f 1453/2858/2191 1408/2883/2191 1452/2857/2191 
f 1555/3110/1904 1563/3111/1904 1549/3086/1904 
f 1563/3111/2192 1408/2764/2192 1549/3086/2192 
f 1554/3112/2193 1564/3113/2193 1546/3114/2193 
f 1547/3115/2194 1546/3116/2194 1564/3117/2194 
f 1452/3100/2 1557/3118/2 1452/3101/2 
f 1557/3118/2 1452/3100/2 1558/3119/2 
f 1557/3118/2 1558/3119/2 1565/3120/2 
f 1452/3101/2 1452/3100/2 1452/3101/2 
f 975/1757/2195 1566/3121/2195 1567/3122/2195 
f 1564/3123/2 1554/3124/2 1547/3124/2 
f 948/1715/910 1566/3121/910 975/1757/910 
f 1564/3125/89 1563/3126/89 1547/3127/89 
f 1568/3128/89 1569/3129/89 1564/3130/89 
f 1569/3129/89 1563/3131/89 1564/3130/89 
f 1570/3132/89 1563/3131/89 1569/3129/89 
f 1555/3133/89 1547/3134/89 1563/3135/89 
f 1550/3080/2196 1553/3084/2196 1423/2809/2196 
f 1571/3136/2197 1378/2894/2197 1541/3067/2197 
f 1427/2803/2198 1550/3080/2198 1423/2809/2198 
f 954/1714/2199 1434/3137/2199 1567/3122/2199 
f 1548/3077/2200 1386/2693/2200 1388/2698/2200 
f 1538/3079/2171 1551/3081/2171 1539/3138/2171 
f 1572/3139/2201 1388/3140/2201 1385/3141/2201 
f 1567/3122/2202 1566/3121/2202 954/1714/2202 
f 1573/3142/2203 1553/3084/2203 1538/3079/2203 
f 1572/3139/2204 1385/3141/2204 1375/3143/2204 
f 954/1714/2205 958/1723/2205 1434/3137/2205 
f 1538/3144/2206 1574/3145/2206 1573/3146/2206 
f 1548/3077/2207 1388/2698/2207 1572/3147/2207 
f 1566/3121/2208 948/1715/2208 954/1714/2208 
f 1375/2667/2209 1552/3082/2209 1572/3147/2209 
f 1409/2778/2210 1511/3013/2210 1434/2814/2210 
f 394/624/2211 379/618/2211 1575/3148/2211 
f 394/3149/2212 1575/3150/2212 395/672/2212 
f 648/3151/2213 1576/3152/2213 379/618/2213 
f 648/3153/2214 379/599/2214 1534/3054/2214 
f 1552/3154/2215 367/628/2215 1378/2672/2215 
f 1577/3155/2216 1578/3156/2216 1579/3157/2216 
f 1522/3033/2217 1580/3158/2217 1533/3053/2217 
f 1579/3157/2218 1581/3159/2218 1577/3155/2218 
f 545/3160/89 1575/3150/89 1535/3057/89 
f 388/670/89 395/672/89 545/3160/89 
f 1439/2823/591 1556/3096/591 1541/3067/591 
f 1575/3150/89 545/3160/89 395/672/89 
f 1541/3067/2219 1440/2824/2219 1439/2823/2219 
f 1582/3161/2220 1583/3162/2220 1584/3163/2220 
f 1585/3164/2221 1581/3159/2221 1579/3157/2221 
f 1443/2827/2222 1440/2824/2222 1541/3067/2222 
f 1585/3164/2223 1582/3161/2223 1584/3163/2223 
f 1585/3164/2223 1584/3163/2223 1581/3159/2223 
f 1556/3096/2224 1586/3165/2224 1541/3067/2224 
f 1578/3156/1020 1567/3122/1020 1579/3157/1020 
f 1587/3166/2225 1442/3099/2225 1557/3097/2225 
f 1455/3098/2226 1557/3097/2226 1442/3099/2226 
f 1587/3166/2227 1587/3166/2227 1442/3099/2227 
f 1289/3167/89 1588/3168/89 292/462/89 
f 294/464/89 1289/3167/89 292/462/89 
f 1589/3169/2228 1590/3170/2228 1574/3145/2228 
f 1588/3171/2229 1591/3171/2229 292/3172/2229 
f 1592/3173/2230 292/3172/2230 1591/3171/2230 
f 1583/3174/2231 1582/3175/2231 1593/3176/2231 
f 1593/3176/2232 1582/3175/2232 1585/3177/2232 
f 1593/3176/2233 1585/3177/2233 1579/3178/2233 
f 1556/3179/2234 1594/3180/2234 1586/3181/2234 
f 1587/3166/2235 1594/3180/2235 1442/3099/2235 
f 1556/3179/2236 1442/3099/2236 1594/3180/2236 
f 1268/3182/1691 561/2492/1691 1286/2491/1691 
f 1588/3168/89 1289/3167/89 1595/3183/89 
f 1588/3171/2237 1595/3184/2237 1596/3184/2237 
f 1588/3171/2238 1596/3184/2238 1591/3171/2238 
f 1597/3185/2239 1587/3166/2239 1587/3166/2239 
f 1598/3186/2240 1599/3187/2240 1579/3188/2240 
f 1597/3185/2241 1594/3180/2241 1587/3166/2241 
f 1600/3189/188 1601/3190/188 1602/3189/188 
f 1557/3191/2242 1565/3192/2242 1587/3193/2242 
f 1601/3190/2243 1268/3060/2243 1286/3194/2243 
f 1602/3189/2243 1601/3190/2243 1286/3194/2243 
f 1603/3195/1764 1602/3189/1764 1286/3194/1764 
f 1587/3196/2244 1587/3196/2244 1565/3197/2244 
f 1586/3198/2242 1594/3199/2242 1565/3200/2242 
f 1587/3201/2245 1565/3202/2245 1594/3203/2245 
f 1600/3204/507 1602/3204/507 1288/2497/507 
f 1604/3205/89 1602/3206/89 292/462/89 
f 1604/3205/89 1595/3183/89 1602/3206/89 
f 1603/3207/89 292/462/89 1602/3206/89 
f 1587/3166/2246 1605/3208/2246 1597/3185/2246 
f 1604/3209/2247 292/3210/2247 1606/3211/2247 
f 1592/3212/2248 1606/3211/2248 292/3210/2248 
f 1605/3208/2249 1594/3180/2249 1597/3185/2249 
f 1587/3213/2250 1587/3213/2250 1605/3214/2250 
f 1594/3215/2251 1605/3216/2251 1587/3217/2251 
f 1607/3218/2252 1567/3122/2252 1578/3156/2252 
f 1565/3219/2253 1558/3105/2253 1605/3208/2253 
f 1565/3219/2254 1605/3208/2254 1586/3181/2254 
f 1289/2498/2255 1288/2497/2255 1602/3204/2255 
f 1452/3101/2256 1605/3220/2256 1452/3101/2256 
f 1558/3105/1964 1452/2857/1964 1605/3208/1964 
f 1289/3167/89 1602/3206/89 1595/3183/89 
f 1595/3221/2257 1604/3222/2257 1596/3221/2257 
f 1606/3223/2258 1596/3221/2258 1604/3222/2258 
f 1593/3187/2259 1579/3188/2259 1599/3187/2259 
f 1579/3188/2260 1608/3224/2260 1598/3186/2260 
f 1605/3208/2261 1408/2883/2261 1586/3181/2261 
f 1572/3147/2262 1609/3225/2262 1548/3077/2262 
f 1286/3226/616 585/1026/616 293/1028/616 
f 1569/3227/1871 1568/3228/1871 1610/3229/1871 
f 1610/3229/2263 1611/3230/2263 1570/3231/2263 
f 1610/3229/2264 1570/3231/2264 1569/3227/2264 
f 1610/3229/2265 1609/3225/2265 1611/3230/2265 
f 1609/3225/2266 1610/3229/2266 1548/3077/2266 
f 1568/3228/2165 1564/3232/2165 1610/3229/2165 
f 1548/3077/2166 1610/3229/2166 1547/3076/2166 
f 1564/3232/2267 1547/3076/2267 1610/3229/2267 
f 1563/3233/477 1611/3234/477 1609/3235/477 
f 1570/3236/477 1611/3234/477 1563/3233/477 
f 293/1028/616 1603/3237/616 1286/3226/616 
f 293/463/89 292/462/89 1603/3207/89 
f 1612/3238/2268 614/1050/2268 613/1050/2268 
f 1612/3238/629 613/1050/629 667/3239/629 
f 1607/3218/2269 975/1757/2269 1567/3122/2269 
f 1609/3240/2192 1408/2764/2192 1563/3111/2192 
f 1613/3241/2270 1612/3238/2270 667/3239/2270 
f 667/3239/2271 488/783/2271 487/782/2271 
f 1605/3208/2272 1452/2857/2272 1408/2883/2272 
f 1607/3242/2273 483/3243/2273 949/3244/2273 
f 1609/3245/2274 1586/3181/2274 1408/2883/2274 
f 949/3244/2273 975/3246/2273 1607/3242/2273 
f 1354/3247/2275 1614/3248/2275 1355/3249/2275 
f 667/1178/2276 613/3250/2276 662/1163/2276 
f 667/3239/2277 487/782/2277 1613/3241/2277 
f 1615/3251/2278 1355/3249/2278 1614/3248/2278 
f 570/3252/2279 569/1141/2279 667/1178/2279 
f 1616/3253/2280 1614/3254/2280 1353/3255/2280 
f 570/3252/2281 667/1178/2281 658/1177/2281 
f 662/1163/2282 668/1179/2282 667/1178/2282 
f 486/3256/2 1600/3257/2 487/3258/2 
f 1589/3169/2283 1574/3145/2283 1537/3259/2283 
f 1614/3254/2280 1354/3260/2280 1353/3255/2280 
f 1591/3261/2 1288/3262/2 1592/3212/2 
f 583/3263/2 1592/3212/2 1288/3262/2 
f 1590/3264/2284 1553/3265/2284 1574/3266/2284 
f 1573/3267/2284 1574/3266/2284 1553/3265/2284 
f 1591/3261/2 1596/3268/2 1288/3262/2 
f 486/3256/2 1601/3269/2 1600/3257/2 
f 1592/3212/2 487/3258/2 1600/3257/2 
f 1606/3211/2 1592/3212/2 1600/3257/2 
f 1606/3211/2 1600/3257/2 1596/3268/2 
f 1288/3262/2 1596/3268/2 1600/3257/2 
f 614/3270/2 1612/3271/2 583/3263/2 
f 1616/3272/2285 1352/2617/2285 1365/2631/2285 
f 1592/3212/2 583/3263/2 1613/3273/2 
f 1538/3144/2286 1537/3259/2286 1574/3145/2286 
f 1616/3272/2287 1353/2618/2287 1352/2617/2287 
f 1613/3273/2 583/3263/2 1612/3271/2 
f 1616/3272/2288 1365/2631/2288 1360/2630/2288 
f 1616/3272/2289 1360/2630/2289 1364/2637/2289 
f 1615/3274/2290 1365/3275/2290 1352/3276/2290 
f 1615/3274/2291 1352/3276/2291 1355/3277/2291 
f 487/3258/2 1592/3212/2 1613/3273/2 
f 546/888/2088 1268/3060/2088 1601/3190/2088 
f 1535/3278/402 1526/3038/402 545/887/402 
f 546/888/405 1601/3190/405 525/890/405 
f 486/3279/2292 525/890/2292 1601/3190/2292 
f 1526/3038/593 546/888/593 545/887/593 
f 389/889/2293 388/3280/2293 545/887/2293 
f 1552/3281/2294 1359/2624/2294 1615/3274/2294 
f 1552/3281/2295 1615/3274/2295 1617/3282/2295 
f 1618/3283/2296 1619/3284/2296 1620/3285/2296 
f 1620/3285/2297 1617/3286/2297 1615/3251/2297 
f 1618/3283/2298 1621/3287/2298 1619/3284/2298 
f 1615/3251/2299 1614/3248/2299 1620/3285/2299 
f 1618/3283/2300 1620/3285/2300 1614/3248/2300 
f 1540/3066/2301 1622/3288/2301 1623/3289/2301 
f 1552/3082/2302 1609/3225/2302 1572/3147/2302 
f 1614/3254/2303 1616/3253/2303 1618/3290/2303 
f 1571/3291/2304 1552/3154/2304 1378/2672/2304 
f 1358/2623/2305 1357/2622/2305 1360/2625/2305 
f 1624/3292/2306 1616/3253/2306 1364/2629/2306 
f 1537/3069/2307 1543/3071/2307 1589/3293/2307 
f 1365/3275/2308 1615/3274/2308 1361/2626/2308 
f 1615/3274/2309 1359/2624/2309 1361/2626/2309 
f 1543/3294/2310 1625/3295/2310 1626/3296/2310 
f 1359/3297/2197 1571/3136/2197 1541/3067/2197 
f 1627/3298/2311 1360/2625/2311 1628/3299/2311 
f 1360/2625/2312 1359/2624/2312 1628/3299/2312 
f 1622/3288/550 1629/3300/550 1623/3289/550 
f 1541/3067/2313 1628/3301/2313 1359/3297/2313 
f 1625/3302/2314 1542/3303/2314 1537/3259/2314 
f 1625/3295/2315 1543/3294/2315 1542/3304/2315 
f 1630/3305/2316 1626/3306/2316 1625/3302/2316 
f 1541/3067/2317 1586/3165/2317 1628/3301/2317 
f 1444/2829/2318 1423/2795/2318 1590/3264/2318 
f 1359/3307/2319 1552/3154/2319 1571/3291/2319 
f 1553/3265/2318 1590/3264/2318 1423/2795/2318 
f 1589/3293/2320 1543/3071/2320 1447/2839/2320 
f 1626/3296/2321 1458/2867/2321 1447/2871/2321 
f 1626/3308/2322 839/3309/2322 1458/3310/2322 
f 1631/3311/2323 1551/3312/2323 1632/3313/2323 
f 1633/3314/2324 1632/3313/2324 1430/3019/2324 
f 1634/3315/2325 1635/3316/2325 1636/3317/2325 
f 1626/3296/2326 1447/2871/2326 1543/3294/2326 
f 1447/2839/2327 1449/2841/2327 1589/3293/2327 
f 1636/3318/2328 1635/3319/2328 1637/3320/2328 
f 1449/3321/2329 1444/3322/2329 1590/3323/2329 
f 1449/3321/2330 1590/3323/2330 1589/3324/2330 
f 1552/3082/342 1634/3325/342 1609/3225/342 
f 1632/3326/2331 1520/3028/2331 1631/3327/2331 
f 1638/3328/2332 1624/3292/2332 1639/3329/2332 
f 1624/3292/2303 1640/3330/2303 1639/3329/2303 
f 1632/3326/2333 1633/3331/2333 1520/3028/2333 
f 1586/3181/2334 1609/3245/2334 1628/3332/2334 
f 1634/3333/2334 1628/3332/2334 1609/3245/2334 
f 1633/3331/2335 1525/3334/2335 1520/3028/2335 
f 1525/3334/2336 1512/3029/2336 1520/3028/2336 
f 1551/3312/2324 1430/3019/2324 1632/3313/2324 
f 1525/3037/2337 1633/3314/2337 1430/3019/2337 
f 1628/3299/2338 1636/3317/2338 1627/3298/2338 
f 1634/3315/2339 1636/3317/2339 1628/3299/2339 
f 1624/3335/2340 1638/3336/2340 1641/3337/2340 
f 1624/3335/2341 1641/3337/2341 1636/3318/2341 
f 1593/3338/89 1599/3338/89 1583/3339/89 
f 1637/3340/2342 1635/3316/2342 1634/3315/2342 
f 1637/3340/2343 1634/3315/2343 1552/3281/2343 
f 1642/3339/89 1583/3339/89 1599/3338/89 
f 1637/3340/2344 1552/3281/2344 1617/3282/2344 
f 1620/3341/2345 1637/3340/2345 1617/3282/2345 
f 1577/3155/490 1581/3159/490 1643/3342/490 
f 1619/3343/2346 1644/3344/2346 1637/3340/2346 
f 1583/3162/2347 1645/3345/2347 1584/3163/2347 
f 1642/3162/2348 1645/3345/2348 1583/3162/2348 
f 1619/3343/2349 1637/3340/2349 1620/3341/2349 
f 1645/3345/2350 1646/3346/2350 1647/3346/2350 
f 1616/3253/2306 1624/3292/2306 1648/3347/2306 
f 1637/3320/2351 1648/3348/2351 1636/3318/2351 
f 1648/3348/2352 1624/3335/2352 1636/3318/2352 
f 1648/3348/2353 1637/3320/2353 1644/3349/2353 
f 1642/3350/2354 1599/3351/2354 1649/3352/2354 
f 1646/3353/2355 1645/3354/2355 1649/3352/2355 
f 1645/3354/2354 1642/3350/2354 1649/3352/2354 
f 1648/3348/2353 1644/3349/2353 1650/3355/2353 
f 1629/3356/2356 1651/3357/2356 1652/3358/2356 
f 312/640/2357 316/495/2357 1651/3357/2357 
f 1651/3357/2358 316/495/2358 1653/3359/2358 
f 1651/3360/2359 1654/3361/2359 1655/3362/2359 
f 1653/3363/2360 1654/3361/2360 1651/3360/2360 
f 1649/3364/2240 1599/3187/2240 1598/3186/2240 
f 1513/3020/2361 1580/3158/2361 1522/3033/2361 
f 1629/3300/480 1622/3288/480 1651/3365/480 
f 1646/3366/2 1649/3367/2 1647/3368/2 
f 1656/3369/2 1647/3368/2 1649/3367/2 
f 1581/3159/2362 1657/3370/2362 1643/3342/2362 
f 1621/3371/2363 1650/3355/2363 1644/3349/2363 
f 1643/3372/2364 1658/3373/2364 1577/3374/2364 
f 1577/3374/2365 1658/3373/2365 1578/3375/2365 
f 1621/3376/2366 1618/3290/2366 1650/3377/2366 
f 1515/3022/2367 1659/3378/2367 1580/3158/2367 
f 1580/3158/2368 1659/3378/2368 1533/3053/2368 
f 1659/3378/2369 1660/3379/2369 1531/3380/2369 
f 1659/3378/2370 1531/3380/2370 1533/3053/2370 
f 1657/3370/2371 1658/3381/2371 1643/3342/2371 
f 1661/3382/2372 1584/3163/2372 1645/3345/2372 
f 1533/3053/2373 1531/3380/2373 1530/3052/2373 
f 1645/3345/2374 1647/3346/2374 1661/3382/2374 
f 1662/3383/2372 1661/3382/2372 1647/3346/2372 
f 1662/3383/2375 1663/3384/2375 1661/3382/2375 
f 1657/3370/2376 1661/3382/2376 1663/3384/2376 
f 1657/3370/2377 1581/3159/2377 1661/3382/2377 
f 1661/3382/2378 1581/3159/2378 1584/3163/2378 
f 1663/3385/1464 1662/3386/1464 1656/3387/1464 
f 1513/3020/2379 1515/3022/2379 1580/3158/2379 
f 1647/3388/1464 1656/3387/1464 1662/3386/1464 
f 1648/3347/2380 1650/3377/2380 1618/3290/2380 
f 1618/3290/2381 1616/3253/2381 1648/3347/2381 
f 1622/3288/480 1664/3389/480 1651/3365/480 
f 1619/3390/2382 1621/3371/2382 1644/3349/2382 
f 1360/2625/2383 1627/3298/2383 1358/2623/2383 
f 385/609/2384 392/621/2384 1665/3391/2384 
f 392/3392/2385 1666/3393/2385 1665/3394/2385 
f 1665/3394/2386 1666/3393/2386 1667/3395/2386 
f 1638/3328/2332 1639/3329/2332 1668/3396/2332 
f 1364/2629/2387 1363/2628/2387 1640/3330/2387 
f 392/3392/2385 312/3397/2385 1666/3393/2385 
f 1624/3292/2381 1364/2629/2381 1640/3330/2381 
f 1664/3389/2385 1666/3393/2385 312/3397/2385 
f 312/3397/2157 1651/3365/2157 1664/3389/2157 
f 310/3398/2388 312/640/2388 308/3399/2388 
f 308/3399/2389 312/640/2389 392/3400/2389 
f 1658/3381/2390 1657/3370/2390 1663/3384/2390 
f 1640/3401/2391 1363/3402/2391 1356/3403/2391 
f 308/598/2392 392/621/2392 378/596/2392 
f 1622/3288/2157 1540/3066/2157 1539/3065/2157 
f 1659/3378/2393 1515/3022/2393 1669/3404/2393 
f 1663/3405/2394 1598/3406/2394 1670/3407/2394 
f 45/106/2395 1671/3408/2395 46/3409/2395 
f 1656/3364/2396 1649/3364/2396 1663/3410/2396 
f 1598/3186/2240 1663/3410/2240 1649/3364/2240 
f 1672/3411/2397 1673/3412/2397 1641/3413/2397 
f 1636/3317/2398 1641/3413/2398 1673/3412/2398 
f 1636/3317/2338 1673/3412/2338 1627/3298/2338 
f 1673/3414/2399 1358/3415/2399 1627/3416/2399 
f 1672/3417/2400 1641/3337/2400 1638/3336/2400 
f 1638/3336/2401 1668/3418/2401 1672/3417/2401 
f 1674/3419/2402 1675/3420/2402 1676/3421/2402 
f 1673/3414/2403 1668/3422/2403 1639/3423/2403 
f 1673/3414/2404 1672/3424/2404 1668/3422/2404 
f 1677/3425/2405 1676/3426/2405 1678/3427/2405 
f 1356/3403/2406 1358/3415/2406 1640/3401/2406 
f 1673/3414/2407 1640/3401/2407 1358/3415/2407 
f 1676/3426/2408 1677/3425/2408 1674/3428/2408 
f 1678/3429/2409 1675/3430/2409 1679/3431/2409 
f 1673/3414/2410 1639/3423/2410 1640/3401/2410 
f 1678/3429/2411 1676/3432/2411 1675/3430/2411 
f 46/51/29 1680/3433/29 47/52/29 
f 1514/3434/2412 1681/3435/2412 1515/3436/2412 
f 1682/3437/2413 141/2929/2413 1680/3438/2413 
f 141/2929/2414 47/2931/2414 1680/3438/2414 
f 872/1572/2415 1683/3439/2415 1536/3061/2415 
f 46/51/2416 1682/3440/2416 1680/3433/2416 
f 1671/3408/2417 45/106/2417 134/164/2417 
f 134/173/2418 141/174/2418 1671/3441/2418 
f 1671/3441/2419 141/174/2419 1682/3442/2419 
f 1669/3443/2420 1515/3436/2421 1681/3435/2421 
f 1671/3444/2422 1682/3440/2422 46/51/2422 
f 1532/3046/2423 1531/3045/2423 1660/3445/2423 
f 1683/3446/570 872/3056/570 1660/3379/570 
f 872/3056/2155 1532/3049/2155 1660/3379/2155 
f 1540/3447/2424 1630/3305/2424 1625/3302/2424 
f 1660/3379/2425 1684/3448/2425 1683/3446/2425 
f 1631/3311/2426 1520/3449/2426 1685/3450/2426 
f 1685/3450/2427 1520/3449/2427 1686/3451/2427 
f 1539/3065/2428 1551/3312/2428 1685/3450/2428 
f 1631/3311/2429 1685/3450/2429 1551/3312/2429 
f 1540/3447/2430 1625/3302/2430 1537/3259/2430 
f 966/3452/2431 1540/3453/2431 1687/3454/2431 
f 1540/3453/2432 966/3452/2432 1630/3455/2432 
f 1687/3456/2433 1540/3447/2433 1688/3457/2433 
f 1687/3458/2434 1688/3459/2434 966/1737/2434 
f 967/1738/2434 966/1737/2434 1688/3459/2434 
f 825/1490/1055 827/1492/1055 967/1738/1055 
f 1679/3431/2435 1689/3460/2435 1690/3461/2435 
f 1679/3431/2436 1691/3462/2436 1689/3460/2436 
f 1691/3462/2437 1679/3431/2437 1675/3430/2437 
f 1691/3463/2438 1675/3420/2438 1692/3464/2438 
f 1561/3465/2439 1691/3463/2439 1562/3466/2439 
f 1562/3466/2439 1691/3463/2439 1692/3464/2439 
f 985/1780/2440 1693/3467/2440 983/1778/2440 
f 1684/3468/2441 1694/3469/2441 1683/3439/2441 
f 1695/3470/2442 1696/3471/2442 1697/3472/2442 
f 1697/3472/2443 1690/3473/2443 1695/3470/2443 
f 1559/3474/2444 1689/3475/2444 1560/3476/2444 
f 1698/3477/2445 1689/3475/2445 1699/3478/2445 
f 1517/3479/2446 1519/3480/2446 1669/3481/2446 
f 1690/3473/2447 1689/3475/2447 1695/3470/2447 
f 1698/3477/2448 1700/3482/2448 1689/3475/2448 
f 1701/3483/2449 1702/3484/2449 951/1711/2449 
f 1693/3485/2450 798/3486/2450 983/1786/2450 
f 1703/3487/161 123/150/161 193/274/161 
f 122/149/161 193/274/161 123/150/161 
f 1704/3488/2451 1659/3489/2451 1705/3490/2451 
f 1669/3404/2452 1705/3491/2452 1659/3378/2452 
f 1693/3467/2453 985/1780/2453 1706/3492/2453 
f 985/1788/2454 952/1712/2454 1702/3484/2454 
f 1706/3493/2455 985/1788/2455 1702/3484/2455 
f 1701/3483/2456 1707/3494/2456 1702/3484/2456 
f 952/1712/2449 951/1711/2449 1702/3484/2449 
f 1704/3495/131 1660/3379/131 1659/3378/131 
f 1686/3451/2457 1708/3496/2457 1685/3450/2457 
f 1709/3497/2458 967/3498/2458 1688/3457/2458 
f 1701/3499/2459 951/1771/2459 1709/3500/2459 
f 1699/3478/2460 1689/3475/2460 1559/3474/2460 
f 1658/3381/2461 1695/3501/2461 1578/3156/2461 
f 1695/3501/2462 1658/3381/2462 1663/3384/2462 
f 1710/3502/2463 1692/3464/2463 1675/3420/2463 
f 1711/3503/2456 1707/3494/2456 1701/3483/2456 
f 1711/3504/2464 1629/3356/2464 1707/3505/2464 
f 1700/3506/2465 1712/3507/2465 1695/3508/2465 
f 1695/3470/2466 1689/3475/2466 1700/3482/2466 
f 1713/3509/2467 1697/3472/2467 1696/3471/2467 
f 1697/3472/2468 1677/3510/2468 1678/3511/2468 
f 193/276/2469 1684/3512/2469 1704/3513/2469 
f 193/276/2470 166/216/2470 1684/3512/2470 
f 194/280/280 196/278/280 193/276/280 
f 193/276/2471 1704/3513/2471 1714/3514/2471 
f 1669/3481/2472 1681/3515/2472 1517/3479/2472 
f 216/318/2473 123/150/2473 1703/3487/2473 
f 1703/3516/2474 193/276/2474 1714/3514/2474 
f 1669/3481/2475 1715/3517/2475 1705/3518/2475 
f 1704/3488/2476 1705/3490/2476 1714/3519/2476 
f 1715/3520/2477 1519/3027/2477 1518/3026/2477 
f 1715/3517/2478 1669/3481/2478 1519/3480/2478 
f 1716/3521/2232 1714/3522/2232 1705/3523/2232 
f 1705/3518/2479 1715/3517/2479 1717/3524/2479 
f 1717/3524/2480 1716/3525/2480 1705/3518/2480 
f 1679/3526/2481 1690/3473/2481 1697/3472/2481 
f 183/3527/2482 1703/3516/2482 1714/3514/2482 
f 1697/3472/2483 1678/3511/2483 1679/3526/2483 
f 216/3528/1662 183/3529/1662 179/3530/1662 
f 183/3529/1558 216/3528/1558 1703/3531/1558 
f 1718/3532/1612 1716/3521/1612 1694/3533/1612 
f 1718/3534/2469 183/3527/2469 1714/3514/2469 
f 1718/3532/1464 1714/3522/1464 1716/3521/1464 
f 1697/3535/2484 1713/3536/2484 1719/3537/2484 
f 1694/3469/2485 1684/3468/2485 1718/3538/2485 
f 1536/3539/1612 1694/3533/1612 1716/3521/1612 
f 1660/3379/822 1704/3495/822 1684/3448/822 
f 1719/3537/2486 1710/3540/2486 1697/3535/2486 
f 1719/3537/2487 1720/3541/2487 1721/3542/2487 
f 1719/3537/2488 1721/3542/2488 1710/3540/2488 
f 183/3527/2474 1684/3512/2474 166/216/2474 
f 183/3527/2471 1718/3534/2471 1684/3512/2471 
f 1536/3061/2489 1683/3439/2489 1694/3469/2489 
f 1677/3425/2490 1697/3535/2490 1710/3540/2490 
f 1719/3543/2491 1713/3509/2491 1696/3471/2491 
f 1677/3425/2490 1710/3540/2490 1674/3428/2490 
f 1675/3420/2492 1674/3419/2492 1710/3502/2492 
f 1696/3544/1254 1695/3501/1254 1663/3384/1254 
f 1539/3065/2493 1685/3450/2493 1622/3288/2493 
f 1623/3545/2494 1709/3497/2494 1688/3457/2494 
f 1540/3447/2495 1623/3545/2495 1688/3457/2495 
f 1701/3499/2496 1623/3546/2496 1711/3547/2496 
f 166/3548/145 167/250/145 183/249/145 
f 919/2344/2497 923/1662/2497 1165/2407/2497 
f 1721/3549/2438 1722/3550/2438 1723/3551/2438 
f 1670/3407/2498 1724/3552/2498 1663/3405/2498 
f 1681/3553/2499 1524/3554/2499 1517/3025/2499 
f 1524/3036/2500 1681/3555/2500 1514/3031/2500 
f 1517/3025/2501 1524/3554/2501 1518/3026/2501 
f 1725/3556/2502 1722/3550/2502 1721/3549/2502 
f 1725/3556/2502 1726/3557/2502 1722/3550/2502 
f 1720/3558/2503 1719/3543/2503 1727/3559/2503 
f 1727/3559/2503 1728/3560/2503 1720/3558/2503 
f 1729/3561/2504 1730/3562/2504 1518/3026/2504 
f 1524/3554/2505 1729/3561/2505 1518/3026/2505 
f 1521/3563/2506 1528/3564/2506 1524/3565/2506 
f 1725/3566/2507 1728/3567/2507 1726/3568/2507 
f 1720/3541/2508 1728/3567/2508 1725/3566/2508 
f 641/1508/2509 1731/3569/2509 1528/3041/2509 
f 1728/3570/2510 1727/3571/2510 1726/3572/2510 
f 1722/3573/2511 1726/3572/2511 1727/3571/2511 
f 1721/3542/2512 1720/3541/2512 1725/3566/2512 
f 1428/3574/917 1528/3041/917 1731/3569/917 
f 1732/3575/502 1733/3576/502 1734/3577/502 
f 1732/3575/502 1734/3577/502 1735/3577/502 
f 1623/3545/2513 1629/3356/2513 1711/3504/2513 
f 1623/3546/2514 1701/3499/2514 1709/3500/2514 
f 1629/3356/2356 1652/3358/2356 1736/3578/2356 
f 1652/3579/2515 1693/3485/2515 1736/3580/2515 
f 1139/3581/2516 916/1645/2516 1731/3582/2516 
f 759/3583/2517 1139/3584/2517 641/1508/2517 
f 1731/3569/2517 641/1508/2517 1139/3584/2517 
f 1528/3564/2518 1521/3563/2518 852/3585/2518 
f 1731/3569/2519 916/3586/2519 1149/3587/2519 
f 1149/3587/2520 1246/3588/2520 1731/3569/2520 
f 1139/3581/1464 917/1646/1464 916/1645/1464 
f 759/3589/1372 937/1691/1372 1139/2122/1372 
f 919/2168/2521 1165/2196/2521 915/2110/2521 
f 862/1560/2522 837/1516/2522 1428/3590/2522 
f 862/1560/2523 1428/3590/2523 1122/2089/2523 
f 1715/3520/1552 1518/3026/1552 1730/3562/1552 
f 1717/3591/2524 1729/3561/2524 1716/3521/2524 
f 1717/3591/2525 1730/3562/2525 1729/3561/2525 
f 1729/3561/2526 1524/3554/2526 1528/3592/2526 
f 1717/3591/2527 1715/3520/2527 1730/3562/2527 
f 1246/3588/2528 1247/3593/2528 1731/3569/2528 
f 1731/3569/2529 1247/3593/2529 1428/3574/2529 
f 1629/3594/2530 1736/3595/2530 1706/3492/2530 
f 1693/3467/2531 1706/3492/2531 1736/3595/2531 
f 1702/3484/2532 1707/3494/2532 1706/3493/2532 
f 1629/3596/2533 1706/3493/2533 1707/3494/2533 
f 1737/3597/2534 1708/3496/2534 1686/3451/2534 
f 1667/3395/2535 1738/3598/2535 1667/3395/2535 
f 1667/3599/2536 1737/3600/2536 1667/3599/2536 
f 1739/3601/2537 1708/3496/2537 1737/3597/2537 
f 1737/3597/2538 1667/3395/2538 1739/3601/2538 
f 1622/3288/2539 1685/3450/2539 1708/3496/2539 
f 873/3602/933 1528/3041/933 1428/3574/933 
f 1428/3574/2142 836/1509/2142 873/3602/2142 
f 836/1509/2509 1428/3574/2509 837/1510/2509 
f 1390/2700/2540 1468/2897/2540 1488/2955/2540 
f 1729/3561/1552 1536/3539/1552 1716/3521/1552 
f 1528/3592/1618 873/3603/1618 1729/3561/1618 
f 873/3603/658 1536/3539/658 1729/3561/658 
f 618/2896/918 1740/3604/918 1468/2897/918 
f 489/784/2541 1578/3156/2541 1695/3501/2541 
f 489/784/2542 1607/3218/2542 1578/3156/2542 
f 489/784/2543 483/778/2543 1607/3218/2543 
f 1741/3605/2544 1468/2897/2544 1742/3606/2544 
f 1743/3607/2545 370/583/2545 372/585/2545 
f 1579/3608/2546 1744/3609/2546 1608/3610/2546 
f 1497/2975/918 1391/2701/918 1488/2955/918 
f 1741/3611/2547 1497/3612/2547 1488/3613/2547 
f 1468/3614/2548 1741/3611/2548 1488/3613/2548 
f 1745/3615/2549 1026/1881/2549 1746/3616/2549 
f 1747/3617/2550 1026/3618/2550 1737/3619/2550 
f 1741/3620/2551 1511/3013/2551 1497/3621/2551 
f 1745/3622/2552 1738/3598/2552 1026/3623/2552 
f 1737/3597/2553 1026/3623/2553 1738/3598/2553 
f 1737/3597/1224 1738/3598/1808 1667/3395/1224 
f 1511/3013/2554 1487/3012/2554 1497/3621/2554 
f 1511/3013/2555 1741/3620/2555 1434/2814/2555 
f 1434/2814/2556 1741/3620/2556 1567/3624/2556 
f 1579/3625/2557 1567/3624/2557 1741/3620/2557 
f 1748/3626/2558 1744/3627/2558 1749/3628/2558 
f 371/588/2559 374/589/2559 372/3629/2559 
f 1750/3630/2560 1748/3626/2560 1749/3628/2560 
f 374/589/2561 1751/3631/2561 372/3629/2561 
f 1744/3627/2562 1752/3632/2562 1749/3628/2562 
f 1753/3633/2563 1752/3634/2563 1744/3635/2563 
f 1742/3606/2564 1753/3633/2564 1744/3635/2564 
f 1750/3636/1018 1754/3637/1018 1748/3638/1018 
f 1744/3639/2565 1748/3638/2565 1754/3637/2565 
f 1743/3640/2566 373/3641/2566 370/3642/2566 
f 1742/3606/918 1744/3635/918 1741/3605/918 
f 1755/3643/2567 1756/3644/2567 1757/3645/2567 
f 1756/3644/2568 1758/3646/2568 1757/3645/2568 
f 1759/3647/2569 1758/3646/2569 1756/3644/2569 
f 1760/3646/2570 1757/3645/2570 1758/3646/2570 
f 1761/3648/2571 1762/3649/2571 1757/3645/2571 
f 1763/3650/2572 1764/3651/2572 1765/3652/2572 
f 1761/3648/2573 1757/3645/2573 1766/3646/2573 
f 1760/3646/2574 1766/3646/2574 1757/3645/2574 
f 1754/3653/2575 1767/3654/2575 1744/3627/2575 
f 1744/3627/2576 1767/3654/2576 1765/3655/2576 
f 1768/3656/2577 1760/3646/2577 1758/3646/2577 
f 1768/3656/2578 1758/3646/2578 1769/3656/2578 
f 1761/3657/2579 1758/3658/2579 1770/3659/2579 
f 1771/3660/2580 1770/3659/2580 1758/3658/2580 
f 1766/3658/2581 1758/3658/2581 1761/3657/2581 
f 1759/3661/2582 1771/3660/2582 1758/3658/2582 
f 1772/3662/2583 1761/3657/2583 1770/3659/2583 
f 1744/3609/2584 1765/3663/2584 1608/3610/2584 
f 1773/3664/2585 1762/3649/2585 1761/3648/2585 
f 1774/3665/2586 1773/3664/2586 1761/3648/2586 
f 1760/3646/2587 1775/3666/2587 1766/3646/2587 
f 1772/3662/2588 1776/3667/2588 1761/3657/2588 
f 1761/3657/2589 1773/3668/2589 1774/3669/2589 
f 1765/3655/2590 1598/3406/2590 1608/3670/2590 
f 1773/3668/2591 1761/3657/2591 1776/3667/2591 
f 1768/3656/2592 1777/3671/2592 1760/3646/2592 
f 1778/3672/2593 1760/3646/2593 1777/3671/2593 
f 1777/3673/2594 1769/3674/2594 1758/3658/2594 
f 1777/3673/2595 1758/3658/2595 1766/3658/2595 
f 1777/3673/2594 1766/3658/2594 1775/3675/2594 
f 1777/3673/2596 1775/3675/2596 1778/3676/2596 
f 1779/3677/2597 1780/3678/2597 1781/3679/2597 
f 1770/3680/2598 1782/3681/2598 1772/3648/2598 
f 1772/3648/2599 1781/3679/2599 1776/3649/2599 
f 1769/3656/1754 1783/3682/1754 1759/3647/1754 
f 1771/3683/1754 1759/3647/1754 1783/3682/1754 
f 1755/3684/2600 1770/3659/2600 1756/3685/2600 
f 1771/3660/2601 1756/3685/2601 1770/3659/2601 
f 1777/3671/1754 1784/3686/1754 1781/3679/1754 
f 1779/3677/1754 1781/3679/1754 1784/3686/1754 
f 1785/3687/1754 1779/3677/1754 1784/3686/1754 
f 1786/3688/1754 1783/3682/1754 1781/3679/1754 
f 1769/3656/1754 1777/3671/1754 1783/3682/1754 
f 1781/3679/1754 1783/3682/1754 1777/3671/1754 
f 1306/2531/2602 1472/2909/2602 1787/3689/2602 
f 1787/3689/2603 1307/3690/2603 1306/2531/2603 
f 1471/2908/2604 1305/2530/2604 884/1590/2604 
f 1787/3691/2605 1788/3692/2605 1319/2546/2605 
f 1787/3691/2606 1319/2546/2606 1307/2534/2606 
f 1664/3693/2607 1708/3694/2607 1739/3695/2607 
f 1745/3622/2608 1665/3394/2609 1738/3598/2608 
f 1741/3620/2610 1744/3696/2610 1579/3625/2610 
f 1763/3697/89 1767/3698/89 1764/3699/89 
f 1750/3700/89 1764/3699/89 1767/3698/89 
f 1750/3700/89 1767/3698/89 1754/3701/89 
f 618/1055/2611 489/934/2611 1740/3702/2611 
f 798/3486/2515 1693/3485/2515 1652/3579/2515 
f 1740/3604/2612 1742/3606/2612 1468/2897/2612 
f 798/3486/2613 797/1784/2613 983/1786/2613 
f 1789/3703/2614 1742/3606/2614 1740/3604/2614 
f 1655/3704/2615 798/3705/2615 1652/3358/2615 
f 1765/3655/2616 1764/3706/2616 1790/3707/2616 
f 1791/3708/2617 1790/3707/2617 1764/3706/2617 
f 1749/3628/2618 1792/3709/2618 1750/3630/2618 
f 1750/3630/2619 1792/3709/2619 1764/3706/2619 
f 1763/3650/2620 1765/3652/2620 1790/3710/2620 
f 1790/3711/2186 1790/3711/2186 1765/3712/2186 
f 1792/3713/2621 1749/3714/2621 1752/3634/2621 
f 799/2169/2622 1654/3361/2622 803/2180/2622 
f 1790/3710/2623 1793/3715/2623 1763/3650/2623 
f 1767/3716/2624 1763/3650/2624 1793/3715/2624 
f 1765/3655/2576 1767/3654/2576 1790/3707/2576 
f 1793/3717/2576 1790/3707/2576 1767/3654/2576 
f 316/3718/2625 315/1445/2625 1654/3719/2625 
f 315/1445/2626 803/1447/2626 1654/3719/2626 
f 1740/3702/2627 489/934/2627 1695/3508/2627 
f 1740/3702/2628 1695/3508/2628 1712/3507/2628 
f 1794/3720/2 1793/3721/2 1791/3722/2 
f 1655/3362/2629 1654/3361/2629 799/2169/2629 
f 1790/3711/2 1791/3722/2 1793/3721/2 
f 1791/3722/2 1790/3711/2 1790/3711/2 
f 1790/3711/2 1790/3711/2 1790/3711/2 
f 1654/3719/2630 1653/3723/2630 316/3718/2630 
f 1740/3604/2631 1712/3724/2631 1789/3703/2631 
f 1655/3725/2632 799/1440/2632 798/1439/2632 
f 1789/3703/1558 1795/3726/1558 1752/3634/1558 
f 1753/3633/2633 1789/3703/2633 1752/3634/2633 
f 1753/3633/2634 1742/3606/2634 1789/3703/2634 
f 259/407/2635 258/406/2635 1150/3727/2635 
f 1670/3728/2636 1795/3726/2636 1789/3703/2636 
f 1150/3727/2637 1796/3729/2637 259/407/2637 
f 1792/3709/2638 1733/3730/2638 1732/3731/2638 
f 1792/3709/2639 1732/3731/2639 1791/3708/2639 
f 1792/3709/2640 1791/3708/2640 1764/3706/2640 
f 1796/3729/2641 1150/3727/2641 404/645/2641 
f 404/645/2642 259/407/2642 1796/3729/2642 
f 258/2503/2643 1151/2192/2643 1150/3732/2643 
f 1670/3407/2644 1735/3733/2644 1795/3734/2644 
f 1734/3735/2645 1795/3734/2645 1735/3733/2645 
f 1734/3735/2646 1733/3730/2646 1795/3734/2646 
f 1792/3709/2647 1795/3734/2647 1733/3730/2647 
f 1752/3634/2648 1795/3726/2648 1792/3713/2648 
f 1794/3736/2649 1791/3737/2649 1732/3575/2649 
f 1735/3577/2650 1670/3738/2650 1732/3575/2650 
f 1794/3736/2649 1732/3575/2649 1670/3738/2649 
f 1793/3717/2651 1794/3739/2651 1797/3740/2651 
f 1670/3407/2652 1797/3740/2652 1794/3739/2652 
f 1790/3711/2653 1790/3711/2653 1797/3741/2653 
f 1790/3707/2576 1793/3717/2576 1797/3740/2576 
f 1765/3655/2654 1790/3707/2654 1598/3406/2654 
f 1797/3740/2655 1598/3406/2655 1790/3707/2655 
f 1670/3407/2656 1598/3406/2656 1797/3740/2656 
f 1666/3742/2657 1739/3695/2657 1667/3743/2657 
f 1691/3462/2658 1561/3744/2658 1560/3745/2658 
f 1666/3393/2659 1664/3389/2659 1739/3601/2659 
f 1667/3395/2660 1738/3598/2660 1665/3394/2660 
f 1560/3745/2661 1689/3460/2661 1691/3462/2661 
f 1798/3746/2662 385/3747/2662 1746/3748/2662 
f 1746/3748/2660 1665/3394/2660 1745/3622/2660 
f 1692/3464/2663 1721/3549/2663 1799/3749/2663 
f 1665/3394/2662 1746/3748/2662 385/3747/2662 
f 1692/3464/2663 1710/3502/2663 1721/3549/2663 
f 404/645/2664 260/408/2664 259/407/2664 
f 1692/3750/2665 1699/3751/2665 1559/3106/2665 
f 1559/3106/2666 1562/3109/2666 1692/3750/2666 
f 404/645/2667 1150/3727/2667 1800/3752/2667 
f 1800/3753/2668 1138/2191/2668 1046/3754/2668 
f 1138/2149/1396 1800/3755/1396 1150/2147/1396 
f 1708/3496/2669 1664/3389/2669 1622/3288/2669 
f 1700/3482/2670 1698/3477/2670 1801/3756/2670 
f 1652/3358/2671 1651/3357/2671 1655/3704/2671 
f 1698/3757/2672 1699/3751/2672 1801/3758/2672 
f 1801/3758/2673 1699/3751/2673 1692/3750/2673 
f 1802/3759/2674 1801/3758/2674 1799/3760/2674 
f 1692/3750/2675 1799/3760/2675 1801/3758/2675 
f 827/1515/2676 1630/3455/2676 966/3452/2676 
f 839/1512/2677 1630/3455/2677 827/1515/2677 
f 1789/3703/2631 1712/3724/2631 1700/3761/2631 
f 839/3309/2678 1626/3308/2678 1630/3762/2678 
f 1803/3763/2679 1724/3764/2679 1801/3756/2679 
f 1700/3482/2680 1801/3756/2680 1724/3764/2680 
f 1471/3765/2681 1804/3766/2681 1472/3767/2681 
f 1799/3749/2463 1721/3549/2463 1723/3551/2463 
f 1789/3703/2682 1700/3761/2682 1724/3768/2682 
f 1789/3703/2683 1724/3768/2683 1670/3728/2683 
f 1696/3769/2498 1663/3405/2498 1724/3552/2498 
f 1696/3471/2684 1724/3764/2684 1719/3543/2684 
f 1801/3756/2685 1802/3770/2685 1805/3771/2685 
f 1802/3770/2686 1806/3772/2686 1805/3771/2686 
f 1801/3756/2687 1805/3771/2687 1803/3763/2687 
f 1520/3449/477 1212/2329/477 1686/3451/477 
f 1802/3759/2688 1799/3760/2688 1807/3773/2688 
f 1808/3774/2689 1799/3749/2689 1723/3551/2689 
f 1808/3774/2690 1807/3775/2690 1799/3749/2690 
f 1709/3776/2691 968/1740/2691 967/1739/2691 
f 1709/3500/2692 951/1771/2692 968/1767/2692 
f 1724/3764/2693 1803/3763/2693 1719/3543/2693 
f 1727/3559/2693 1719/3543/2693 1803/3763/2693 
f 1802/3759/2694 1807/3773/2694 1806/3777/2694 
f 1806/3778/2695 1808/3779/2695 1723/3780/2695 
f 1054/1933/1199 1026/1881/1199 1053/1932/1199 
f 1805/3781/2696 1806/3778/2696 1723/3780/2696 
f 1803/3782/2697 1805/3781/2697 1727/3571/2697 
f 1054/1933/2698 1028/1883/2698 1026/1881/2698 
f 1025/1880/1163 1798/3783/1163 1026/1881/1163 
f 1746/3616/2549 1026/1881/2549 1798/3783/2549 
f 1808/3784/2694 1806/3777/2694 1807/3773/2694 
f 385/3747/2699 1798/3746/2699 1025/3785/2699 
f 1805/3781/2700 1723/3780/2700 1727/3571/2700 
f 1723/3780/2701 1722/3573/2701 1727/3571/2701 
f 1809/3786/89 652/1134/89 522/853/89 
f 1472/3787/2702 1804/3788/2702 1788/3692/2702 
f 1810/3789/2 1811/3790/2 763/3791/2 
f 1787/3691/2703 1472/3787/2703 1788/3692/2703 
f 1804/3788/2704 1372/2658/2704 1788/3692/2704 
f 1812/3792/2705 1747/3617/2705 1737/3619/2705 
f 1686/3793/2706 1812/3792/2706 1737/3619/2706 
f 1769/3656/2707 1813/3794/2707 1768/3656/2707 
f 1747/3795/2708 1812/3796/2708 1814/3797/2708 
f 1815/3798/2709 1816/3799/2709 794/1435/2709 
f 1686/3451/2710 1211/2328/2710 1812/3796/2710 
f 1817/3800/2711 1816/3801/2711 1818/3802/2711 
f 1818/3802/2712 1816/3801/2712 1815/3803/2712 
f 535/3804/2713 529/3805/2713 536/958/2713 
f 548/3806/2714 536/958/2714 529/3805/2714 
f 540/3807/581 539/3808/581 548/3809/581 
f 527/3810/2715 548/3806/2715 529/3805/2715 
f 1777/3671/2716 1768/3656/2716 1819/3811/2716 
f 1820/3812/2717 1821/3813/2717 1822/3814/2717 
f 526/860/2 763/3791/2 1811/3790/2 
f 535/3815/2 530/864/2 529/863/2 
f 385/3747/2718 1025/3785/2718 386/2163/2718 
f 529/3816/2719 1823/3817/2719 535/3818/2719 
f 1823/3819/2720 1824/3820/2720 535/3821/2720 
f 1027/2307/2721 386/2163/2721 1025/3785/2721 
f 1825/3822/2722 1826/3823/2722 527/3824/2722 
f 1768/3656/2723 1813/3794/2723 1819/3811/2723 
f 1759/3647/2724 1813/3794/2724 1769/3656/2724 
f 1822/3814/2725 1819/3825/2725 1813/3826/2725 
f 1813/3826/2726 1820/3812/2726 1822/3814/2726 
f 1804/3827/2727 884/1590/2727 1820/3812/2727 
f 1759/3647/2728 1756/3644/2728 1813/3794/2728 
f 538/3828/2729 540/3829/2729 549/1160/2729 
f 1804/3827/807 1820/3812/807 1813/3826/807 
f 1756/3685/1662 1771/3660/1662 1813/3830/1662 
f 1783/3831/2730 1827/3832/2730 1771/3660/2730 
f 1813/3830/1470 1771/3660/1470 1827/3832/1470 
f 1828/3833/113 1829/3834/113 1053/3835/113 
f 1830/3836/2731 547/892/2731 1831/3837/2731 
f 1800/3752/2732 1053/3835/2732 1829/3834/2732 
f 1830/3836/2733 1817/3838/2733 547/892/2733 
f 1832/3839/2734 567/3840/2734 1833/3841/2734 
f 1827/3842/2735 1782/3681/2735 1813/3794/2735 
f 1833/3843/2736 552/900/2736 553/901/2736 
f 550/3844/2737 538/3845/2737 552/3846/2737 
f 1834/3847/549 552/3848/549 538/3849/549 
f 1781/3679/2738 1772/3648/2738 1782/3681/2738 
f 1755/3643/2739 1813/3794/2739 1770/3680/2739 
f 1782/3681/2740 1770/3680/2740 1813/3794/2740 
f 552/908/502 1833/3850/502 1833/3850/502 
f 552/908/2741 1833/3850/2741 550/907/2741 
f 1833/3851/2742 553/914/2742 550/913/2742 
f 1026/1881/2743 1828/3852/2743 1053/1932/2743 
f 1813/3853/2744 1755/3854/2744 1835/3855/2744 
f 1757/3856/2745 1835/3855/2745 1755/3854/2745 
f 567/1481/2746 819/1480/2746 547/3857/2746 
f 540/3858/2747 567/1481/2747 547/3857/2747 
f 1053/3859/2748 1800/3753/2748 1046/3754/2748 
f 1471/3765/2749 884/3860/2749 1804/3766/2749 
f 548/3806/2750 568/959/2750 536/958/2750 
f 1800/3755/2751 1829/3861/2751 1836/3862/2751 
f 1800/3755/2752 1836/3862/2752 404/3863/2752 
f 819/3864/2753 1837/3865/2753 547/3866/2753 
f 1833/3867/549 552/3868/549 1834/3869/549 
f 1838/3870/2754 1839/3871/2754 1840/3872/2754 
f 1839/3871/1662 1838/3870/1662 1462/2880/1662 
f 1486/2948/2755 1372/3873/2755 1840/3872/2755 
f 1839/3871/2756 1486/2948/2756 1840/3872/2756 
f 1486/2948/2757 1330/2879/2757 1372/3873/2757 
f 1486/2948/2758 1465/2881/2758 1330/2879/2758 
f 1839/3871/2759 1462/2880/2759 1486/2948/2759 
f 1319/2546/2760 1788/3692/2760 1372/2658/2760 
f 1372/2658/2761 1804/3788/2761 1840/3874/2761 
f 1841/3875/2762 1842/3876/2762 1843/3877/2762 
f 1844/3878/2763 1845/3879/2763 1846/3880/2763 
f 1842/3881/2764 1845/3879/2764 1844/3878/2764 
f 1842/3881/2765 1844/3878/2765 1847/3882/2765 
f 1842/3881/2766 1847/3882/2766 1843/3882/2766 
f 1840/3872/2526 1846/3880/2526 1848/3883/2526 
f 1847/3884/2767 1849/3885/2767 1843/3884/2767 
f 1834/3886/2768 538/3828/2768 1850/3887/2768 
f 547/892/2769 1818/3888/2769 813/1473/2769 
f 1847/3882/2770 1844/3878/2770 1851/3889/2770 
f 1841/3875/2362 1843/3877/2362 1849/3890/2362 
f 1849/3891/1263 1847/3892/1263 1844/3893/1263 
f 1849/3894/2771 1844/3895/2771 1846/3896/2771 
f 1184/2272/2772 1183/2282/2772 1828/3852/2772 
f 1813/3897/2773 1846/3898/2773 1804/3788/2773 
f 1828/3899/2774 1183/2293/2774 415/2292/2774 
f 404/645/116 1836/3900/116 279/444/116 
f 1829/3901/2775 272/3902/2775 1836/3903/2775 
f 272/3902/2775 279/3904/2775 1836/3903/2775 
f 1829/3834/2776 1828/3833/2776 415/663/2776 
f 1852/3905/2777 1853/3906/2777 1846/3907/2777 
f 1849/3906/2778 1846/3907/2778 1853/3906/2778 
f 1840/3874/2779 1804/3788/2779 1846/3898/2779 
f 1829/3834/2780 415/663/2780 272/429/2780 
f 1846/3908/2781 1813/3853/2781 1835/3855/2781 
f 1851/3889/2782 1835/3909/2782 1847/3882/2782 
f 1851/3889/2783 1844/3878/2783 1835/3909/2783 
f 1847/3910/2784 1835/3911/2784 1844/3912/2784 
f 1854/3913/2785 1848/3883/2785 1846/3880/2785 
f 1845/3879/2786 1854/3913/2786 1846/3880/2786 
f 1831/3914/2787 547/3866/2787 1855/3915/2787 
f 1818/3888/2788 547/892/2788 1817/3838/2788 
f 1840/3872/1981 1848/3883/1981 1856/3916/1981 
f 553/3917/502 1833/3850/502 1833/3850/502 
f 878/1578/2789 856/1580/2789 855/3918/2789 
f 660/3919/89 529/3920/89 1850/3921/89 
f 529/3922/89 535/3923/89 1850/3924/89 
f 1833/3925/89 1850/3926/89 535/3927/89 
f 1857/3928/2790 858/3929/2790 857/1579/2790 
f 1858/3930/2791 859/3931/2791 858/3929/2791 
f 1858/3930/2791 858/3929/2791 1857/3928/2791 
f 859/3931/2792 1858/3930/2792 861/3932/2792 
f 552/3933/2793 1833/3934/2793 567/3935/2793 
f 1833/3936/2794 1834/3937/2794 1832/3938/2794 
f 854/1586/941 882/1585/941 883/1587/941 
f 864/1589/942 883/1587/942 1859/3939/942 
f 865/3940/2795 864/3941/2795 1860/3942/2795 
f 1859/3943/2795 1860/3942/2795 864/3941/2795 
f 865/3940/2796 1860/3942/2796 867/3944/2796 
f 1861/3945/2796 867/3944/2796 1860/3942/2796 
f 1834/3946/2797 1850/3947/2797 1832/3948/2797 
f 1833/3949/2797 1832/3948/2797 1850/3947/2797 
f 1861/3945/2798 868/3950/2798 867/3944/2798 
f 1862/3951/2799 869/3952/2799 868/3950/2799 
f 1862/3951/2800 870/3953/2800 869/3952/2800 
f 535/3821/2801 1832/3839/2801 1833/3841/2801 
f 877/3954/2802 876/1593/2802 1863/3955/2802 
f 1864/3956/2803 874/3957/2803 877/3954/2803 
f 1864/3958/2804 855/3918/2804 874/3959/2804 
f 1520/3028/2095 879/2964/2095 1212/2993/2095 
f 1838/3870/2805 1840/3872/2805 1856/3916/2805 
f 1838/3870/1662 1461/3960/1662 1462/2880/1662 
f 1838/3961/2806 1856/3962/2806 1461/3963/2806 
f 853/2790/2807 1856/3916/2807 1848/3883/2807 
f 1461/3963/2806 1856/3962/2806 1419/3964/2806 
f 1856/3916/2808 853/2790/2808 1419/2788/2808 
f 1812/3796/2809 1211/2328/2809 1814/3797/2809 
f 1827/3965/89 1783/3966/89 1782/3967/89 
f 1786/3968/89 1782/3967/89 1783/3966/89 
f 1865/3969/89 1841/3969/89 1853/3970/89 
f 1849/3971/89 1853/3970/89 1841/3969/89 
f 1686/3451/2810 1212/2329/2810 1211/2328/2810 
f 1819/3811/2811 1785/3687/2811 1784/3686/2811 
f 1784/3686/2812 1777/3671/2812 1819/3811/2812 
f 1866/3972/2813 1867/3973/2813 1868/3974/2813 
f 1820/3812/2814 884/1590/2814 1463/3975/2814 
f 1463/3975/807 884/1590/807 849/1535/807 
f 1820/3812/2815 1463/3975/2815 1821/3813/2815 
f 1782/3976/2816 1786/3977/2816 1781/3978/2816 
f 1869/3979/2817 1866/3972/2817 1868/3974/2817 
f 886/1592/2818 875/1594/2818 871/3980/2818 
f 876/1593/945 886/1592/945 1863/3955/945 
f 38/41/2819 37/40/2819 1870/3981/2819 
f 855/3918/2804 1864/3958/2804 1871/3982/2804 
f 1871/3982/2789 878/1578/2789 855/3918/2789 
f 878/1578/938 1501/3983/938 857/1579/938 
f 1841/3875/2820 1872/3984/2820 1842/3876/2820 
f 1873/3985/2821 1842/3876/2821 1872/3984/2821 
f 1865/3875/2822 1872/3984/2822 1841/3875/2822 
f 1501/3983/2790 1857/3928/2790 857/1579/2790 
f 1874/3986/2823 1870/3987/2823 818/3988/2823 
f 1875/3989/2824 1876/3989/2824 1872/3984/2824 
f 861/3932/2792 1858/3930/2792 1877/3990/2792 
f 1874/3986/2825 38/3991/2825 1870/3987/2825 
f 861/3992/2826 1877/3993/2826 860/1584/2826 
f 1499/3994/2826 860/1584/2826 1877/3993/2826 
f 1870/3981/2827 37/40/2827 818/3995/2827 
f 1499/3994/940 882/1585/940 860/1584/940 
f 1873/3996/2828 1878/3997/2828 1845/3879/2828 
f 1823/3998/2829 1879/3999/2829 528/4000/2829 
f 1865/3875/2830 1853/3890/2830 1880/4001/2830 
f 1875/3989/2830 1872/3984/2830 1880/4001/2830 
f 1872/3984/2830 1865/3875/2830 1880/4001/2830 
f 868/3950/2798 1861/3945/2798 1881/4002/2798 
f 868/3950/2799 1881/4002/2799 1862/3951/2799 
f 1880/4003/2831 1853/3906/2831 1852/3905/2831 
f 1862/3951/2800 434/4004/2800 870/3953/2800 
f 1826/4005/2832 526/4006/2832 1879/3999/2832 
f 526/4006/2832 528/4000/2832 1879/3999/2832 
f 434/4004/2833 1882/4007/2833 870/3953/2833 
f 1863/3955/2802 1883/4008/2802 877/3954/2802 
f 1883/4008/2803 1864/3956/2803 877/3954/2803 
f 1823/3998/2713 532/4009/2715 1879/3999/2713 
f 1882/4007/2833 871/4010/2833 870/3953/2833 
f 563/4011/2834 532/4009/2834 564/4012/2834 
f 1824/4013/2714 1884/4014/2714 1823/4015/2714 
f 1854/4016/2835 1885/4017/2835 1848/4018/2835 
f 1882/4019/2818 886/1592/2818 871/3980/2818 
f 1824/3820/2836 1823/3819/2836 1886/4020/2836 
f 1879/4021/2837 1887/4022/2837 1823/4023/2837 
f 1501/2981/89 878/4024/89 694/1224/89 
f 1857/4025/89 1500/2980/89 1858/4026/89 
f 348/554/89 1858/4026/89 1500/2980/89 
f 1832/3839/2838 535/3821/2838 1824/3820/2838 
f 1778/4027/89 1780/4028/89 1888/4029/89 
f 1775/4030/89 1774/4031/89 1778/4027/89 
f 1774/4031/89 1780/4028/89 1778/4027/89 
f 1773/4032/89 1780/4028/89 1774/4031/89 
f 1780/4028/89 1779/4033/89 1888/4029/89 
f 1785/4034/89 1888/4029/89 1779/4033/89 
f 529/4035/2793 1879/4036/2793 1823/4037/2793 
f 347/553/89 1877/4038/89 348/554/89 
f 112/132/89 883/4039/89 113/133/89 
f 1773/4040/2 1776/4041/2 1773/4040/2 
f 1762/4041/2 1773/4040/2 1776/4041/2 
f 1889/4042/2 1876/4043/2 1880/4042/2 
f 1875/4044/2 1880/4042/2 1876/4043/2 
f 1860/4045/89 1859/4046/89 19/19/89 
f 1881/4047/89 420/673/89 1862/4048/89 
f 650/1132/89 696/1226/89 1871/4049/89 
f 1785/3687/1276 1821/4050/1276 1888/4051/1276 
f 1832/3839/2719 587/4052/2719 567/3840/2719 
f 1858/4026/89 348/554/89 1877/4038/89 
f 1890/4053/2839 1891/4054/2839 1773/3664/2839 
f 1890/4053/2586 1773/3664/2586 1774/3665/2586 
f 1890/4053/2840 1891/4054/2840 1891/4054/2840 
f 1760/3646/2841 1890/4053/2841 1775/3666/2841 
f 1775/3666/2842 1890/4053/2842 1774/3665/2842 
f 696/1226/89 694/1224/89 878/4024/89 
f 1892/4055/2843 1893/4056/2843 1894/4057/2843 
f 1890/4053/2844 1893/4056/2844 1892/4055/2844 
f 1890/4053/2845 1892/4055/2845 1891/4054/2845 
f 1890/4053/2846 1760/3646/2846 1778/3672/2846 
f 1877/4038/89 347/553/89 1499/2979/89 
f 1890/4053/2847 1778/3672/2847 1888/4051/2847 
f 1890/4053/2812 1888/4051/2812 1893/4056/2812 
f 882/4058/89 1499/2979/89 113/133/89 
f 883/4039/89 882/4058/89 113/133/89 
f 1891/4054/2848 1891/4054/2848 1895/4059/2848 
f 1884/4060/2849 567/3840/2849 587/4052/2849 
f 1891/4054/2850 1892/4055/2850 1895/4059/2850 
f 551/4061/2851 1884/4060/2851 587/4052/2851 
f 883/4039/89 112/132/89 1859/4046/89 
f 1773/4040/2852 1891/4062/2852 1773/4040/2852 
f 1891/4063/2853 1780/4064/2853 1891/4063/2853 
f 1886/4065/2854 1884/4066/2854 587/4067/2854 
f 112/132/89 19/19/89 1859/4046/89 
f 587/992/2855 1824/4068/2855 530/925/2855 
f 1773/4069/2856 1891/4070/2856 1780/4071/2856 
f 1780/4072/2857 1891/4073/2857 1892/4074/2857 
f 1780/4075/2858 1892/4076/2858 1894/4077/2858 
f 587/4052/2859 587/4052/2859 1832/3839/2859 
f 587/4078/2860 1884/4079/2860 587/4078/2860 
f 1862/4048/89 435/697/89 434/696/89 
f 433/695/89 1882/4080/89 434/696/89 
f 1895/4059/2861 1896/4081/2861 1891/4054/2861 
f 1892/4055/2862 1896/4081/2862 1895/4059/2862 
f 1892/4082/2863 1891/4083/2863 1896/4084/2863 
f 1891/4085/2864 1896/4086/2864 1891/4085/2864 
f 1863/4087/89 886/4088/89 523/854/89 
f 1781/3679/2865 1780/3678/2865 1896/4081/2865 
f 1894/4057/2597 1896/4081/2597 1780/3678/2597 
f 1837/4089/2866 1855/4090/2866 547/4091/2866 
f 1896/4081/2867 1762/3649/2867 1776/3649/2867 
f 1896/4081/2599 1776/3649/2599 1781/3679/2599 
f 433/695/89 523/854/89 886/4088/89 
f 523/854/89 650/1132/89 1883/4092/89 
f 1864/4093/89 1883/4092/89 650/1132/89 
f 878/4024/89 1871/4049/89 696/1226/89 
f 1757/3645/2868 1852/4094/2868 1835/4095/2868 
f 1863/4087/89 523/854/89 1883/4092/89 
f 1757/3645/2869 1762/3649/2869 1852/4094/2869 
f 1896/4081/2870 1852/4094/2870 1762/3649/2870 
f 563/922/545 533/867/545 532/866/545 
f 1864/4093/89 650/1132/89 1871/4049/89 
f 528/4000/564 530/4096/564 1823/3998/564 
f 1824/4097/564 1823/4098/564 530/4099/564 
f 1882/4080/89 433/695/89 886/4088/89 
f 1894/4057/2871 1852/4094/2871 1896/4081/2871 
f 1824/3820/2838 587/4052/2838 1832/3839/2838 
f 564/4012/2872 1823/3998/2872 1884/4100/2872 
f 587/4101/2872 1884/4102/2872 1824/4103/2872 
f 1824/4104/2873 1886/4105/2873 587/4106/2873 
f 1751/4107/2874 374/4108/2874 1897/4109/2874 
f 374/4108/2875 373/4110/2875 1897/4109/2875 
f 1837/3865/2876 819/3864/2876 818/3995/2876 
f 521/4111/2877 488/4112/2877 1898/4113/2877 
f 818/1479/2878 567/1481/2878 1874/4114/2878 
f 1897/4109/2879 1899/4115/2879 1751/4107/2879 
f 667/4116/2880 1898/4113/2880 488/4112/2880 
f 1751/4107/2881 1899/4115/2881 1900/4117/2881 
f 521/4111/2882 1898/4113/2882 1901/4118/2882 
f 1902/4119/2883 1874/4120/2883 567/4121/2883 
f 1884/4122/2884 564/4123/2884 567/4124/2884 
f 564/4125/2885 563/4126/2885 567/4127/2885 
f 1902/4119/2719 567/4121/2719 563/4128/2719 
f 564/923/2886 1884/4060/2886 551/4061/2886 
f 1884/4129/2887 1886/4130/2887 564/4131/2887 
f 1903/4132/2887 564/4133/2887 1886/4134/2887 
f 1901/4118/2888 1904/4135/2888 521/4111/2888 
f 551/4061/2889 533/867/2889 564/923/2889 
f 1905/4136/2890 667/4116/2890 14/14/2890 
f 564/4137/2891 1903/4138/2891 563/4139/2891 
f 1897/4140/2892 373/3641/2892 1743/3640/2892 
f 532/4141/2838 1902/4142/2838 563/4143/2838 
f 1899/4144/2893 1897/4140/2893 1906/4145/2893 
f 1823/3998/2714 564/4012/2714 532/4009/2714 
f 1907/4146/2894 1879/3999/2894 532/4009/2894 
f 1866/4147/2895 1908/4148/2895 1208/4149/2895 
f 1077/2268/2896 1908/4150/2896 1211/2328/2896 
f 1909/4151/1494 1211/2328/1494 1908/4150/1494 
f 667/4116/2897 1905/4136/2897 1898/4113/2897 
f 667/1178/2898 569/1141/2898 14/902/2898 
f 408/650/89 114/134/89 409/651/89 
f 111/131/89 409/651/89 114/134/89 
f 408/650/2899 79/627/2899 81/192/2899 
f 81/192/2900 114/134/2900 408/650/2900 
f 97/108/53 81/87/53 80/86/53 
f 534/4152/2901 251/4153/2901 407/4154/2901 
f 534/4152/2902 407/4154/2902 517/4155/2902 
f 246/4156/2903 250/4157/2903 534/873/2903 
f 524/4158/2904 534/4152/2904 517/4155/2904 
f 251/4153/2905 534/4152/2905 250/4159/2905 
f 111/131/2906 113/133/2906 409/651/2906 
f 409/651/2907 113/133/2907 347/553/2907 
f 1910/4160/2908 532/4161/2908 1903/4162/2908 
f 563/4163/2909 1903/4164/2909 532/4165/2909 
f 1897/4140/2910 1743/3640/2910 1906/4145/2910 
f 156/205/2911 1911/4166/2911 154/206/2911 
f 419/4167/2912 154/206/2912 1911/4166/2912 
f 1911/4166/2913 343/546/2913 358/566/2913 
f 358/566/2914 419/4167/2914 1911/4166/2914 
f 80/639/2915 1911/4166/2915 97/209/2915 
f 156/205/2916 97/209/2916 1911/4166/2916 
f 80/639/2917 343/546/2917 1911/4166/2917 
f 419/669/2918 209/4168/2918 152/201/2918 
f 419/669/2919 152/201/2919 154/203/2919 
f 383/603/2 380/600/2 209/307/2 
f 209/4168/2920 419/669/2920 383/608/2920 
f 1208/2322/2921 1207/2321/2921 1866/4169/2921 
f 1866/4169/2922 1207/2321/2922 1867/4170/2922 
f 1078/4171/1543 1077/2268/1543 1212/2329/1543 
f 1208/4149/2923 1908/4148/2923 1190/4172/2923 
f 1908/4150/2924 1077/2268/2924 1190/2283/2924 
f 1912/4173/2925 1869/3979/2925 1868/3974/2925 
f 247/4174/2926 534/873/2926 515/872/2926 
f 1886/4175/89 1887/4176/89 1903/4162/89 
f 534/873/2927 247/4174/2927 246/4156/2927 
f 1823/3819/2928 1887/4177/2928 1886/4020/2928 
f 587/4178/2929 587/4178/2929 1886/4179/2929 
f 1837/3865/2930 818/3995/2930 37/40/2930 
f 1913/4180/2931 1904/4135/2931 1901/4118/2931 
f 1071/1966/2932 1019/1965/2932 1914/4181/2932 
f 1019/1874/2933 651/1133/2933 1914/4182/2933 
f 651/1133/2934 652/1134/2934 1914/4182/2934 
f 1915/4183/2935 1914/4182/2935 652/1134/2935 
f 304/477/2936 208/4184/2936 82/403/2936 
f 92/102/2937 208/4185/2937 304/479/2937 
f 637/1110/2938 1035/1892/2938 1071/4186/2938 
f 1916/4187/2939 68/299/2939 305/480/2939 
f 1071/4188/2940 1914/4189/2940 1915/4190/2940 
f 1071/4188/2941 1915/4190/2941 1917/4191/2941 
f 1918/4192/2942 1919/4193/2942 4/4/2942 
f 1920/4194/2943 632/4195/2943 624/4196/2943 
f 6/6/2944 13/13/2944 1918/4192/2944 
f 621/4197/2 612/1080/2 625/1079/2 
f 4/4/2945 6/6/2945 1918/4192/2945 
f 305/4198/2946 304/4199/2946 1919/4193/2946 
f 1743/3640/2947 1921/4200/2947 1906/4145/2947 
f 624/4201/2948 628/4202/2948 625/4203/2948 
f 1026/1881/2949 1909/4204/2949 1828/3852/2949 
f 637/1110/2950 636/1109/2950 1035/1892/2950 
f 1908/4205/255 1866/3972/255 1922/4206/255 
f 1869/3979/2951 1923/4207/2951 1922/4206/2951 
f 1917/4208/2952 1924/4209/2952 637/1110/2952 
f 1899/4115/2953 1925/4210/2953 1900/4117/2953 
f 1869/3979/2954 1922/4206/2954 1866/3972/2954 
f 1926/4211/2955 645/2218/2955 637/2217/2955 
f 1211/2328/2956 1927/4212/2956 1814/3797/2956 
f 1927/4213/2957 1909/4214/2957 1747/3617/2957 
f 1194/4215/2708 1908/4205/2708 1922/4206/2708 
f 637/4216/2958 1928/4217/2958 1926/4218/2958 
f 1909/4151/2959 1927/4212/2959 1211/2328/2959 
f 372/585/2960 1929/4219/2960 1930/4220/2960 
f 372/585/2961 1930/4220/2961 1743/3607/2961 
f 1747/3795/525 1814/3797/525 1927/4212/525 
f 1026/3618/2962 1747/3617/2962 1909/4214/2962 
f 1071/4186/2963 1917/4208/2963 637/1110/2963 
f 1931/4221/2964 1906/4145/2964 1921/4200/2964 
f 1930/4220/2965 1921/4222/2965 1743/3607/2965 
f 632/4223/89 1920/4224/89 1932/4225/89 
f 9/9/2966 7/7/2966 1898/4113/2966 
f 1898/4113/2967 7/7/2967 1901/4118/2967 
f 5/5/2968 1901/4118/2968 7/7/2968 
f 1194/4226/1508 1909/4151/1508 1908/4150/1508 
f 1913/4180/2969 5/5/2969 4/4/2969 
f 1184/2272/2970 1828/3852/2970 1909/4204/2970 
f 4/4/2971 1919/4193/2971 1913/4180/2971 
f 1919/4193/2972 304/4199/2972 1904/4135/2972 
f 1919/4193/2973 1904/4135/2973 1913/4180/2973 
f 1901/4118/2974 5/5/2974 1913/4180/2974 
f 1192/4227/156 1194/4215/156 1922/4206/156 
f 1933/4228/2975 1905/4136/2975 14/14/2975 
f 1898/4113/2976 1905/4136/2976 9/9/2976 
f 1909/4151/2924 1194/4226/2924 1185/2267/2924 
f 1184/2266/2896 1909/4151/2896 1185/2267/2896 
f 1933/4228/2977 9/9/2977 1905/4136/2977 
f 1933/4228/2978 12/12/2978 9/9/2978 
f 16/16/2979 1933/4228/2979 14/14/2979 
f 1931/4221/2980 1934/4229/2980 1906/4145/2980 
f 25/28/2981 29/4230/2981 1935/4231/2981 
f 541/881/2982 1192/4227/2982 1922/4206/2982 
f 1899/4115/2953 1906/4232/2953 1925/4210/2953 
f 1192/4227/550 541/881/550 543/883/550 
f 1925/4210/2983 1936/4233/2983 1937/4234/2983 
f 1938/4235/2984 13/13/2984 1935/4231/2984 
f 1939/4236/95 1923/4207/95 1869/3979/95 
f 1922/4206/2985 1940/4237/2985 541/881/2985 
f 1922/4206/2986 1923/4207/2986 1940/4237/2986 
f 1935/4231/2987 22/25/2987 25/28/2987 
f 1941/4238/2988 1912/4239/2988 1868/4240/2988 
f 31/34/2989 1933/4228/2989 16/16/2989 
f 31/34/2990 12/12/2990 1933/4228/2990 
f 1935/4231/2991 8/8/2991 22/25/2991 
f 1925/4241/2992 1942/4242/2992 1936/4243/2992 
f 13/13/2993 8/8/2993 1935/4231/2993 
f 1941/4238/2994 1868/4240/2994 1867/4244/2994 
f 305/4198/2995 1918/4192/2995 1938/4235/2995 
f 1207/4245/2996 1260/4246/2996 1867/4247/2996 
f 1938/4235/2997 391/4248/2997 305/4198/2997 
f 391/4248/2998 1938/4235/2998 1935/4231/2998 
f 13/13/2999 1938/4235/2999 1918/4192/2999 
f 391/994/3000 1916/4187/3000 305/480/3000 
f 305/4198/3001 1919/4193/3001 1918/4192/3001 
f 391/4248/3002 1935/4231/3002 29/4230/3002 
f 589/4249/3003 602/4250/3003 1916/4251/3003 
f 69/4187/3004 70/4187/3004 1916/4187/3004 
f 560/915/3005 586/4252/3005 561/916/3005 
f 70/4187/3006 68/299/3006 1916/4187/3006 
f 198/282/3007 305/480/3007 68/299/3007 
f 69/4251/3008 1916/4251/3008 602/4250/3008 
f 1916/4187/3009 391/994/3009 589/996/3009 
f 238/820/3010 235/379/3010 247/378/3010 
f 304/4199/3011 514/834/3011 1904/4135/3011 
f 1869/3979/3012 1912/4173/3012 1939/4236/3012 
f 514/834/3013 304/4199/3013 255/4253/3013 
f 255/4253/3014 237/4254/3014 514/834/3014 
f 236/832/3014 514/834/3014 237/4254/3014 
f 514/834/3015 503/835/3015 521/4111/3015 
f 1939/4255/3016 1941/4238/3016 1943/4256/3016 
f 1939/4255/3017 1912/4239/3017 1941/4238/3017 
f 1940/4237/3018 1923/4207/3018 1939/4236/3018 
f 514/834/3019 521/4111/3019 1904/4135/3019 
f 560/918/1885 541/881/1885 1943/4257/1885 
f 1939/4255/3020 1943/4256/3020 1940/4258/3020 
f 1940/4258/3021 1943/4256/3021 541/4259/3021 
f 624/1125/3022 645/1126/3022 1920/4260/3022 
f 1944/4261/3023 1920/4260/3023 645/1126/3023 
f 1941/4262/2996 1867/4247/2996 1260/4246/2996 
f 1920/4260/3024 1944/4261/3024 1932/4263/3024 
f 586/4264/3025 591/999/3025 584/998/3025 
f 1945/4265/3026 1944/4266/3026 644/4267/3026 
f 1269/2457/1657 586/4252/1657 560/915/1657 
f 1266/4268/3027 1943/4269/3027 1259/4270/3027 
f 621/4271/502 625/4272/502 623/4273/502 
f 1932/4274/502 623/4273/502 625/4272/502 
f 1941/4275/3028 1259/2433/3028 1943/4276/3028 
f 794/1435/89 1809/3786/89 522/853/89 
f 1946/4277/3029 1816/3801/3029 1817/3800/3029 
f 1915/4190/3030 1947/4278/3030 1917/4191/3030 
f 1857/4025/89 1501/2981/89 1500/2980/89 
f 1946/4279/3031 1947/4280/3031 1809/3786/3031 
f 1946/4279/3032 794/1435/3032 1816/3799/3032 
f 1503/4281/3033 1948/4282/3033 1949/4283/3033 
f 1809/3786/3034 794/1435/3034 1946/4279/3034 
f 1915/4183/3035 652/1134/3035 1947/4280/3035 
f 652/1134/3036 1809/3786/3036 1947/4280/3036 
f 1949/4283/3033 1504/4284/3033 1503/4281/3033 
f 1946/4277/3037 1817/3800/3037 1830/4285/3037 
f 1917/4191/3038 1947/4278/3038 1924/4286/3038 
f 1516/3024/3039 1950/4287/3039 1948/4288/3039 
f 1924/4286/3040 1947/4278/3040 1830/4285/3040 
f 1946/4277/3040 1830/4285/3040 1947/4278/3040 
f 1516/3024/3041 1948/4288/3041 1503/3016/3041 
f 1810/4289/3042 625/1084/3042 548/895/3042 
f 1932/4290/3042 625/1084/3042 1810/4289/3042 
f 1516/3024/3043 692/1220/3043 1950/4287/3043 
f 626/4291/689 632/1161/689 549/1160/689 
f 660/1159/2837 538/3828/2837 549/1160/2837 
f 1825/4292/3044 548/4293/3044 527/4294/3044 
f 1811/4295/3045 548/895/3045 1825/4296/3045 
f 1951/4297/3046 1950/4298/3046 682/1209/3046 
f 683/1210/3046 682/1209/3046 1950/4298/3046 
f 1810/4289/3047 548/895/3047 1811/4295/3047 
f 694/1224/3048 692/1220/3048 1516/3024/3048 
f 1516/3024/3049 1500/2980/3049 694/1224/3049 
f 1516/3024/3050 1506/2991/3050 1500/2980/3050 
f 1831/3914/3051 1855/3915/3051 1952/4299/3051 
f 348/554/3052 1500/2980/3052 1506/2991/3052 
f 1855/3915/3053 1953/4300/3053 1952/4299/3053 
f 692/1220/3054 683/1222/3054 1950/4287/3054 
f 1951/4297/3055 1948/4282/3055 1950/4298/3055 
f 1949/4283/3056 1948/4282/3056 1951/4297/3056 
f 682/1375/3057 762/1377/3057 1951/4301/3057 
f 1259/2433/3058 1941/4275/3058 1260/2434/3058 
f 1831/3914/3059 1952/4299/3059 1928/4217/3059 
f 1925/4241/3060 1954/4302/3060 1942/4242/3060 
f 1850/3887/2837 538/3828/2837 660/1159/2837 
f 1830/3836/3061 1831/3837/3061 1924/4209/3061 
f 1535/3057/600 591/999/600 1269/3058/600 
f 586/4264/600 1269/3058/600 591/999/600 
f 1831/3914/3062 1928/4217/3062 637/4216/3062 
f 1925/4241/3063 1930/4303/3063 1954/4302/3063 
f 1831/3837/3064 637/1110/3064 1924/4209/3064 
f 1955/4304/3065 1930/4303/3065 1956/4305/3065 
f 623/4306/2 1810/3789/2 763/3791/2 
f 1932/4307/2 1810/3789/2 623/4306/2 
f 1955/4308/3066 1921/4222/3066 1930/4220/3066 
f 1266/4268/3067 560/4309/3067 1943/4269/3067 
f 1931/4310/3066 1921/4222/3066 1955/4308/3066 
f 1269/2457/1658 560/915/1658 1266/2456/1658 
f 1811/3790/2 1825/4311/2 526/860/2 
f 529/863/2 528/862/2 527/861/2 
f 527/861/2 526/860/2 1825/4311/2 
f 1934/4312/3068 1955/4304/3068 1956/4305/3068 
f 529/4313/89 660/4314/89 527/4315/89 
f 1956/4316/3069 1906/4232/3069 1934/4317/3069 
f 1956/4316/3069 1925/4210/3069 1906/4232/3069 
f 1810/4318/89 1811/4319/89 660/4320/89 
f 1825/4321/89 660/4322/89 1811/4323/89 
f 1956/4305/3070 1930/4303/3070 1925/4241/3070 
f 1529/3042/3071 1957/4324/3071 1527/3043/3071 
f 1951/4301/3072 762/1377/3072 1957/4324/3072 
f 1932/4325/89 1810/4326/89 632/4327/89 
f 632/4328/89 1810/4329/89 660/4330/89 
f 1825/4331/89 527/4332/89 660/4333/89 
f 1957/4324/3073 1949/4334/3073 1951/4301/3073 
f 529/4335/3074 527/4336/3074 1879/4337/3074 
f 1529/3042/3075 1504/3048/3075 1957/4324/3075 
f 1934/4312/3076 1931/4338/3076 1955/4304/3076 
f 1504/3048/3077 1949/4334/3077 1957/4324/3077 
f 1932/4339/3078 764/4340/3078 1810/4341/3078 
f 1958/4342/1754 1959/4343/1754 1960/4344/1754 
f 555/910/3079 648/3153/3079 679/1200/3079 
f 1463/3975/3080 1961/4345/3080 1821/3813/3080 
f 648/3153/3081 1534/3054/3081 679/1200/3081 
f 555/910/2 679/1200/2 678/1199/2 
f 1819/3811/1276 1821/4050/1276 1785/3687/1276 
f 1893/4056/1276 1888/4051/1276 1821/4050/1276 
f 1822/4346/132 1821/4050/132 1819/3811/132 
f 1527/3040/3082 1962/4347/3082 1534/3062/3082 
f 1957/4324/3083 1962/4348/3083 1527/3043/3083 
f 1821/3813/3084 1894/4349/3084 1893/4350/3084 
f 1957/4324/3085 762/1377/3085 677/1198/3085 
f 1894/4057/3086 1821/4050/3086 1900/4351/3086 
f 1534/3054/708 1962/4348/708 679/1200/708 
f 677/1198/708 679/1200/708 1962/4348/708 
f 1962/4348/3087 1957/4324/3087 677/1198/3087 
f 1963/4352/3088 1845/3879/3088 1878/3997/3088 
f 662/1163/3089 613/3250/3089 648/1130/3089 
f 1963/4352/2633 1854/3913/2633 1845/3879/2633 
f 613/1050/3090 611/1041/3090 648/3151/3090 
f 1885/4017/3091 1854/4016/3091 1963/4353/3091 
f 606/1034/2270 648/3151/2270 611/1041/2270 
f 1576/3152/2211 1575/3148/2211 379/618/2211 
f 610/1036/3092 1576/3152/3092 648/3151/3092 
f 606/1034/3093 610/1036/3093 648/3151/3093 
f 1872/3984/3094 1876/3989/3094 1873/3985/3094 
f 1876/3989/3095 1960/4344/3095 1873/3985/3095 
f 1959/4343/3096 1873/3985/3096 1960/4344/3096 
f 1535/3057/89 1575/3150/89 591/999/89 
f 1964/4354/3097 1873/3996/3097 1958/4355/3097 
f 1959/4356/3098 1958/4355/3098 1873/3996/3098 
f 1878/3997/3099 1873/3996/3099 1964/4354/3099 
f 1576/4357/89 591/999/89 1575/3150/89 
f 1845/3879/3100 1842/3881/3100 1873/3996/3100 
f 610/4358/89 591/999/89 1576/4357/89 
f 1965/4359/3101 40/4360/3101 1966/4361/3101 
f 1876/3989/170 1889/4001/170 1960/4344/170 
f 1958/4342/807 1960/4344/807 1889/4001/807 
f 1964/4362/162 1958/4342/162 1889/4001/162 
f 40/45/3102 1965/4363/3102 41/46/3102 
f 263/4364/3103 262/4365/3103 129/4366/3103 
f 280/415/3104 267/415/3104 285/452/3104 
f 655/1143/502 655/1143/502 1966/4367/502 
f 36/39/3105 41/46/3105 1967/4368/3105 
f 285/452/3106 1968/4369/3106 1969/4369/3106 
f 1878/3997/3107 1964/4354/3107 1885/4370/3107 
f 262/410/3108 95/156/3108 129/159/3108 
f 285/452/3109 33/4371/3109 280/415/3109 
f 1963/4352/3110 1878/3997/3110 1885/4370/3110 
f 273/421/3109 280/415/3109 33/4371/3109 
f 1969/4369/3109 33/4371/3109 285/452/3109 
f 1852/3905/3111 1964/4372/3111 1880/4003/3111 
f 262/410/3112 415/663/3112 95/156/3112 
f 273/432/23 33/36/23 32/35/23 
f 1902/4373/3113 1966/4361/3113 40/4360/3113 
f 35/4374/2 33/4375/2 1968/4376/2 
f 1969/4376/2 1968/4376/2 33/4375/2 
f 1852/4094/3114 1894/4057/3114 1964/4377/3114 
f 38/3991/3115 1874/3986/3115 1902/4373/3115 
f 32/2770/3116 1315/2542/3116 274/4378/3116 
f 1410/2768/3117 1328/2558/3117 32/2770/3117 
f 1889/4379/3118 1880/4003/3118 1964/4372/3118 
f 32/2770/3119 34/2917/3119 1405/2757/3119 
f 32/2770/3120 1405/2757/3120 1410/2768/3120 
f 1902/4373/3121 40/4360/3121 38/3991/3121 
f 1852/3905/3122 1846/3907/3122 1835/4380/3122 
f 1894/4057/3123 1900/4351/3123 1964/4377/3123 
f 38/41/3124 40/45/3124 36/39/3124 
f 1751/4107/3125 1900/4117/3125 1970/4381/3125 
f 1751/4107/3126 1970/4381/3126 1971/4382/3126 
f 1299/2521/3127 1972/4383/3127 1297/2519/3127 
f 1299/2521/3127 1303/4384/3127 1972/4383/3127 
f 37/40/3128 36/39/3128 1953/4300/3128 
f 1298/2520/2029 1297/2519/2029 1431/2810/2029 
f 1972/4385/3129 1303/4386/3129 1300/4387/3129 
f 1971/4388/3130 1973/4389/3130 1751/3631/3130 
f 576/1121/3131 619/1059/3131 655/1143/3131 
f 1974/4390/3132 1929/4391/3132 1973/4389/3132 
f 619/1059/3133 644/1122/3133 1975/4392/3133 
f 645/1126/3134 1966/4393/3134 644/4394/3134 
f 644/1123/3135 1976/4395/3135 1975/4396/3135 
f 644/1123/3136 644/1123/3136 1975/4396/3136 
f 1973/4389/3137 1929/4391/3137 1751/3631/3137 
f 644/4397/3138 1975/4398/3138 1977/4399/3138 
f 1929/4391/3139 372/3629/3139 1751/3631/3139 
f 644/1123/640 623/1075/640 1976/4395/640 
f 1977/4400/3140 1978/4401/3140 644/4402/3140 
f 1976/4403/3140 644/4404/3140 1978/4405/3140 
f 1973/4406/3141 1971/4382/3141 1979/4407/3141 
f 94/4408/2019 1417/2916/2019 34/2917/2019 
f 1961/4345/3080 1970/4409/3080 1821/3813/3080 
f 1475/2918/1713 1302/2524/1713 1301/2523/1713 
f 644/4394/3142 1944/4261/3142 645/1126/3142 
f 1821/3813/3143 1970/4409/3143 1900/4410/3143 
f 1929/4219/2965 1980/4411/2965 1981/4412/2965 
f 1932/4263/3144 1944/4261/3144 1976/4413/3144 
f 644/4414/3144 1976/4415/3144 1944/4416/3144 
f 1475/2918/2022 1301/2523/2022 1418/2783/2022 
f 1982/4417/3145 1475/2918/3145 94/104/3145 
f 1928/4217/3146 1967/4368/3146 1926/4218/3146 
f 1983/4418/3147 1983/4418/3147 1945/4419/3147 
f 1945/4265/3026 644/4267/3026 1977/4420/3026 
f 1945/4265/3148 1977/4420/3148 1983/4421/3148 
f 1982/4417/3149 94/104/3149 45/106/3149 
f 644/4422/648 1945/4423/648 1977/4424/648 
f 1944/4425/3150 1945/4423/3150 644/4422/3150 
f 1983/4426/3151 1977/4424/3151 1945/4423/3151 
f 1977/4427/89 1977/4427/89 1983/4428/89 
f 1977/4427/89 1983/4428/89 1983/4428/89 
f 1885/4370/3152 1984/4429/3152 1848/3883/3152 
f 645/2218/3153 1965/4430/3153 1966/4431/3153 
f 45/50/3154 1475/4432/3154 1982/4433/3154 
f 655/1143/3155 1985/4434/3155 1966/4367/3155 
f 1300/4387/3156 1302/4435/3156 1972/4385/3156 
f 1965/4430/3157 645/2218/3157 1926/4211/3157 
f 1937/4234/3158 1936/4233/3158 1942/4436/3158 
f 655/1143/3159 619/1059/3159 1985/4434/3159 
f 1985/4434/671 619/1059/671 1975/4392/671 
f 656/1144/3134 655/1143/3134 1966/4367/3134 
f 1848/3883/3160 1984/4429/3160 853/2790/3160 
f 45/50/3161 47/52/3161 1475/4432/3161 
f 1985/4434/3078 1975/4392/3078 1966/4367/3078 
f 1975/4437/3078 644/4438/3078 1966/4439/3078 
f 1297/4440/3162 1972/4385/3162 1302/4435/3162 
f 1302/4435/3163 1475/4432/3163 1297/4440/3163 
f 47/52/3164 1297/4440/3164 1475/4432/3164 
f 1986/4441/1754 1987/4442/1754 1988/4443/1754 
f 1989/4444/1881 264/412/1881 1990/4445/1881 
f 264/412/113 263/411/113 1990/4445/113 
f 263/4364/3165 129/4366/3165 1990/4446/3165 
f 129/159/3166 34/158/3166 1989/4444/3166 
f 34/158/3167 1987/4447/3167 284/453/3167 
f 34/158/3168 284/453/3168 1989/4444/3168 
f 655/4448/502 655/4448/502 1985/4449/502 
f 129/159/3169 1989/4444/3169 1990/4445/3169 
f 1968/4369/3170 285/452/3170 284/451/3170 
f 1986/4441/3171 1988/4443/3171 284/451/3171 
f 1968/4369/3172 284/451/3172 1988/4443/3172 
f 655/4450/3173 1985/4451/3173 656/4452/3173 
f 1975/4453/3135 1976/4454/3135 1985/4455/3135 
f 1986/4456/3174 284/453/3174 1987/4447/3174 
f 655/4457/502 655/4457/502 1991/4458/502 
f 655/4459/3175 656/4460/3175 1991/4461/3175 
f 655/4462/3176 1991/4463/3176 1985/4464/3176 
f 1989/4444/3177 284/453/3177 264/412/3177 
f 1991/4465/3178 1992/4466/3178 1985/4467/3178 
f 1992/4466/3179 1977/4468/3179 1985/4467/3179 
f 1975/4469/3180 1985/4470/3180 1977/4471/3180 
f 1978/4401/3181 1977/4400/3181 1992/4472/3181 
f 1977/4400/3182 1992/4472/3182 1977/4400/3182 
f 1965/4363/3183 1926/4218/3183 1967/4368/3183 
f 35/4473/303 1968/4369/303 1988/4443/303 
f 35/4473/1764 1988/4443/1764 1987/4442/1764 
f 34/4474/303 35/4473/303 1987/4442/303 
f 1967/4368/3184 41/46/3184 1965/4363/3184 
f 1907/4475/3185 532/866/3185 531/865/3185 
f 764/1379/3186 1976/4395/3186 623/1075/3186 
f 526/4476/3187 766/1381/3187 763/1378/3187 
f 1993/4477/837 766/1381/837 526/4476/837 
f 1879/3999/2894 1907/4146/2894 1826/4005/2894 
f 1993/3823/3188 1887/4478/3188 1826/3823/3188 
f 1993/4477/3189 1907/4479/3189 766/1381/3189 
f 766/1381/3042 761/4480/3042 764/1379/3042 
f 764/1379/3190 656/4481/3190 1976/4395/3190 
f 1978/4482/3191 764/4483/3191 1976/4484/3191 
f 526/4485/3192 1826/4486/3192 1993/4487/3192 
f 1879/4488/3193 527/4489/3193 1826/4490/3193 
f 1879/4491/3194 1826/4492/3194 1887/4493/3194 
f 1993/4494/3195 766/4495/3195 1887/4496/3195 
f 766/4497/3195 764/4498/3195 1887/4499/3195 
f 1978/4401/689 1887/4500/689 764/4501/689 
f 1993/3823/3196 1826/3823/3196 1825/3822/3196 
f 766/4502/3197 1993/4503/3197 1811/4504/3197 
f 1825/4505/3198 1811/4506/3198 1993/4507/3198 
f 1811/4508/3134 1810/4509/3134 766/4510/3134 
f 1976/4511/3199 764/4512/3199 1932/4513/3199 
f 766/4514/3078 1810/4515/3078 764/4516/3078 
f 1937/4517/1552 1984/4429/1552 1964/4354/1552 
f 576/1121/833 761/1374/833 531/865/833 
f 1907/4475/833 531/865/833 761/1374/833 
f 1984/4518/3200 1463/2876/3200 853/1548/3200 
f 532/4519/3193 1907/4520/3193 1902/4521/3193 
f 1993/4522/3201 1826/4522/3201 1907/4523/3201 
f 1966/4367/3202 1902/4524/3202 761/1374/3202 
f 1964/4354/3203 1984/4429/3203 1885/4370/3203 
f 1907/4475/3202 761/1374/3202 1902/4524/3202 
f 761/4525/3204 766/4526/3204 1907/4527/3204 
f 656/1144/3078 1966/4367/3078 761/1374/3078 
f 1985/4528/3047 1976/4395/3047 656/4481/3047 
f 656/4529/3205 764/4530/3205 761/4531/3205 
f 1910/4160/89 1903/4162/89 1887/4176/89 
f 1992/4532/89 1991/4533/89 1887/4176/89 
f 1954/4534/2960 1930/4220/2960 1929/4219/2960 
f 1910/4160/89 1887/4176/89 1991/4533/89 
f 1991/4533/3206 656/4535/3206 1910/4160/3206 
f 761/4536/3207 1910/4537/3207 656/4538/3207 
f 1907/4539/3208 1910/4540/3208 761/4541/3208 
f 1937/4542/3123 1964/4377/3123 1900/4351/3123 
f 1907/4543/3209 532/4544/3209 1910/4545/3209 
f 1900/4117/3210 1925/4210/3210 1937/4234/3210 
f 1984/4518/3211 1970/4546/3211 1961/4547/3211 
f 1992/4472/3195 1887/4500/3195 1978/4401/3195 
f 1855/3915/3212 1837/3865/3212 1953/4300/3212 
f 1984/4518/3213 1961/4547/3213 1463/2876/3213 
f 1953/4300/3214 36/39/3214 1967/4368/3214 
f 1953/4300/3215 1967/4368/3215 1928/4217/3215 
f 1953/4300/3216 1928/4217/3216 1952/4299/3216 
f 37/40/3217 1953/4300/3217 1837/3865/3217 
f 794/1435/3218 793/1434/3218 1815/3798/3218 
f 793/4548/3219 801/4549/3219 1815/4550/3219 
f 1818/4551/3220 1815/4550/3220 801/4549/3220 
f 801/1457/3221 813/1473/3221 1818/3888/3221 
f 890/1804/3222 995/1805/3222 298/4552/3222 
f 863/4553/3223 890/4554/3223 300/4555/3223 
f 116/4556/3224 863/4553/3224 300/4555/3224 
f 909/1630/342 350/557/342 301/474/342 
f 1929/4219/2961 1981/4412/2961 1954/4534/2961 
f 116/140/3225 119/142/3225 863/1562/3225 
f 300/4557/3226 890/1804/3226 298/4552/3226 
f 301/474/3227 298/469/3228 995/4558/3228 
f 909/1630/3229 301/474/3229 995/4558/3229 
f 1980/4559/3230 1994/4560/3230 1981/4561/3230 
f 1980/4559/3231 1995/4562/3231 1996/4563/3231 
f 1979/4564/3232 1997/4565/3232 1994/4560/3232 
f 1994/4560/3233 1980/4559/3233 1979/4564/3233 
f 1980/4559/3234 1996/4563/3234 1979/4564/3234 
f 1995/4566/3235 1980/4411/3235 1998/4567/3235 
f 1980/4411/3235 1929/4219/3235 1998/4567/3235 
f 1995/4568/3236 1974/4390/3236 1996/4569/3236 
f 1973/4406/3237 1979/4407/3237 1974/4570/3237 
f 1974/4570/3238 1979/4407/3238 1996/4571/3238 
f 1979/4407/3239 1970/4381/3239 1984/4572/3239 
f 1997/4573/3240 1979/4407/3240 1984/4572/3240 
f 1971/4382/3241 1970/4381/3241 1979/4407/3241 
f 1995/4568/3242 1998/4574/3242 1974/4390/3242 
f 1929/4391/3243 1974/4390/3243 1998/4574/3243 
f 1942/4436/3244 1994/4575/3244 1997/4573/3244 
f 1984/4572/3245 1937/4234/3245 1942/4436/3245 
f 1984/4572/3246 1942/4436/3246 1997/4573/3246 
f 1942/4436/3247 1999/4576/3247 2000/4577/3247 
f 2000/4577/3248 1994/4575/3248 1942/4436/3248 
f 1942/4242/3249 1954/4302/3249 1999/4578/3249 
f 2001/4579/3249 1999/4578/3249 1954/4302/3249 
f 2001/4580/3250 1981/4412/3250 2002/4581/3250 
f 1981/4412/3251 2001/4580/3251 1954/4534/3251 
f 2002/4582/3252 2000/4583/3252 1999/4578/3252 
f 2002/4582/3253 1999/4578/3253 2001/4579/3253 
f 1981/4561/3254 1994/4560/3254 2000/4584/3254 
f 2002/4585/3255 1981/4561/3255 2000/4584/3255 
f 435/697/89 1862/4048/89 420/673/89 
f 19/19/89 102/116/89 1860/4045/89 
f 1861/4586/89 1860/4045/89 102/116/89 
f 1861/4586/89 102/116/89 1881/4047/89 
f 420/673/89 1881/4047/89 102/116/89 
f 17/17/3256 19/19/3256 112/132/3256 
f 111/131/3257 17/17/3257 112/132/3257 
f 115/135/3258 10/4587/3258 111/131/3258 
f 2/4588/3259 17/17/3259 111/131/3259 
f 10/4587/3260 2/4588/3260 111/131/3260 
f 149/208/3261 156/205/3261 11/21/3261 
f 11/21/3262 155/204/3262 20/22/3262 
f 156/205/3263 155/204/3263 11/21/3263 
f 10/10/3264 115/195/3264 149/194/3264 
f 103/126/3265 17/17/3265 2/4588/3265 
f 10/10/3266 149/194/3266 11/11/3266 
f 20/22/3267 1/24/3267 3/20/3267 
# 4268 faces

