# 3ds Max Wavefront OBJ Exporter v0.99 - (c)2007 guruware
# File Created: 07.01.2025 12:58:27

#
# object TorsoBoss
#

v  -0.0100 -0.0459 -0.0964
v  -0.0352 -0.0468 -0.0836
v  -0.0579 -0.0476 -0.2149
v  0.0000 -0.0455 -0.1495
v  0.0000 -0.0455 -0.1417
v  0.0000 -0.0455 -0.0980
v  0.0000 -0.0455 -0.1080
v  0.0000 0.0757 -0.1522
v  -0.0403 0.0850 -0.1906
v  0.0000 0.0781 -0.1514
v  -0.0100 0.1288 -0.0964
v  0.0000 0.0266 -0.0980
v  0.0000 0.1288 -0.0980
v  0.0000 -0.0456 0.0768
v  0.0000 -0.0456 0.1053
v  -0.0100 -0.0460 0.0752
v  -0.1497 0.0720 0.1131
v  -0.1538 0.0863 -0.1701
v  -0.1497 0.0722 -0.2104
v  -0.1566 0.0960 -0.1876
v  -0.1538 0.0952 -0.1881
v  0.0000 -0.0266 -0.1510
v  -0.0602 0.0421 -0.2247
v  0.0000 0.0660 -0.1553
v  0.0000 -0.0435 -0.1497
v  -0.1963 -0.0516 0.1341
v  -0.1963 -0.0514 -0.2376
v  -0.1619 0.0321 -0.2486
v  -0.1552 0.0911 -0.1631
v  -0.1538 0.0706 -0.1386
v  -0.1607 0.1104 -0.1349
v  -0.2346 0.0932 -0.1256
v  -0.2346 0.1975 -0.3351
v  -0.1619 0.0320 0.1426
v  -0.0724 -0.0481 -0.0106
v  -0.0679 -0.0480 -0.0385
v  -0.0579 -0.0477 -0.0583
v  -0.0551 -0.0476 -0.0636
v  -0.0551 0.1288 -0.0636
v  -0.0352 0.1288 -0.0836
v  -0.1622 0.1156 -0.1272
v  -0.1538 0.0862 0.0639
v  -0.1538 0.0705 0.0349
v  -0.1634 0.1157 -0.1131
v  -0.1634 0.1155 0.0382
v  -0.1584 0.1021 0.0910
v  -0.2346 0.6368 0.4673
v  -0.2987 0.6034 0.4060
v  -0.2987 0.4117 0.4905
v  -0.2346 0.4113 0.5667
v  -0.1538 0.4110 0.6024
v  -0.1538 0.6525 0.4959
v  -0.0579 -0.0478 0.1369
v  -0.0579 -0.0477 0.0372
v  -0.0679 -0.0480 0.0173
v  -0.0551 -0.0476 0.0425
v  -0.0369 -0.0470 0.0607
v  -0.0352 -0.0469 0.0624
v  -0.0602 0.0419 0.1455
v  0.0000 -0.0455 0.1450
v  0.0000 0.0467 0.1522
v  0.0000 0.0663 0.1542
v  0.0000 0.0622 0.1538
v  -0.1538 0.1013 0.0919
v  -0.0403 0.0849 0.1155
v  0.0000 0.0676 0.1534
v  -0.1634 0.6229 0.4402
v  -0.1634 0.4125 0.5329
v  -0.0551 0.1288 0.0425
v  -0.0352 0.1288 0.0624
v  -0.0838 0.4125 0.5329
v  -0.1538 0.2857 0.4681
v  -0.1634 0.3032 0.4159
v  -0.0945 0.6215 0.4662
v  -0.0188 0.4126 0.5077
v  -0.2346 0.2957 0.4409
v  0.0000 0.3245 0.3581
v  -0.0188 0.3103 0.3966
v  0.0000 0.3219 0.3523
v  -0.3787 0.4148 0.2857
v  -0.3787 0.3716 0.2286
v  -0.3344 0.3635 0.2529
v  -0.3344 0.4137 0.3193
v  -0.2898 0.3307 0.3415
v  -0.2987 0.2386 0.2096
v  -0.2898 0.2621 0.1906
v  -0.2346 0.2032 0.2371
v  -0.2987 0.3173 0.3828
v  -0.3787 0.5141 -0.0993
v  -0.3787 0.4405 -0.0784
v  -0.3787 0.4656 -0.0656
v  -0.3787 0.4856 -0.0456
v  -0.3787 0.5530 0.0521
v  -0.3787 0.5438 -0.0193
v  -0.3787 0.5028 0.0075
v  -0.3787 0.4984 -0.0204
v  -0.3787 0.4984 0.0354
v  -0.3787 0.4856 0.0605
v  -0.3787 0.5438 0.1429
v  -0.3787 0.4656 0.0805
v  -0.3787 0.5141 0.2419
v  -0.3787 0.4405 0.0933
v  -0.1366 0.4169 -0.3925
v  -0.1366 0.5984 -0.3267
v  -0.0796 0.5984 -0.3267
v  -0.6014 0.4856 -0.0456
v  -0.6014 0.4656 -0.0656
v  -0.6014 0.4984 -0.0204
v  -0.6014 0.5028 0.0075
v  -0.3344 0.5637 -0.0351
v  -0.3344 0.5292 -0.1281
v  -0.6014 0.4984 0.0354
v  -0.6014 0.4405 -0.0784
v  -0.6014 0.4856 0.0605
v  -0.3344 0.5744 0.0479
v  0.0000 0.5846 0.4184
v  -0.0168 0.6082 0.4419
v  0.0000 0.5811 0.4188
v  -0.6014 0.4656 0.0805
v  0.0000 0.5485 0.3951
v  0.0000 0.5415 0.3931
v  -0.0145 0.5219 0.3850
v  -0.0796 0.4169 -0.3925
v  -0.0331 0.4187 -0.3759
v  -0.0281 0.4296 -0.4062
v  0.0000 0.5212 0.3873
v  0.0000 0.5342 0.3420
v  -0.0731 0.3922 -0.4379
v  -0.0745 0.4279 -0.4228
v  -0.0397 0.5254 0.3727
v  -0.0154 0.6897 0.4328
v  -0.1315 0.4279 -0.4228
v  -0.3787 0.4126 -0.0828
v  -0.6014 0.4405 0.0933
v  -0.6014 0.4126 0.0977
v  0.0000 0.4129 0.4572
v  0.0000 0.4196 0.4552
v  0.0000 0.3714 0.4090
v  0.0000 0.3278 0.3617
v  -0.2898 0.4130 0.4355
v  -0.0838 0.3032 0.4159
v  -0.0838 0.2168 0.2257
v  -0.0188 0.2286 0.2166
v  -0.1634 0.2168 0.2257
v  -0.2898 0.5802 0.3618
v  -0.1538 0.1866 0.2500
v  0.0000 0.5698 0.2179
v  -0.0145 0.5691 0.2201
v  0.0000 0.5568 0.2631
v  -0.3344 0.5637 0.1533
v  -0.3344 0.5292 0.2684
v  0.0000 0.6170 -0.1543
v  -0.0188 0.6715 -0.1039
v  0.0000 0.6426 -0.0854
v  0.0000 0.6432 -0.0809
v  0.0000 0.6293 0.4482
v  0.0000 0.6036 0.4311
v  -0.0791 0.6409 0.4721
v  0.0000 0.6459 0.4563
v  0.0000 0.6747 0.4649
v  0.0000 0.6890 0.4354
v  -0.0145 0.6896 0.4332
v  0.0000 0.6849 0.4488
v  0.0000 0.6538 0.1828
v  -0.0052 0.6619 0.1855
v  0.0000 0.6637 0.1875
v  0.0000 0.6547 0.1494
v  0.0000 0.6590 0.0416
v  -0.0188 0.6899 0.0393
v  0.0000 0.6588 0.0472
v  0.0000 0.6511 -0.0199
v  -0.1538 0.6425 -0.3366
v  -0.1538 0.6525 -0.3330
v  -0.1542 0.6418 -0.3346
v  -0.1528 0.6459 -0.3459
v  -0.0731 0.6459 -0.3459
v  -0.1315 0.6094 -0.3570
v  -0.0081 0.3947 -0.4147
v  -0.0281 0.6014 -0.3439
v  -0.0081 0.6347 -0.3275
v  -0.1528 0.3922 -0.4379
v  -0.1544 0.6044 -0.3502
v  -0.1544 0.3888 -0.4284
v  -0.2346 0.3650 -0.4058
v  -0.0188 0.6118 -0.2643
v  -0.0188 0.3717 -0.3513
v  -0.0838 0.6229 -0.2826
v  -0.0331 0.5904 -0.3136
v  -0.0745 0.6094 -0.3570
v  -0.1634 0.6229 -0.2826
v  0.0000 0.5079 0.4279
v  0.0000 0.5887 0.4211
v  0.0000 0.6116 0.4132
v  0.0000 0.6635 0.4281
v  -0.0769 0.7141 0.3509
v  -0.0792 0.6747 0.4822
v  -0.0725 0.7061 0.3776
v  -0.1544 0.6424 -0.3364
v  0.0000 0.5897 -0.2278
v  0.0000 0.5916 -0.2226
v  -0.0838 0.6859 -0.1131
v  -0.1634 0.6859 -0.1131
v  -0.2898 0.3788 -0.2851
v  -0.2898 0.5802 -0.2121
v  -0.2987 0.6034 -0.2521
v  -0.2346 0.6368 -0.3072
v  -0.0597 0.6989 0.4017
v  -0.0397 0.6932 0.4209
v  -0.0597 0.5309 0.3535
v  -0.1538 0.7247 -0.1386
v  -0.2346 0.7043 -0.1256
v  -0.0838 0.7055 0.0382
v  -0.1538 0.7471 0.0349
v  -0.1634 0.7055 0.0382
v  -0.2898 0.6302 -0.0775
v  -0.2898 0.6457 0.0426
v  -0.1538 0.7247 0.2554
v  -0.0792 0.7500 0.2313
v  -0.1634 0.6859 0.2305
v  -0.0945 0.6969 0.2154
v  -0.0725 0.5378 0.3294
v  -0.2346 0.7043 0.2425
v  -0.2987 0.6608 -0.0978
v  -0.2346 0.7252 0.0365
v  -0.0168 0.6795 0.2044
v  -0.2898 0.6302 0.1953
v  -0.2987 0.6785 0.0400
v  -0.2987 0.6608 0.2150
v  -0.0055 0.3410 -0.4242
v  -0.0055 0.1930 -0.3618
v  -0.0243 0.2117 -0.3740
v  0.0000 0.4866 -0.2652
v  0.0000 0.3843 -0.3023
v  0.0000 0.3766 -0.3051
v  -0.0129 0.6735 0.2008
v  -0.0106 0.6774 0.2021
v  -0.0138 0.6752 0.1900
v  0.0000 0.6720 0.1914
v  0.0000 0.6965 0.2029
v  0.0000 0.7397 0.2666
v  0.0000 0.7455 0.2472
v  -0.0140 0.7390 0.2687
v  0.0000 0.6528 0.2417
v  0.0000 0.3089 -0.2765
v  0.0000 0.2453 -0.2497
v  -0.0188 0.2238 -0.2889
v  -0.0145 0.7390 0.2688
v  -0.0397 0.7352 0.2810
v  -0.0725 0.7222 0.3242
v  -0.0597 0.7294 0.3002
v  -0.0539 0.7311 0.2946
v  0.0000 0.1288 -0.0173
v  -0.0679 0.1288 0.0173
v  0.0000 0.1288 -0.0321
v  0.0000 0.1288 -0.0048
v  0.0000 0.1631 -0.1231
v  0.0000 0.0996 -0.1445
v  -0.0188 0.1317 -0.1535
v  0.0000 0.1660 -0.1275
v  0.0000 0.1288 0.0066
v  0.0000 0.1288 -0.0506
v  0.0000 0.1288 0.0173
v  0.0000 0.1288 -0.0762
v  -0.0725 0.5532 0.2757
v  -0.0597 0.5601 0.2516
v  -0.0791 0.7163 0.2212
v  0.0000 0.7466 0.2254
v  0.0000 0.7179 0.2168
v  -0.3787 0.3944 -0.1427
v  0.0000 0.2489 0.1941
v  0.0000 0.2520 0.1984
v  0.0000 0.2871 0.2756
v  -0.3787 0.3396 -0.0456
v  -0.3787 0.2747 -0.0193
v  -0.3787 0.3268 -0.0204
v  -0.3787 0.3595 -0.0656
v  -0.3787 0.3206 -0.1115
v  -0.3787 0.3847 -0.0784
v  -0.3787 0.3223 0.0075
v  -0.3787 0.3268 0.0354
v  -0.3787 0.2746 0.0521
v  -0.3787 0.3396 0.0605
v  -0.3787 0.3847 0.0933
v  -0.3787 0.3595 0.0805
v  -0.3787 0.3308 0.1388
v  -0.0769 0.5455 0.3026
v  -0.0397 0.5656 0.2324
v  0.0000 0.1166 0.1220
v  0.0000 0.1187 0.1208
v  0.0000 0.1606 0.0972
v  0.0000 0.1155 0.1233
v  -0.3787 0.4126 0.0977
v  0.0000 0.1288 0.0768
v  0.0000 0.0560 0.0768
v  -0.0100 0.1288 0.0752
v  0.0000 0.2076 0.1372
v  -0.0188 0.1316 0.0830
v  0.0000 0.1651 0.0886
v  0.0000 0.1635 0.0868
v  0.0000 0.1288 0.0701
v  -0.0838 0.3693 -0.3746
v  -0.1634 0.3693 -0.3746
v  -0.1538 0.3889 -0.4286
v  -0.0705 0.3386 -0.4475
v  -0.1502 0.3386 -0.4475
v  -0.0718 0.3181 -0.4367
v  -0.1301 0.3181 -0.4367
v  -0.0243 0.3199 -0.4197
v  -0.0297 0.3325 -0.3899
v  -0.0772 0.3307 -0.4069
v  -0.0772 0.2164 -0.3587
v  -0.1355 0.3307 -0.4069
v  -0.1301 0.2039 -0.3885
v  -0.1538 0.3615 -0.4385
v  -0.1538 0.1822 -0.3629
v  0.0000 0.3719 -0.3031
v  -0.3344 0.3900 -0.1785
v  -0.2898 0.2546 -0.2328
v  -0.2987 0.3724 -0.3360
v  -0.0705 0.1822 -0.3815
v  -0.0718 0.2039 -0.3885
v  -0.0297 0.2243 -0.3443
v  -0.1355 0.2164 -0.3587
v  -0.1502 0.1822 -0.3815
v  -0.0838 0.2130 -0.3086
v  -0.1586 0.1147 -0.1695
v  0.0000 0.2053 -0.1852
v  -0.1561 0.1046 -0.1792
v  -0.1634 0.2130 -0.3086
v  -0.1590 0.1197 -0.1746
v  -0.1590 0.1181 -0.1715
v  -0.1589 0.1160 -0.1684
v  -0.2987 0.2300 -0.2759
v  -0.2987 0.1414 -0.0978
v  -0.3344 0.3043 -0.1423
v  -0.3344 0.2509 -0.0351
v  -0.6014 0.3595 -0.0656
v  -0.3344 0.3162 0.1486
v  -0.6014 0.3396 0.0605
v  -0.6014 0.3268 0.0354
v  -0.6014 0.3847 -0.0784
v  -0.6014 0.4126 -0.0828
v  -0.6014 0.3396 -0.0456
v  -0.6014 0.3268 -0.0204
v  -0.6014 0.3223 0.0075
v  -0.6014 0.3595 0.0805
v  -0.6014 0.3847 0.0933
v  -0.0679 0.1288 -0.0385
v  -0.0724 0.1288 -0.0106
v  -0.1622 0.1155 0.0480
v  -0.2898 0.1774 -0.0775
v  -0.2346 0.0930 0.0365
v  0.0000 0.1631 0.0883
v  0.0000 0.1109 0.1289
v  -0.1583 0.1160 0.0811
v  -0.1585 0.1203 0.0880
v  -0.1597 0.1432 0.1206
v  -0.1624 0.1155 0.0463
v  -0.3344 0.2508 0.0479
v  -0.2898 0.1772 0.0426
v  -0.2987 0.1413 0.0400
v  0.0000 0.5404 0.3202
v  0.0000 0.5428 0.3119
v  0.0000 0.5467 0.2984
v  0.0000 0.5455 0.3026
v  0.0000 0.5443 0.3067
v  0.0000 0.5505 0.2849
v  0.0000 0.5482 0.2932
v  0.0000 0.6797 0.4664
v  0.0000 0.6555 0.1219
v  0.0000 0.6950 0.2081
v  0.0000 0.7006 0.2107
v  0.0000 0.7516 0.2269
v  0.0000 0.1288 0.0337
v  0.0000 0.1288 0.0510
v  0.0352 -0.0468 -0.0836
v  0.0100 -0.0459 -0.0964
v  0.0579 -0.0476 -0.2149
v  0.0403 0.0850 -0.1906
v  0.0100 0.1288 -0.0964
v  0.0100 -0.0460 0.0752
v  0.1538 0.0863 -0.1701
v  0.1497 0.0720 0.1131
v  0.1497 0.0722 -0.2104
v  0.1538 0.0952 -0.1881
v  0.1566 0.0960 -0.1876
v  0.0602 0.0421 -0.2247
v  0.1963 -0.0514 -0.2376
v  0.1963 -0.0516 0.1341
v  0.1619 0.0321 -0.2486
v  0.1552 0.0911 -0.1631
v  0.1538 0.0706 -0.1386
v  0.1607 0.1104 -0.1349
v  0.2346 0.0932 -0.1256
v  0.2346 0.1975 -0.3351
v  0.1619 0.0320 0.1426
v  0.0724 -0.0481 -0.0106
v  0.0679 -0.0480 -0.0385
v  0.0579 -0.0477 -0.0583
v  0.0551 -0.0476 -0.0636
v  0.0551 0.1288 -0.0636
v  0.0352 0.1288 -0.0836
v  0.1622 0.1156 -0.1272
v  0.1538 0.0862 0.0639
v  0.1634 0.1157 -0.1131
v  0.1538 0.0705 0.0349
v  0.1634 0.1155 0.0382
v  0.1584 0.1021 0.0910
v  0.2987 0.6034 0.4060
v  0.2346 0.6368 0.4673
v  0.2987 0.4117 0.4905
v  0.1538 0.4110 0.6024
v  0.2346 0.4113 0.5667
v  0.1538 0.6525 0.4959
v  0.0579 -0.0478 0.1369
v  0.0579 -0.0477 0.0372
v  0.0679 -0.0480 0.0173
v  0.0551 -0.0476 0.0425
v  0.0369 -0.0470 0.0607
v  0.0352 -0.0469 0.0624
v  0.0602 0.0419 0.1455
v  0.1538 0.1013 0.0919
v  0.0403 0.0849 0.1155
v  0.1634 0.6229 0.4402
v  0.1634 0.4125 0.5329
v  0.0352 0.1288 0.0624
v  0.0551 0.1288 0.0425
v  0.0838 0.4125 0.5329
v  0.1538 0.2857 0.4681
v  0.1634 0.3032 0.4159
v  0.0945 0.6215 0.4662
v  0.0188 0.4126 0.5077
v  0.2346 0.2957 0.4409
v  0.0188 0.3103 0.3966
v  0.3787 0.3716 0.2286
v  0.3787 0.4148 0.2857
v  0.3344 0.3635 0.2529
v  0.3344 0.4137 0.3193
v  0.2898 0.3307 0.3415
v  0.2987 0.2386 0.2096
v  0.2898 0.2621 0.1906
v  0.2987 0.3173 0.3828
v  0.2346 0.2032 0.2371
v  0.3787 0.4405 -0.0784
v  0.3787 0.5141 -0.0993
v  0.3787 0.4656 -0.0656
v  0.3787 0.4856 -0.0456
v  0.3787 0.5438 -0.0193
v  0.3787 0.5530 0.0521
v  0.3787 0.5028 0.0075
v  0.3787 0.4984 -0.0204
v  0.3787 0.4984 0.0354
v  0.3787 0.4856 0.0605
v  0.3787 0.5438 0.1429
v  0.3787 0.4656 0.0805
v  0.3787 0.5141 0.2419
v  0.3787 0.4405 0.0933
v  0.1366 0.5984 -0.3267
v  0.1366 0.4169 -0.3925
v  0.0796 0.5984 -0.3267
v  0.6014 0.4656 -0.0656
v  0.6014 0.4856 -0.0456
v  0.6014 0.4984 -0.0204
v  0.6014 0.5028 0.0075
v  0.3344 0.5637 -0.0351
v  0.3344 0.5292 -0.1281
v  0.6014 0.4984 0.0354
v  0.6014 0.4405 -0.0784
v  0.6014 0.4856 0.0605
v  0.3344 0.5744 0.0479
v  0.0168 0.6082 0.4419
v  0.6014 0.4656 0.0805
v  0.0145 0.5219 0.3850
v  0.0331 0.4187 -0.3759
v  0.0796 0.4169 -0.3925
v  0.0281 0.4296 -0.4062
v  0.0731 0.3922 -0.4379
v  0.0745 0.4279 -0.4228
v  0.0154 0.6897 0.4328
v  0.0397 0.5254 0.3727
v  0.1315 0.4279 -0.4228
v  0.3787 0.4126 -0.0828
v  0.6014 0.4405 0.0933
v  0.6014 0.4126 0.0977
v  0.2898 0.4130 0.4355
v  0.0838 0.3032 0.4159
v  0.0838 0.2168 0.2257
v  0.0188 0.2286 0.2166
v  0.1634 0.2168 0.2257
v  0.2898 0.5802 0.3618
v  0.1538 0.1866 0.2500
v  0.0145 0.5691 0.2201
v  0.3344 0.5637 0.1533
v  0.3344 0.5292 0.2684
v  0.0188 0.6715 -0.1039
v  0.0791 0.6409 0.4721
v  0.0145 0.6896 0.4332
v  0.0052 0.6619 0.1855
v  0.0188 0.6899 0.0393
v  0.1538 0.6525 -0.3330
v  0.1538 0.6425 -0.3366
v  0.1542 0.6418 -0.3346
v  0.1528 0.6459 -0.3459
v  0.0731 0.6459 -0.3459
v  0.1315 0.6094 -0.3570
v  0.0081 0.3947 -0.4147
v  0.0281 0.6014 -0.3439
v  0.0081 0.6347 -0.3275
v  0.1528 0.3922 -0.4379
v  0.1544 0.6044 -0.3502
v  0.1544 0.3888 -0.4284
v  0.2346 0.3650 -0.4058
v  0.0188 0.3717 -0.3513
v  0.0188 0.6118 -0.2643
v  0.0838 0.6229 -0.2826
v  0.0331 0.5904 -0.3136
v  0.0745 0.6094 -0.3570
v  0.1634 0.6229 -0.2826
v  0.0792 0.6747 0.4822
v  0.0769 0.7141 0.3509
v  0.0725 0.7061 0.3776
v  0.1544 0.6424 -0.3364
v  0.0838 0.6859 -0.1131
v  0.1634 0.6859 -0.1131
v  0.2898 0.5802 -0.2121
v  0.2898 0.3788 -0.2851
v  0.2987 0.6034 -0.2521
v  0.2346 0.6368 -0.3072
v  0.0397 0.6932 0.4209
v  0.0597 0.6989 0.4017
v  0.0597 0.5309 0.3535
v  0.1538 0.7247 -0.1386
v  0.2346 0.7043 -0.1256
v  0.0838 0.7055 0.0382
v  0.1538 0.7471 0.0349
v  0.1634 0.7055 0.0382
v  0.2898 0.6302 -0.0775
v  0.2898 0.6457 0.0426
v  0.1538 0.7247 0.2554
v  0.0792 0.7500 0.2313
v  0.1634 0.6859 0.2305
v  0.0945 0.6969 0.2154
v  0.0725 0.5378 0.3294
v  0.2346 0.7043 0.2425
v  0.2987 0.6608 -0.0978
v  0.2346 0.7252 0.0365
v  0.0168 0.6795 0.2044
v  0.2898 0.6302 0.1953
v  0.2987 0.6785 0.0400
v  0.2987 0.6608 0.2150
v  0.0055 0.1930 -0.3618
v  0.0055 0.3410 -0.4242
v  0.0243 0.2117 -0.3740
v  0.0106 0.6774 0.2021
v  0.0129 0.6735 0.2008
v  0.0138 0.6752 0.1900
v  0.0140 0.7390 0.2687
v  0.0188 0.2238 -0.2889
v  0.0145 0.7390 0.2688
v  0.0397 0.7352 0.2810
v  0.0725 0.7222 0.3242
v  0.0597 0.7294 0.3002
v  0.0539 0.7311 0.2946
v  0.0679 0.1288 0.0173
v  0.0188 0.1317 -0.1535
v  0.0597 0.5601 0.2516
v  0.0725 0.5532 0.2757
v  0.0791 0.7163 0.2212
v  0.3787 0.3944 -0.1427
v  0.3787 0.2747 -0.0193
v  0.3787 0.3396 -0.0456
v  0.3787 0.3268 -0.0204
v  0.3787 0.3206 -0.1115
v  0.3787 0.3595 -0.0656
v  0.3787 0.3847 -0.0784
v  0.3787 0.3223 0.0075
v  0.3787 0.3268 0.0354
v  0.3787 0.2746 0.0521
v  0.3787 0.3396 0.0605
v  0.3787 0.3595 0.0805
v  0.3787 0.3847 0.0933
v  0.3787 0.3308 0.1388
v  0.0769 0.5455 0.3026
v  0.0397 0.5656 0.2324
v  0.3787 0.4126 0.0977
v  0.0100 0.1288 0.0752
v  0.0188 0.1316 0.0830
v  0.0838 0.3693 -0.3746
v  0.1538 0.3889 -0.4286
v  0.1634 0.3693 -0.3746
v  0.1502 0.3386 -0.4475
v  0.0705 0.3386 -0.4475
v  0.1301 0.3181 -0.4367
v  0.0718 0.3181 -0.4367
v  0.0243 0.3199 -0.4197
v  0.0772 0.3307 -0.4069
v  0.0297 0.3325 -0.3899
v  0.0772 0.2164 -0.3587
v  0.1355 0.3307 -0.4069
v  0.1301 0.2039 -0.3885
v  0.1538 0.3615 -0.4385
v  0.1538 0.1822 -0.3629
v  0.3344 0.3900 -0.1785
v  0.2898 0.2546 -0.2328
v  0.2987 0.3724 -0.3360
v  0.0705 0.1822 -0.3815
v  0.0718 0.2039 -0.3885
v  0.0297 0.2243 -0.3443
v  0.1355 0.2164 -0.3587
v  0.1502 0.1822 -0.3815
v  0.0838 0.2130 -0.3086
v  0.1586 0.1147 -0.1695
v  0.1561 0.1046 -0.1792
v  0.1634 0.2130 -0.3086
v  0.1590 0.1181 -0.1715
v  0.1590 0.1197 -0.1746
v  0.1589 0.1160 -0.1684
v  0.2987 0.2300 -0.2759
v  0.2987 0.1414 -0.0978
v  0.3344 0.3043 -0.1423
v  0.3344 0.2509 -0.0351
v  0.6014 0.3595 -0.0656
v  0.3344 0.3162 0.1486
v  0.6014 0.3396 0.0605
v  0.6014 0.3268 0.0354
v  0.6014 0.3847 -0.0784
v  0.6014 0.4126 -0.0828
v  0.6014 0.3396 -0.0456
v  0.6014 0.3268 -0.0204
v  0.6014 0.3223 0.0075
v  0.6014 0.3595 0.0805
v  0.6014 0.3847 0.0933
v  0.0724 0.1288 -0.0106
v  0.0679 0.1288 -0.0385
v  0.1622 0.1155 0.0480
v  0.2898 0.1774 -0.0775
v  0.2346 0.0930 0.0365
v  0.1583 0.1160 0.0811
v  0.1585 0.1203 0.0880
v  0.1597 0.1432 0.1206
v  0.1624 0.1155 0.0463
v  0.3344 0.2508 0.0479
v  0.2898 0.1772 0.0426
v  0.2987 0.1413 0.0400
# 644 vertices

vn 0.0373 -0.9993 -0.0006
vn 0.0379 -0.9993 -0.0011
vn 0.0376 -0.9993 -0.0004
vn 0.6989 0.2193 -0.6808
vn 0.1579 -0.0000 0.9875
vn 0.0374 -0.9993 -0.0007
vn -0.9612 -0.2758 -0.0001
vn 0.0479 0.6971 -0.7153
vn 0.7605 -0.0299 -0.6487
vn 0.7487 -0.0520 -0.6609
vn 0.0278 -0.9996 -0.0006
vn 0.2367 -0.0999 -0.9664
vn 0.1641 -0.1949 -0.9670
vn 0.1072 0.6699 -0.7347
vn 0.0735 0.5993 -0.7972
vn 0.0472 0.6971 -0.7154
vn -0.9613 -0.2756 -0.0001
vn 0.9832 0.1633 0.0813
vn 0.9832 0.1634 0.0814
vn -0.3066 -0.8521 -0.4241
vn -0.3063 -0.8522 -0.4242
vn -0.9571 0.2898 0.0001
vn 0.0277 -0.9996 -0.0006
vn 0.0371 -0.9993 -0.0006
vn 0.8913 0.0000 0.4535
vn 0.7071 0.0000 0.7071
vn -0.9612 -0.2757 -0.0001
vn -0.9612 -0.2759 -0.0001
vn 0.9780 0.2085 0.0002
vn 0.9781 0.2083 0.0001
vn -0.9611 -0.2760 -0.0002
vn -0.9571 0.2897 0.0001
vn -0.7351 0.2735 0.6204
vn -0.3736 0.3742 0.8487
vn -0.9246 0.3810 0.0002
vn -0.9247 0.3808 0.0002
vn 0.0276 -0.9996 -0.0007
vn 0.0386 -0.9993 -0.0006
vn 0.0371 -0.9993 -0.0007
vn 0.0374 -0.9993 -0.0006
vn -0.0193 -0.0960 0.9952
vn -0.0178 -0.0941 0.9954
vn -0.1358 -0.0772 0.9877
vn -0.1032 -0.0971 0.9899
vn -0.0736 0.5772 0.8133
vn -0.0889 0.6075 0.7893
vn -0.3084 0.4666 0.8289
vn -0.0810 0.5948 0.7998
vn 0.9886 -0.0608 -0.1380
vn 0.7071 -0.0000 -0.7071
vn 0.7071 0.0000 -0.7071
vn 0.8913 0.0000 -0.4535
vn 0.0000 0.4034 0.9150
vn 0.9809 0.1422 -0.1328
vn 0.3452 0.3014 0.8888
vn 0.0000 -0.7310 0.6823
vn 1.0000 0.0000 -0.0000
vn -0.3732 0.3742 0.8489
vn -0.3041 -0.7018 0.6442
vn -0.7350 0.2735 0.6205
vn 0.9809 0.1422 -0.1327
vn -0.2902 -0.6996 0.6529
vn 0.8382 -0.4966 0.2254
vn -0.4299 -0.7202 0.5446
vn -0.4302 -0.7202 0.5442
vn -0.8724 -0.3900 0.2947
vn -0.9565 0.2656 -0.1207
vn -0.5624 -0.7528 0.3419
vn -1.0000 0.0000 -0.0000
vn 0.0000 0.3409 -0.9401
vn 0.0000 0.7071 -0.7071
vn -0.4781 0.8232 -0.3061
vn 0.0000 0.9874 -0.1580
vn 0.0000 0.8912 -0.4536
vn -0.4782 0.8232 -0.3061
vn 0.0000 0.9874 0.1580
vn 0.0000 0.4536 -0.8912
vn -0.4251 0.9005 0.0912
vn 0.0000 0.8912 0.4536
vn 0.8419 0.0662 0.5356
vn 0.0000 0.7072 0.7071
vn 0.1574 0.2722 -0.9493
vn -0.1476 0.9377 0.3145
vn 0.3068 0.3245 -0.8948
vn -0.0002 0.9614 0.2752
vn 0.2987 0.3811 -0.8749
vn 0.4535 0.2458 -0.8567
vn 0.0000 0.9406 0.3396
vn 0.0000 0.1579 -0.9874
vn 0.0000 0.1564 0.9877
vn 0.0000 0.4536 0.8912
vn 0.9315 0.1074 0.3475
vn 0.8698 -0.3740 0.3218
vn 0.8893 -0.3364 0.3097
vn -0.9844 -0.0711 -0.1612
vn -0.8655 -0.3768 0.3302
vn -0.9566 0.2654 -0.1205
vn -0.9725 0.1751 -0.1534
vn -0.6475 -0.5732 0.5022
vn 0.2172 -0.8887 0.4038
vn 0.2182 -0.8886 0.4034
vn 0.0000 -0.9104 0.4137
vn 0.2720 -0.7035 0.6566
vn 0.2563 -0.7110 0.6548
vn -0.6286 -0.5729 0.5259
vn 0.9688 0.2258 -0.1025
vn -0.2448 -0.8828 0.4010
vn 0.9687 0.2259 -0.1026
vn -0.2451 -0.8828 0.4009
vn -0.5625 -0.7528 0.3418
vn -0.0001 0.9612 0.2758
vn -0.4451 0.8576 0.2577
vn -0.5645 0.3331 0.7552
vn -0.5644 0.3331 0.7553
vn -0.9217 0.1564 0.3549
vn 0.8720 0.4588 -0.1707
vn 0.8550 0.5144 -0.0663
vn 0.3572 -0.5187 0.7768
vn 0.2049 -0.2806 0.9377
vn -0.0028 0.9578 0.2875
vn 0.1882 0.4179 -0.8888
vn 0.8436 0.5368 0.0156
vn 0.8537 0.5202 0.0222
vn 0.8550 0.5144 -0.0662
vn 0.9865 -0.0559 0.1542
vn 0.0000 0.9403 0.3405
vn 0.9878 -0.0532 0.1467
vn 0.9877 -0.0532 0.1468
vn 0.1948 0.3344 -0.9221
vn 0.1970 0.3344 -0.9216
vn 0.0935 0.3394 -0.9360
vn -0.9879 0.0529 -0.1459
vn -0.9879 0.0529 -0.1460
vn -0.3436 0.3202 -0.8829
vn 0.9877 -0.0532 0.1467
vn 0.4532 0.2458 -0.8568
vn 0.0617 0.9351 0.3491
vn -0.9879 0.0528 -0.1456
vn -0.9880 0.0528 -0.1454
vn 0.3039 0.2671 -0.9145
vn 0.3031 0.2663 -0.9150
vn 0.0618 0.9350 0.3493
vn 0.0000 0.2906 -0.9568
vn -0.0614 -0.9355 -0.3480
vn -0.0621 -0.9347 -0.3499
vn -0.0000 0.9402 0.3406
vn 0.0000 -0.9400 -0.3413
vn 0.3076 0.3246 -0.8944
vn 0.0949 0.3395 -0.9358
vn 0.0002 0.9397 0.3421
vn 0.0000 0.9402 0.3406
vn 0.8418 0.0661 0.5356
vn 0.1576 0.2720 -0.9493
vn 0.3576 -0.5180 0.7770
vn 0.3568 -0.5186 0.7770
vn 0.1575 0.2721 -0.9493
vn 0.1560 0.2724 -0.9495
vn -0.0029 0.9577 0.2877
vn 0.9863 -0.0560 0.1549
vn -0.0069 0.9405 0.3398
vn -0.3434 0.3202 -0.8829
vn -0.3441 0.3203 -0.8826
vn -0.3439 0.3203 -0.8827
vn 0.8719 0.4590 -0.1706
vn 0.2500 0.9075 -0.3376
vn 0.2505 0.9074 -0.3374
vn 0.0000 0.9373 -0.3485
vn -0.9814 -0.0655 0.1806
vn -0.3438 0.3202 -0.8828
vn 0.7071 0.1950 -0.6797
vn 0.9782 -0.1946 0.0723
vn -0.9218 0.1565 0.3548
vn 0.9782 -0.1946 0.0724
vn -0.2809 0.8996 -0.3344
vn -0.2808 0.8996 -0.3344
vn 0.2324 0.9646 -0.1244
vn 0.9745 -0.2225 0.0287
vn -0.0031 0.9577 0.2876
vn 0.0000 0.9918 -0.1279
vn -0.0030 0.9578 0.2876
vn 0.2329 0.9645 -0.1242
vn -0.4401 0.8906 -0.1147
vn -0.8479 0.5259 -0.0677
vn -0.8655 0.4695 -0.1746
vn -0.8655 0.4695 -0.1745
vn -0.0027 0.9577 0.2877
vn -0.0039 0.9581 0.2865
vn 0.9773 -0.2028 -0.0609
vn 0.3316 0.2978 0.8952
vn 0.2035 -0.4264 0.8814
vn -0.3361 0.2706 0.9021
vn -1.0000 -0.0025 -0.0007
vn -0.7955 0.5804 0.1744
vn -0.0886 0.9539 0.2867
vn 0.4539 0.2457 -0.8565
vn 0.7072 0.1949 -0.6796
vn 0.8911 0.1251 -0.4362
vn -0.2763 0.9204 0.2765
vn -0.2762 0.9205 0.2765
vn -0.6121 0.7573 0.2275
vn -0.9702 -0.2272 0.0845
vn -0.9702 -0.2271 0.0844
vn -0.5893 0.8013 -0.1034
vn -0.6188 0.7363 -0.2737
vn -0.6189 0.7362 -0.2737
vn 0.9745 -0.2223 0.0287
vn -0.2614 0.9573 -0.1236
vn -0.2616 0.9573 -0.1235
vn 0.0000 0.9988 0.0483
vn 0.9738 -0.2263 -0.0230
vn -0.1348 0.9858 0.1000
vn 0.2313 0.9711 0.0582
vn -0.4400 0.8906 -0.1147
vn -0.8445 0.5328 0.0540
vn -0.8478 0.5259 -0.0677
vn -0.8616 0.4862 0.1461
vn -0.9651 -0.2596 0.0335
vn -0.9652 -0.2594 0.0334
vn -0.9641 -0.2640 -0.0267
vn -0.9641 -0.2642 -0.0268
vn -0.5841 0.8075 0.0819
vn -0.5895 0.8012 -0.1032
vn 0.2074 -0.3801 -0.9014
vn 0.9122 0.1397 -0.3851
vn 0.9122 0.1397 -0.3852
vn -0.8686 0.4745 0.1426
vn 0.1887 0.4171 -0.8891
vn -0.0031 0.9577 0.2878
vn 0.1575 -0.2720 0.9493
vn 0.8437 0.5366 0.0157
vn 0.9213 -0.1510 -0.3582
vn 0.1597 -0.2722 0.9489
vn -0.1880 0.4177 -0.8889
vn -0.0026 0.9577 0.2876
vn -0.0028 0.9577 0.2877
vn -0.0034 0.9577 0.2878
vn 0.0000 -1.0000 -0.0000
vn 0.7066 0.2261 -0.6705
vn 0.9166 -0.3305 -0.2249
vn 0.4536 0.0000 0.8912
vn -0.0033 0.9577 0.2877
vn 0.8911 -0.1251 0.4362
vn -0.0591 0.3297 -0.9422
vn -0.0590 0.2881 -0.9558
vn -0.0030 0.9577 0.2877
vn 0.9738 -0.2264 -0.0230
vn 0.8447 -0.4330 0.3145
vn 0.8381 -0.4967 0.2256
vn -0.2580 0.9612 0.0976
vn 0.9875 -0.0435 0.1518
vn 0.7073 -0.1949 0.6795
vn 0.7071 -0.1950 0.6797
vn 0.4535 -0.2457 0.8567
vn 0.2256 0.9723 0.0607
vn -0.4661 0.4351 0.7703
vn -0.0888 0.9539 0.2866
vn -0.4660 0.4348 0.7706
vn 0.9874 0.0436 -0.1518
vn -0.5783 0.6282 0.5206
vn 0.1564 0.0000 -0.9877
vn 0.7540 -0.4945 0.4323
vn 0.7538 -0.4945 0.4328
vn 0.9878 -0.0532 0.1466
vn 0.1477 -0.9375 -0.3151
vn -0.1478 0.9379 0.3138
vn 0.2981 0.3818 -0.8749
vn 0.0000 -0.9401 -0.3409
vn 0.0000 0.9214 -0.3886
vn -0.0000 -0.9401 -0.3408
vn 0.0000 -0.9402 -0.3406
vn -0.0002 -0.9402 -0.3406
vn 0.0000 0.3890 -0.9212
vn 0.0975 0.9232 -0.3717
vn 0.0000 -0.4667 -0.8844
vn 0.3146 -0.4587 -0.8310
vn 0.7072 -0.1949 0.6796
vn 0.3143 -0.4593 -0.8308
vn 0.4534 -0.2457 0.8567
vn 0.2085 -0.3802 -0.9011
vn -0.0976 -0.9236 0.3708
vn 0.0000 -0.9218 0.3877
vn -0.8616 0.4861 0.1460
vn -0.9689 -0.2368 -0.0711
vn -0.9689 -0.2369 -0.0712
vn 0.0000 -0.3887 -0.9213
vn 0.9863 0.0642 0.1521
vn -0.2582 0.9612 0.0975
vn -0.5840 0.8076 0.0820
vn -0.6122 0.7573 0.2275
vn 0.9863 -0.0562 0.1550
vn -0.3477 0.3196 -0.8814
vn -0.3627 -0.3621 -0.8587
vn 0.1478 -0.9376 -0.3148
vn 0.0981 0.9235 -0.3709
vn 0.9863 0.0642 0.1522
vn 0.9214 -0.1509 -0.3581
vn -0.9074 0.1433 -0.3950
vn -0.9170 -0.1550 -0.3675
vn -0.9814 -0.0655 0.1805
vn -0.3436 0.3202 -0.8828
vn -0.7016 0.2430 -0.6698
vn -0.7018 0.2430 -0.6697
vn -0.7236 -0.2683 -0.6359
vn 0.3202 -0.2710 -0.9078
vn 0.3206 -0.2718 -0.9074
vn -0.9863 -0.0642 -0.1520
vn -0.0340 0.9183 -0.3943
vn -0.0334 0.9191 -0.3927
vn 0.0000 0.9218 -0.3877
vn -0.9863 -0.0642 -0.1522
vn 0.3255 -0.3676 -0.8712
vn 0.3251 -0.3674 -0.8714
vn 0.0986 -0.3867 -0.9169
vn 0.0997 -0.3868 -0.9168
vn 0.0000 -0.3055 -0.9522
vn -0.9863 -0.0640 -0.1517
vn 0.9882 0.0596 0.1412
vn -0.3066 -0.8521 -0.4242
vn 0.0000 -0.9215 0.3884
vn 0.0148 0.6181 -0.7859
vn 0.9009 -0.3687 -0.2289
vn 0.0337 -0.9188 0.3934
vn 0.0472 0.6970 -0.7156
vn 0.0472 0.6972 -0.7153
vn 0.9832 0.1635 0.0814
vn 0.9832 0.1632 0.0815
vn 0.9832 0.1633 0.0812
vn 0.9832 0.1634 0.0810
vn 0.9831 0.1638 0.0817
vn -0.3060 -0.8522 -0.4244
vn 0.2756 -0.8546 -0.4401
vn 0.2751 -0.8545 -0.4407
vn -0.9864 -0.0640 -0.1517
vn 0.9882 0.0595 0.1411
vn 0.0000 -0.8208 -0.5713
vn -0.9840 0.0692 0.1640
vn -0.9840 0.0692 0.1641
vn -0.7237 -0.2683 -0.6358
vn -0.9774 0.1893 0.0942
vn -0.6546 -0.6768 -0.3368
vn -0.3629 -0.3622 -0.8585
vn -0.5876 0.2757 -0.7607
vn -0.5881 0.2758 -0.7603
vn -0.6167 -0.3061 -0.7252
vn -0.9075 0.1433 -0.3950
vn -0.5384 -0.7545 -0.3753
vn -0.5381 -0.7546 -0.3756
vn -0.6166 -0.3061 -0.7253
vn 0.0000 -0.7071 -0.7071
vn -0.3649 -0.8476 0.3853
vn -0.3690 -0.7799 0.5055
vn 0.0000 -0.8912 0.4536
vn -0.3654 -0.8475 0.3849
vn 0.0000 -0.9877 0.1563
vn 0.0000 -0.7071 0.7071
vn 0.0000 -0.1579 -0.9875
vn 0.0000 -0.4536 -0.8912
vn -0.9170 -0.1550 -0.3674
vn 0.0000 -0.8912 -0.4536
vn 0.0000 -0.9877 -0.1563
vn 0.0000 -0.4536 0.8912
vn 0.0000 -0.1563 0.9877
vn 0.0147 0.6184 -0.7857
vn 0.1504 -0.8174 -0.5562
vn 0.1504 -0.8176 -0.5559
vn -0.9612 -0.2760 -0.0001
vn 0.9875 0.0000 0.1579
vn 0.8912 0.0000 0.4536
vn 0.9832 0.1633 0.0814
vn -0.0242 -0.9997 -0.0005
vn -0.8848 -0.4171 -0.2075
vn -0.8849 -0.4171 -0.2075
vn -0.2693 -0.9630 -0.0005
vn -0.2687 -0.9632 -0.0008
vn -0.6547 -0.6768 -0.3368
vn -0.6012 -0.7991 -0.0007
vn -0.8609 0.4906 0.1346
vn -0.3088 0.4680 0.8280
vn 0.4536 0.0000 -0.8912
vn 0.2239 -0.7885 0.5728
vn -0.0878 0.5965 0.7978
vn -0.0753 0.5769 0.8133
vn -0.0752 0.5768 0.8134
vn 0.8912 0.0000 -0.4536
vn 0.9696 0.2154 -0.1159
vn 0.9696 0.2154 -0.1163
vn -0.2483 -0.8524 0.4602
vn -0.2287 -0.8533 0.4686
vn -0.2484 -0.8524 0.4601
vn -0.2481 -0.8524 0.4603
vn 0.0865 -0.8375 0.5395
vn 0.9696 0.2152 -0.1162
vn 0.0000 -0.8192 0.5736
vn 0.0000 -0.8191 0.5736
vn -0.9612 -0.2760 -0.0002
vn 0.9696 0.2153 -0.1162
vn 0.9696 0.2153 -0.1161
vn 0.9694 0.2156 -0.1174
vn -0.0199 -0.9998 -0.0006
vn 0.0288 -0.9996 -0.0009
vn 0.9875 0.0000 -0.1579
vn -0.3699 -0.7794 0.5057
vn -0.4729 -0.8811 -0.0005
vn -0.4724 -0.8814 -0.0010
vn -0.7970 -0.5067 0.3287
vn -0.8306 -0.5070 0.2304
vn -0.8352 -0.4770 0.2737
vn -0.8306 -0.5070 0.2303
vn -0.9706 0.2407 0.0002
vn -0.8551 -0.5184 -0.0006
vn -0.9706 0.2408 0.0003
vn -0.6010 -0.7992 -0.0008
vn -0.9582 0.2482 -0.1425
vn -0.9581 0.2484 -0.1425
vn -0.5301 -0.7354 0.4221
vn -0.5682 -0.7213 0.3961
vn 0.0373 -0.9993 -0.0007
vn 0.1581 0.0000 0.9874
vn 0.6989 0.2182 -0.6811
vn 0.7487 -0.0532 -0.6608
vn -0.1030 -0.0977 0.9899
vn -0.0003 0.9614 0.2752
vn -0.0000 0.9613 0.2754
vn 0.8894 -0.3363 0.3097
vn 0.0000 0.9611 0.2762
vn 0.0000 0.9615 0.2748
vn 0.0004 0.9613 0.2756
vn 0.0004 0.9612 0.2759
vn -0.0000 0.9611 0.2762
vn 0.2029 -0.4272 0.8811
vn 0.2050 -0.2807 0.9376
vn 0.1887 0.4169 -0.8892
vn 0.8428 0.5381 0.0150
vn 0.8437 0.5365 0.0157
vn 0.1561 0.2724 -0.9494
vn 0.9315 0.1075 0.3475
vn 0.8537 0.5203 0.0224
vn -0.8687 0.4743 0.1427
vn -0.1884 0.4170 -0.8892
vn -0.0028 0.9576 0.2880
vn 0.1560 -0.2723 0.9495
vn -0.0031 0.9577 0.2877
vn -0.0585 0.2871 -0.9561
vn -0.0590 0.3299 -0.9422
vn 0.0005 0.9613 0.2756
vn 0.9214 -0.1511 -0.3581
vn 0.6989 0.2187 -0.6809
vn -0.5786 0.6289 0.5194
vn -0.8609 0.4907 0.1342
vn -0.0373 -0.9993 -0.0006
vn -0.0379 -0.9993 -0.0011
vn -0.0376 -0.9993 -0.0004
vn -0.6989 0.2193 -0.6808
vn -0.1579 -0.0000 0.9875
vn -0.0374 -0.9993 -0.0007
vn 0.9612 -0.2758 -0.0001
vn -0.0479 0.6971 -0.7153
vn -0.7605 -0.0299 -0.6487
vn -0.7487 -0.0520 -0.6609
vn -0.0278 -0.9996 -0.0006
vn -0.2367 -0.0999 -0.9664
vn -0.1641 -0.1949 -0.9670
vn -0.1072 0.6699 -0.7347
vn -0.0735 0.5993 -0.7972
vn -0.0472 0.6971 -0.7154
vn 0.9613 -0.2756 -0.0001
vn -0.9832 0.1633 0.0813
vn -0.9832 0.1634 0.0814
vn 0.3066 -0.8521 -0.4241
vn 0.3063 -0.8522 -0.4242
vn 0.9571 0.2898 0.0001
vn -0.0277 -0.9996 -0.0006
vn -0.0371 -0.9993 -0.0006
vn -0.8913 0.0000 0.4535
vn -0.7071 0.0000 0.7071
vn 0.9612 -0.2757 -0.0001
vn 0.9612 -0.2759 -0.0001
vn -0.9780 0.2085 0.0002
vn -0.9781 0.2083 0.0001
vn 0.9611 -0.2760 -0.0002
vn 0.9571 0.2897 0.0001
vn 0.7351 0.2735 0.6204
vn 0.3736 0.3742 0.8487
vn 0.9246 0.3810 0.0002
vn 0.9247 0.3808 0.0002
vn -0.0276 -0.9996 -0.0007
vn -0.0386 -0.9993 -0.0006
vn -0.0371 -0.9993 -0.0007
vn -0.0374 -0.9993 -0.0006
vn 0.0193 -0.0960 0.9952
vn 0.0178 -0.0941 0.9954
vn 0.1358 -0.0772 0.9877
vn 0.1032 -0.0971 0.9899
vn 0.0736 0.5772 0.8133
vn 0.0889 0.6075 0.7893
vn 0.3084 0.4666 0.8289
vn 0.0810 0.5948 0.7998
vn -0.9886 -0.0608 -0.1380
vn -0.7071 -0.0000 -0.7071
vn -0.7071 0.0000 -0.7071
vn -0.8913 0.0000 -0.4535
vn -0.9809 0.1422 -0.1328
vn -0.3452 0.3014 0.8888
vn 0.3732 0.3742 0.8489
vn 0.3041 -0.7018 0.6442
vn 0.7350 0.2735 0.6205
vn -0.9809 0.1422 -0.1327
vn 0.2902 -0.6996 0.6529
vn -0.8382 -0.4966 0.2254
vn 0.4299 -0.7202 0.5446
vn 0.4302 -0.7202 0.5442
vn 0.8724 -0.3900 0.2947
vn 0.9565 0.2656 -0.1207
vn 0.5624 -0.7528 0.3419
vn 0.4781 0.8232 -0.3061
vn 0.4782 0.8232 -0.3061
vn 0.4251 0.9005 0.0912
vn -0.8419 0.0662 0.5356
vn -0.1574 0.2722 -0.9493
vn 0.1476 0.9377 0.3145
vn -0.3068 0.3245 -0.8948
vn 0.0002 0.9614 0.2752
vn -0.2987 0.3811 -0.8749
vn -0.4535 0.2458 -0.8567
vn -0.9315 0.1074 0.3475
vn -0.8698 -0.3740 0.3218
vn -0.8893 -0.3364 0.3097
vn 0.9844 -0.0711 -0.1612
vn 0.8655 -0.3768 0.3302
vn 0.9566 0.2654 -0.1205
vn 0.9725 0.1751 -0.1534
vn 0.6475 -0.5732 0.5022
vn -0.2172 -0.8887 0.4038
vn -0.2182 -0.8886 0.4034
vn -0.2720 -0.7035 0.6566
vn -0.2563 -0.7110 0.6548
vn 0.6286 -0.5729 0.5259
vn -0.9688 0.2258 -0.1025
vn 0.2448 -0.8828 0.4010
vn -0.9687 0.2259 -0.1026
vn 0.2451 -0.8828 0.4009
vn 0.5625 -0.7528 0.3418
vn 0.0001 0.9612 0.2758
vn 0.4451 0.8576 0.2577
vn 0.5645 0.3331 0.7552
vn 0.5644 0.3331 0.7553
vn 0.9217 0.1564 0.3549
vn -0.8720 0.4588 -0.1707
vn -0.8550 0.5144 -0.0663
vn -0.3572 -0.5187 0.7768
vn -0.2049 -0.2806 0.9377
vn 0.0028 0.9578 0.2875
vn -0.1882 0.4179 -0.8888
vn -0.8436 0.5368 0.0156
vn -0.8537 0.5202 0.0222
vn -0.8550 0.5144 -0.0662
vn -0.9865 -0.0559 0.1542
vn -0.9878 -0.0532 0.1467
vn -0.9877 -0.0532 0.1468
vn -0.1948 0.3344 -0.9221
vn -0.1970 0.3344 -0.9216
vn -0.0935 0.3394 -0.9360
vn 0.9879 0.0529 -0.1459
vn 0.9879 0.0529 -0.1460
vn 0.3436 0.3202 -0.8829
vn -0.9877 -0.0532 0.1467
vn -0.4532 0.2458 -0.8568
vn -0.0617 0.9351 0.3491
vn 0.9879 0.0528 -0.1456
vn 0.9880 0.0528 -0.1454
vn -0.3039 0.2671 -0.9145
vn -0.3031 0.2663 -0.9150
vn -0.0618 0.9350 0.3493
vn 0.0614 -0.9355 -0.3480
vn 0.0621 -0.9347 -0.3499
vn -0.3076 0.3246 -0.8944
vn -0.0949 0.3395 -0.9358
vn -0.0002 0.9397 0.3421
vn -0.8418 0.0661 0.5356
vn -0.1576 0.2720 -0.9493
vn -0.3576 -0.5180 0.7770
vn -0.3568 -0.5186 0.7770
vn -0.1575 0.2721 -0.9493
vn -0.1560 0.2724 -0.9495
vn 0.0029 0.9577 0.2877
vn -0.9863 -0.0560 0.1549
vn 0.0069 0.9405 0.3398
vn 0.3434 0.3202 -0.8829
vn 0.3441 0.3203 -0.8826
vn 0.3439 0.3203 -0.8827
vn -0.8719 0.4590 -0.1706
vn -0.2500 0.9075 -0.3376
vn -0.2505 0.9074 -0.3374
vn 0.9814 -0.0655 0.1806
vn 0.3438 0.3202 -0.8828
vn -0.7071 0.1950 -0.6797
vn -0.9782 -0.1946 0.0723
vn 0.9218 0.1565 0.3548
vn -0.9782 -0.1946 0.0724
vn 0.2809 0.8996 -0.3344
vn 0.2808 0.8996 -0.3344
vn -0.2324 0.9646 -0.1244
vn -0.9745 -0.2225 0.0287
vn 0.0031 0.9577 0.2876
vn 0.0030 0.9578 0.2876
vn -0.2329 0.9645 -0.1242
vn 0.4401 0.8906 -0.1147
vn 0.8479 0.5259 -0.0677
vn 0.8655 0.4695 -0.1746
vn 0.8655 0.4695 -0.1745
vn 0.0027 0.9577 0.2877
vn 0.0039 0.9581 0.2865
vn -0.9773 -0.2028 -0.0609
vn -0.3316 0.2978 0.8952
vn -0.2035 -0.4264 0.8814
vn 0.3361 0.2706 0.9021
vn 1.0000 -0.0025 -0.0007
vn 0.7955 0.5804 0.1744
vn 0.0886 0.9539 0.2867
vn -0.4539 0.2457 -0.8565
vn -0.7072 0.1949 -0.6796
vn -0.8911 0.1251 -0.4362
vn 0.2763 0.9204 0.2765
vn 0.2762 0.9205 0.2765
vn 0.6121 0.7573 0.2275
vn 0.9702 -0.2272 0.0845
vn 0.9702 -0.2271 0.0844
vn 0.5893 0.8013 -0.1034
vn 0.6188 0.7363 -0.2737
vn 0.6189 0.7362 -0.2737
vn -0.9745 -0.2223 0.0287
vn 0.2614 0.9573 -0.1236
vn 0.2616 0.9573 -0.1235
vn -0.9738 -0.2263 -0.0230
vn 0.1348 0.9858 0.1000
vn -0.2313 0.9711 0.0582
vn 0.4400 0.8906 -0.1147
vn 0.8445 0.5328 0.0540
vn 0.8478 0.5259 -0.0677
vn 0.8616 0.4862 0.1461
vn 0.9651 -0.2596 0.0335
vn 0.9652 -0.2594 0.0334
vn 0.9641 -0.2640 -0.0267
vn 0.9641 -0.2642 -0.0268
vn 0.5841 0.8075 0.0819
vn 0.5895 0.8012 -0.1032
vn -0.2074 -0.3801 -0.9014
vn -0.9122 0.1397 -0.3851
vn -0.9122 0.1397 -0.3852
vn 0.8686 0.4745 0.1426
vn -0.1887 0.4171 -0.8891
vn 0.0031 0.9577 0.2878
vn -0.1575 -0.2720 0.9493
vn -0.8437 0.5366 0.0157
vn -0.9213 -0.1510 -0.3582
vn -0.1597 -0.2722 0.9489
vn 0.1880 0.4177 -0.8889
vn 0.0026 0.9577 0.2876
vn 0.0028 0.9577 0.2877
vn 0.0034 0.9577 0.2878
vn -0.7066 0.2261 -0.6705
vn -0.9166 -0.3305 -0.2249
vn -0.4536 0.0000 0.8912
vn 0.0033 0.9577 0.2877
vn -0.8911 -0.1251 0.4362
vn 0.0591 0.3297 -0.9422
vn 0.0590 0.2881 -0.9558
vn 0.0030 0.9577 0.2877
vn -0.9738 -0.2264 -0.0230
vn -0.8447 -0.4330 0.3145
vn -0.8381 -0.4967 0.2256
vn 0.2580 0.9612 0.0976
vn -0.9875 -0.0435 0.1518
vn -0.7073 -0.1949 0.6795
vn -0.7071 -0.1950 0.6797
vn -0.4535 -0.2457 0.8567
vn -0.2256 0.9723 0.0607
vn 0.4661 0.4351 0.7703
vn 0.0888 0.9539 0.2866
vn 0.4660 0.4348 0.7706
vn -0.9874 0.0436 -0.1518
vn 0.5783 0.6282 0.5206
vn -0.1564 0.0000 -0.9877
vn -0.7540 -0.4945 0.4323
vn -0.7538 -0.4945 0.4328
vn -0.9878 -0.0532 0.1466
vn -0.1477 -0.9375 -0.3151
vn 0.1478 0.9379 0.3138
vn -0.2981 0.3818 -0.8749
vn 0.0000 -0.9401 -0.3408
vn 0.0002 -0.9402 -0.3406
vn -0.0975 0.9232 -0.3717
vn -0.3146 -0.4587 -0.8310
vn -0.7072 -0.1949 0.6796
vn -0.3143 -0.4593 -0.8308
vn -0.4534 -0.2457 0.8567
vn -0.2085 -0.3802 -0.9011
vn 0.0976 -0.9236 0.3708
vn 0.8616 0.4861 0.1460
vn 0.9689 -0.2368 -0.0711
vn 0.9689 -0.2369 -0.0712
vn -0.9863 0.0642 0.1521
vn 0.2582 0.9612 0.0975
vn 0.5840 0.8076 0.0820
vn 0.6122 0.7573 0.2275
vn -0.9863 -0.0562 0.1550
vn 0.3477 0.3196 -0.8814
vn 0.3627 -0.3621 -0.8587
vn -0.1478 -0.9376 -0.3148
vn -0.0981 0.9235 -0.3709
vn -0.9863 0.0642 0.1522
vn -0.9214 -0.1509 -0.3581
vn 0.9074 0.1433 -0.3950
vn 0.9170 -0.1550 -0.3675
vn 0.9814 -0.0655 0.1805
vn 0.3436 0.3202 -0.8828
vn 0.7016 0.2430 -0.6698
vn 0.7018 0.2430 -0.6697
vn 0.7236 -0.2683 -0.6359
vn -0.3202 -0.2710 -0.9078
vn -0.3206 -0.2718 -0.9074
vn 0.9863 -0.0642 -0.1520
vn 0.0340 0.9183 -0.3943
vn 0.0334 0.9191 -0.3927
vn 0.9863 -0.0642 -0.1522
vn -0.3255 -0.3676 -0.8712
vn -0.3251 -0.3674 -0.8714
vn -0.0986 -0.3867 -0.9169
vn -0.0997 -0.3868 -0.9168
vn 0.9863 -0.0640 -0.1517
vn -0.9882 0.0596 0.1412
vn 0.3066 -0.8521 -0.4242
vn -0.0148 0.6181 -0.7859
vn -0.9009 -0.3687 -0.2289
vn -0.0337 -0.9188 0.3934
vn -0.0472 0.6970 -0.7156
vn -0.0472 0.6972 -0.7153
vn -0.9832 0.1635 0.0814
vn -0.9832 0.1632 0.0815
vn -0.9832 0.1633 0.0812
vn -0.9832 0.1634 0.0810
vn -0.9831 0.1638 0.0817
vn 0.3060 -0.8522 -0.4244
vn -0.2756 -0.8546 -0.4401
vn -0.2751 -0.8545 -0.4407
vn 0.9864 -0.0640 -0.1517
vn -0.9882 0.0595 0.1411
vn 0.9840 0.0692 0.1640
vn 0.9840 0.0692 0.1641
vn 0.7237 -0.2683 -0.6358
vn 0.9774 0.1893 0.0942
vn 0.6546 -0.6768 -0.3368
vn 0.3629 -0.3622 -0.8585
vn 0.5876 0.2757 -0.7607
vn 0.5881 0.2758 -0.7603
vn 0.6167 -0.3061 -0.7252
vn 0.9075 0.1433 -0.3950
vn 0.5384 -0.7545 -0.3753
vn 0.5381 -0.7546 -0.3756
vn 0.6166 -0.3061 -0.7253
vn 0.3649 -0.8476 0.3853
vn 0.3690 -0.7799 0.5055
vn 0.3654 -0.8475 0.3849
vn 0.9170 -0.1550 -0.3674
vn -0.0147 0.6184 -0.7857
vn -0.1504 -0.8174 -0.5562
vn -0.1504 -0.8176 -0.5559
vn 0.9612 -0.2760 -0.0001
vn -0.9875 0.0000 0.1579
vn -0.8912 0.0000 0.4536
vn -0.9832 0.1633 0.0814
vn 0.0242 -0.9997 -0.0005
vn 0.8848 -0.4171 -0.2075
vn 0.8849 -0.4171 -0.2075
vn 0.2693 -0.9630 -0.0005
vn 0.2687 -0.9632 -0.0008
vn 0.6547 -0.6768 -0.3368
vn 0.6012 -0.7991 -0.0007
vn 0.8609 0.4906 0.1346
vn 0.3088 0.4680 0.8280
vn -0.4536 0.0000 -0.8912
vn -0.2239 -0.7885 0.5728
vn 0.0878 0.5965 0.7978
vn 0.0753 0.5769 0.8133
vn 0.0752 0.5768 0.8134
vn -0.8912 0.0000 -0.4536
vn -0.9696 0.2154 -0.1159
vn -0.9696 0.2154 -0.1163
vn 0.2483 -0.8524 0.4602
vn 0.2287 -0.8533 0.4686
vn 0.2484 -0.8524 0.4601
vn 0.2481 -0.8524 0.4603
vn -0.0865 -0.8375 0.5395
vn -0.9696 0.2152 -0.1162
vn -0.0000 -0.8192 0.5736
vn 0.9612 -0.2760 -0.0002
vn -0.9696 0.2153 -0.1162
vn -0.9696 0.2153 -0.1161
vn -0.9694 0.2156 -0.1174
vn 0.0199 -0.9998 -0.0006
vn -0.0288 -0.9996 -0.0009
vn -0.9875 0.0000 -0.1579
vn 0.3699 -0.7794 0.5057
vn 0.4729 -0.8811 -0.0005
vn 0.4724 -0.8814 -0.0010
vn 0.7970 -0.5067 0.3287
vn 0.8306 -0.5070 0.2304
vn 0.8352 -0.4770 0.2737
vn 0.8306 -0.5070 0.2303
vn 0.9706 0.2407 0.0002
vn 0.8551 -0.5184 -0.0006
vn 0.9706 0.2408 0.0003
vn 0.6010 -0.7992 -0.0008
vn 0.9582 0.2482 -0.1425
vn 0.9581 0.2484 -0.1425
vn 0.5301 -0.7354 0.4221
vn 0.5682 -0.7213 0.3961
vn -0.0373 -0.9993 -0.0007
vn -0.1581 0.0000 0.9874
vn -0.6989 0.2182 -0.6811
vn -0.7487 -0.0532 -0.6608
vn 0.1030 -0.0977 0.9899
vn 0.0003 0.9614 0.2752
vn 0.0000 0.9613 0.2754
vn -0.8894 -0.3363 0.3097
vn -0.0004 0.9613 0.2756
vn -0.0004 0.9612 0.2759
vn -0.2029 -0.4272 0.8811
vn -0.2050 -0.2807 0.9376
vn -0.1887 0.4169 -0.8892
vn -0.8428 0.5381 0.0150
vn -0.8437 0.5365 0.0157
vn -0.1561 0.2724 -0.9494
vn -0.9315 0.1075 0.3475
vn -0.8537 0.5203 0.0224
vn 0.8687 0.4743 0.1427
vn 0.1884 0.4170 -0.8892
vn 0.0028 0.9576 0.2880
vn -0.1560 -0.2723 0.9495
vn 0.0031 0.9577 0.2877
vn 0.0585 0.2871 -0.9561
vn 0.0590 0.3299 -0.9422
vn -0.0005 0.9613 0.2756
vn -0.9214 -0.1511 -0.3581
vn -0.6989 0.2187 -0.6809
vn 0.5786 0.6289 0.5194
vn 0.8609 0.4907 0.1342
# 847 vertex normals

vt 0.7214 0.4257 0.0000
vt 0.7255 0.4236 0.0000
vt 0.7293 0.4452 0.0000
vt 0.7197 0.4344 0.0000
vt 0.7197 0.4332 0.0000
vt 0.7197 0.4260 0.0000
vt 0.7197 0.4276 0.0000
vt 0.2467 0.9019 0.0000
vt 0.2400 0.9004 0.0000
vt 0.2467 0.9015 0.0000
vt 0.7721 0.6564 0.0000
vt 0.7553 0.6547 0.0000
vt 0.7721 0.6547 0.0000
vt 0.7197 0.3972 0.0000
vt 0.7197 0.3925 0.0000
vt 0.7214 0.3974 0.0000
vt 0.7609 0.5037 0.0000
vt 0.7142 0.5060 0.0000
vt 0.7076 0.5037 0.0000
vt 0.2209 0.8986 0.0000
vt 0.2213 0.8987 0.0000
vt 0.2220 0.9025 0.0000
vt 0.2467 0.9188 0.0000
vt 0.2368 0.9075 0.0000
vt 0.2467 0.9035 0.0000
vt 0.2467 0.9219 0.0000
vt 0.2371 0.9222 0.0000
vt 0.2467 0.9216 0.0000
vt 0.7520 0.3878 0.0000
vt 0.7520 0.4489 0.0000
vt 0.2200 0.9091 0.0000
vt 0.2143 0.9229 0.0000
vt 0.7154 0.5068 0.0000
vt 0.3423 0.2152 0.0000
vt 0.3398 0.2204 0.0000
vt 0.3390 0.2192 0.0000
vt 0.3358 0.2146 0.0000
vt 0.0010 0.5925 0.0000
vt 0.0143 0.5903 0.0000
vt 0.0143 0.6248 0.0000
vt 0.0010 0.5977 0.0000
vt 0.7657 0.4971 0.0000
vt 0.7013 0.4971 0.0000
vt 0.7316 0.4116 0.0000
vt 0.7309 0.4162 0.0000
vt 0.7293 0.4194 0.0000
vt 0.7288 0.4203 0.0000
vt 0.9055 0.6828 0.0000
vt 0.9345 0.6828 0.0000
vt 0.9055 0.6836 0.0000
vt 0.7721 0.6605 0.0000
vt 0.7721 0.6638 0.0000
vt 0.7432 0.6605 0.0000
vt 0.7213 0.5109 0.0000
vt 0.7200 0.5100 0.0000
vt 0.7528 0.5060 0.0000
vt 0.3424 0.1867 0.0000
vt 0.3349 0.2110 0.0000
vt 0.3350 0.1861 0.0000
vt 0.7572 0.5087 0.0000
vt 0.0156 0.2004 0.0000
vt 0.0211 0.1903 0.0000
vt 0.0526 0.2042 0.0000
vt 0.3859 0.3370 0.0000
vt 0.3992 0.3370 0.0000
vt 0.3992 0.3768 0.0000
vt 0.7031 0.4834 0.0000
vt 0.7643 0.4833 0.0000
vt 0.7293 0.3873 0.0000
vt 0.7293 0.4037 0.0000
vt 0.7309 0.4070 0.0000
vt 0.7288 0.4028 0.0000
vt 0.7258 0.3998 0.0000
vt 0.7255 0.3995 0.0000
vt 0.3029 0.9686 0.0000
vt 0.3197 0.9702 0.0000
vt 0.3026 0.9834 0.0000
vt 0.3254 0.9840 0.0000
vt 0.2930 0.9830 0.0000
vt 0.2930 0.9678 0.0000
vt 0.2930 0.9646 0.0000
vt 0.2930 0.9653 0.0000
vt 0.3191 0.9587 0.0000
vt 0.3177 0.9636 0.0000
vt 0.3184 0.9588 0.0000
vt 0.2997 0.9615 0.0000
vt 0.2930 0.9644 0.0000
vt 0.1539 0.0856 0.0000
vt 0.1536 0.0752 0.0000
vt 0.1918 0.0870 0.0000
vt 0.8231 0.6503 0.0000
vt 0.8231 0.6536 0.0000
vt 0.7942 0.6533 0.0000
vt 0.7941 0.6503 0.0000
vt 0.9055 0.7002 0.0000
vt 0.9055 0.6994 0.0000
vt 0.9345 0.7002 0.0000
vt 0.5240 0.3650 0.0000
vt 0.5371 0.3304 0.0000
vt 0.5371 0.3650 0.0000
vt 0.2058 0.1058 0.0000
vt 0.1995 0.1123 0.0000
vt 0.5258 0.3306 0.0000
vt 0.5133 0.3650 0.0000
vt 0.5371 0.3830 0.0000
vt 0.3859 0.3742 0.0000
vt 0.3992 0.3164 0.0000
vt 0.3859 0.3180 0.0000
vt 0.0717 0.1960 0.0000
vt 0.0527 0.2168 0.0000
vt 0.1970 0.0769 0.0000
vt 0.0262 0.5751 0.0000
vt 0.0201 0.5780 0.0000
vt 0.0266 0.5741 0.0000
vt 0.8312 0.7051 0.0000
vt 0.8312 0.6980 0.0000
vt 0.8385 0.6967 0.0000
vt 0.8385 0.7049 0.0000
vt 0.0605 0.1651 0.0000
vt 0.0659 0.1797 0.0000
vt 0.0523 0.1760 0.0000
vt 0.0811 0.1580 0.0000
vt 0.0772 0.1548 0.0000
vt 0.0869 0.1625 0.0000
vt 0.0682 0.1865 0.0000
vt 0.0358 0.1071 0.0000
vt 0.0479 0.1106 0.0000
vt 0.0437 0.1127 0.0000
vt 0.0405 0.1160 0.0000
vt 0.0293 0.1320 0.0000
vt 0.0309 0.1203 0.0000
vt 0.0376 0.1247 0.0000
vt 0.0383 0.1201 0.0000
vt 0.0383 0.1293 0.0000
vt 0.0405 0.1334 0.0000
vt 0.0309 0.1470 0.0000
vt 0.0437 0.1367 0.0000
vt 0.0358 0.1633 0.0000
vt 0.0479 0.1388 0.0000
vt 0.9363 0.6503 0.0000
vt 0.9363 0.6802 0.0000
vt 0.9270 0.6802 0.0000
vt 0.8195 0.6222 0.0000
vt 0.8221 0.6260 0.0000
vt 0.8158 0.6194 0.0000
vt 0.8114 0.6179 0.0000
vt 0.9008 0.9838 0.0000
vt 0.9008 0.9471 0.0000
vt 0.9040 0.9471 0.0000
vt 0.5160 0.3098 0.0000
vt 0.5029 0.3098 0.0000
vt 0.5055 0.3025 0.0000
vt 0.6777 0.8723 0.0000
vt 0.6410 0.8723 0.0000
vt 0.6777 0.8677 0.0000
vt 0.6777 0.8765 0.0000
vt 0.5208 0.3025 0.0000
vt 0.6410 0.8765 0.0000
vt 0.6410 0.8677 0.0000
vt 0.6410 0.8632 0.0000
vt 0.9040 0.9838 0.0000
vt 0.9082 0.9838 0.0000
vt 0.8023 0.6192 0.0000
vt 0.8067 0.6178 0.0000
vt 0.8235 0.6305 0.0000
vt 0.4762 0.3098 0.0000
vt 0.4918 0.3025 0.0000
vt 0.4911 0.3098 0.0000
vt 0.6777 0.8590 0.0000
vt 0.6777 0.8632 0.0000
vt 0.5102 0.3367 0.0000
vt 0.5130 0.3328 0.0000
vt 0.5102 0.3372 0.0000
vt 0.9782 0.9471 0.0000
vt 0.9782 0.9838 0.0000
vt 0.9750 0.9838 0.0000
vt 0.6131 0.6290 0.0000
vt 0.6119 0.6290 0.0000
vt 0.6087 0.6266 0.0000
vt 0.9750 0.9471 0.0000
vt 0.6410 0.8590 0.0000
vt 0.6659 0.6861 0.0000
vt 0.6645 0.6781 0.0000
vt 0.6695 0.6782 0.0000
vt 0.9193 0.6506 0.0000
vt 0.9270 0.6503 0.0000
vt 0.4245 0.7343 0.0000
vt 0.4259 0.7324 0.0000
vt 0.4312 0.7375 0.0000
vt 0.3846 0.5034 0.0000
vt 0.3920 0.4973 0.0000
vt 0.3922 0.5031 0.0000
vt 0.6092 0.6225 0.0000
vt 0.6363 0.6265 0.0000
vt 0.6642 0.6954 0.0000
vt 0.6693 0.6954 0.0000
vt 0.9082 0.9471 0.0000
vt 0.9128 0.9471 0.0000
vt 0.9824 0.9838 0.0000
vt 0.9824 0.9471 0.0000
vt 0.9870 0.9471 0.0000
vt 0.7942 0.6300 0.0000
vt 0.7957 0.6256 0.0000
vt 0.7985 0.6219 0.0000
vt 0.0254 0.5969 0.0000
vt 0.0264 0.5975 0.0000
vt 0.0196 0.6029 0.0000
vt 0.0260 0.5865 0.0000
vt 0.0262 0.5759 0.0000
vt 0.0524 0.1951 0.0000
vt 0.7199 0.8297 0.0000
vt 0.7306 0.8265 0.0000
vt 0.7306 0.8579 0.0000
vt 0.7199 0.8594 0.0000
vt 0.7437 0.8265 0.0000
vt 0.7437 0.8579 0.0000
vt 0.5240 0.3830 0.0000
vt 0.5133 0.3818 0.0000
vt 0.0249 0.1830 0.0000
vt 0.2048 0.1452 0.0000
vt 0.0143 0.4971 0.0000
vt 0.0010 0.5285 0.0000
vt 0.0010 0.4926 0.0000
vt 0.1985 0.1466 0.0000
vt 0.0143 0.5306 0.0000
vt 0.4459 0.7517 0.0000
vt 0.4440 0.7532 0.0000
vt 0.4406 0.7466 0.0000
vt 0.4599 0.3098 0.0000
vt 0.4744 0.3025 0.0000
vt 0.4555 0.3025 0.0000
vt 0.0333 0.1676 0.0000
vt 0.0521 0.1705 0.0000
vt 0.2959 0.1908 0.0000
vt 0.3042 0.1819 0.0000
vt 0.3072 0.1866 0.0000
vt 0.7784 0.0325 0.0000
vt 0.7792 0.0325 0.0000
vt 0.7822 0.0356 0.0000
vt 0.5102 0.3293 0.0000
vt 0.5102 0.3335 0.0000
vt 0.5233 0.3274 0.0000
vt 0.5102 0.3266 0.0000
vt 0.5102 0.3218 0.0000
vt 0.3943 0.4852 0.0000
vt 0.3967 0.4848 0.0000
vt 0.3943 0.4874 0.0000
vt 0.9843 0.7908 0.0000
vt 0.9843 0.7892 0.0000
vt 0.9852 0.7894 0.0000
vt 0.7350 0.0325 0.0000
vt 0.7405 0.0325 0.0000
vt 0.7346 0.0334 0.0000
vt 0.7583 0.0325 0.0000
vt 0.7587 0.0356 0.0000
vt 0.7573 0.0325 0.0000
vt 0.7684 0.0325 0.0000
vt 0.0950 0.1991 0.0000
vt 0.0938 0.1979 0.0000
vt 0.0952 0.1989 0.0000
vt 0.8221 0.0577 0.0000
vt 0.8205 0.0579 0.0000
vt 0.8221 0.0446 0.0000
vt 0.3690 0.3025 0.0000
vt 0.3739 0.3043 0.0000
vt 0.3631 0.3341 0.0000
vt 0.3581 0.3323 0.0000
vt 0.3813 0.4977 0.0000
vt 0.3846 0.5317 0.0000
vt 0.3813 0.5372 0.0000
vt 0.4051 0.5390 0.0000
vt 0.4016 0.5031 0.0000
vt 0.4051 0.4973 0.0000
vt 0.9765 0.5603 0.0000
vt 0.9750 0.5159 0.0000
vt 0.9779 0.5535 0.0000
vt 0.9766 0.5158 0.0000
vt 0.1215 0.9000 0.0000
vt 0.0860 0.9000 0.0000
vt 0.0821 0.8868 0.0000
vt 0.2778 0.1917 0.0000
vt 0.2635 0.2312 0.0000
vt 0.2674 0.1879 0.0000
vt 0.6363 0.6266 0.0000
vt 0.8116 0.0463 0.0000
vt 0.8190 0.0339 0.0000
vt 0.9772 0.6781 0.0000
vt 0.9774 0.6834 0.0000
vt 0.9471 0.6791 0.0000
vt 0.9473 0.6845 0.0000
vt 0.3920 0.5390 0.0000
vt 0.3922 0.5330 0.0000
vt 0.8086 0.0356 0.0000
vt 0.4016 0.5330 0.0000
vt 0.6272 0.6738 0.0000
vt 0.6357 0.6710 0.0000
vt 0.6349 0.6760 0.0000
vt 0.6281 0.6689 0.0000
vt 0.8202 0.0579 0.0000
vt 0.6187 0.6689 0.0000
vt 0.6178 0.6738 0.0000
vt 0.9193 0.6789 0.0000
vt 0.8116 0.0594 0.0000
vt 0.5102 0.3493 0.0000
vt 0.6086 0.6290 0.0000
vt 0.5102 0.3360 0.0000
vt 0.6234 0.6290 0.0000
vt 0.6320 0.6290 0.0000
vt 0.4070 0.4713 0.0000
vt 0.4074 0.4929 0.0000
vt 0.4063 0.4757 0.0000
vt 0.1018 0.1925 0.0000
vt 0.9781 0.5602 0.0000
vt 0.8205 0.0580 0.0000
vt 0.1278 0.9000 0.0000
vt 0.1294 0.9001 0.0000
vt 0.1278 0.9001 0.0000
vt 0.2838 0.1953 0.0000
vt 0.2846 0.1950 0.0000
vt 0.7837 0.0463 0.0000
vt 0.7837 0.0594 0.0000
vt 0.0580 0.0765 0.0000
vt 0.0249 0.0886 0.0000
vt 0.0211 0.0820 0.0000
vt 0.1269 0.8868 0.0000
vt 0.5440 0.8065 0.0000
vt 0.5450 0.8034 0.0000
vt 0.5717 0.8144 0.0000
vt 0.0971 0.1639 0.0000
vt 0.1047 0.1629 0.0000
vt 0.0010 0.6318 0.0000
vt 0.0143 0.6360 0.0000
vt 0.0010 0.6638 0.0000
vt 0.0143 0.6659 0.0000
vt 0.7588 0.0463 0.0000
vt 0.1063 0.1366 0.0000
vt 0.4042 0.4797 0.0000
vt 0.7588 0.0594 0.0000
vt 0.3969 0.4848 0.0000
vt 0.4009 0.4828 0.0000
vt 0.0166 0.1107 0.0000
vt 0.0276 0.1177 0.0000
vt 0.0141 0.1305 0.0000
vt 0.0333 0.1024 0.0000
vt 0.1255 0.1056 0.0000
vt 0.4143 0.9254 0.0000
vt 0.4138 0.8823 0.0000
vt 0.4201 0.9253 0.0000
vt 0.1295 0.1121 0.0000
vt 0.7297 0.0481 0.0000
vt 0.6884 0.0481 0.0000
vt 0.6874 0.0456 0.0000
vt 0.6927 0.0594 0.0000
vt 0.6369 0.6225 0.0000
vt 0.5726 0.8113 0.0000
vt 0.5705 0.8184 0.0000
vt 0.0143 0.7265 0.0000
vt 0.0143 0.7635 0.0000
vt 0.0010 0.7286 0.0000
vt 0.0010 0.7682 0.0000
vt 0.0044 0.1634 0.0000
vt 0.0116 0.1074 0.0000
vt 0.0044 0.1028 0.0000
vt 0.0010 0.1295 0.0000
vt 0.0156 0.0729 0.0000
vt 0.1127 0.1391 0.0000
vt 0.0010 0.6923 0.0000
vt 0.0143 0.6926 0.0000
vt 0.7272 0.0594 0.0000
vt 0.7315 0.0353 0.0000
vt 0.0276 0.1487 0.0000
vt 0.0166 0.1556 0.0000
vt 0.0258 0.1313 0.0000
vt 0.0087 0.1300 0.0000
vt 0.0116 0.1589 0.0000
vt 0.4184 0.6301 0.0000
vt 0.4184 0.6057 0.0000
vt 0.4215 0.6088 0.0000
vt 0.2776 0.2123 0.0000
vt 0.2715 0.2291 0.0000
vt 0.2711 0.2304 0.0000
vt 0.8674 0.9350 0.0000
vt 0.8667 0.9350 0.0000
vt 0.8677 0.9332 0.0000
vt 0.9859 0.7882 0.0000
vt 0.9842 0.7866 0.0000
vt 0.9880 0.7848 0.0000
vt 0.3943 0.4574 0.0000
vt 0.3943 0.4542 0.0000
vt 0.3966 0.4578 0.0000
vt 0.8943 0.6504 0.0000
vt 0.8920 0.6646 0.0000
vt 0.8920 0.6503 0.0000
vt 0.7339 0.0348 0.0000
vt 0.7321 0.0347 0.0000
vt 0.2758 0.2416 0.0000
vt 0.2802 0.2520 0.0000
vt 0.2737 0.2556 0.0000
vt 0.8944 0.6504 0.0000
vt 0.8944 0.6784 0.0000
vt 0.8828 0.8636 0.0000
vt 0.8822 0.8632 0.0000
vt 0.8832 0.8625 0.0000
vt 0.4009 0.4598 0.0000
vt 0.3967 0.4578 0.0000
vt 0.4074 0.4516 0.0000
vt 0.4063 0.4669 0.0000
vt 0.4042 0.4629 0.0000
vt 0.4032 0.4620 0.0000
vt 0.3576 0.5416 0.0000
vt 0.3456 0.5379 0.0000
vt 0.3593 0.5398 0.0000
vt 0.3561 0.5431 0.0000
vt 0.2467 0.8876 0.0000
vt 0.2467 0.8980 0.0000
vt 0.2436 0.8927 0.0000
vt 0.3010 0.2656 0.0000
vt 0.2960 0.2707 0.0000
vt 0.3003 0.2651 0.0000
vt 0.3548 0.5444 0.0000
vt 0.3614 0.5376 0.0000
vt 0.3536 0.5457 0.0000
vt 0.7433 0.6564 0.0000
vt 0.3643 0.5346 0.0000
vt 0.5680 0.8273 0.0000
vt 0.5669 0.8312 0.0000
vt 0.5402 0.8193 0.0000
vt 0.8860 0.8497 0.0000
vt 0.8892 0.8523 0.0000
vt 0.8942 0.8653 0.0000
vt 0.8895 0.8653 0.0000
vt 0.0555 0.1000 0.0000
vt 0.0360 0.5470 0.0000
vt 0.0359 0.5479 0.0000
vt 0.0310 0.5474 0.0000
vt 0.0312 0.5610 0.0000
vt 0.0645 0.1160 0.0000
vt 0.0752 0.1203 0.0000
vt 0.0666 0.1201 0.0000
vt 0.0612 0.1127 0.0000
vt 0.0676 0.1051 0.0000
vt 0.0571 0.1106 0.0000
vt 0.0673 0.1247 0.0000
vt 0.0666 0.1293 0.0000
vt 0.0752 0.1320 0.0000
vt 0.0645 0.1334 0.0000
vt 0.0571 0.1388 0.0000
vt 0.0612 0.1367 0.0000
vt 0.0659 0.1463 0.0000
vt 0.4196 0.8822 0.0000
vt 0.5693 0.8228 0.0000
vt 0.5415 0.8149 0.0000
vt 0.8986 0.6510 0.0000
vt 0.9009 0.6517 0.0000
vt 0.8986 0.6790 0.0000
vt 0.9018 0.6520 0.0000
vt 0.9018 0.6799 0.0000
vt 0.7287 0.0456 0.0000
vt 0.2930 0.9563 0.0000
vt 0.2930 0.9560 0.0000
vt 0.2930 0.9490 0.0000
vt 0.5428 0.8105 0.0000
vt 0.2930 0.9565 0.0000
vt 0.5390 0.8232 0.0000
vt 0.0525 0.1098 0.0000
vt 0.0592 0.1611 0.0000
vt 0.0525 0.1395 0.0000
vt 0.8231 0.6594 0.0000
vt 0.8111 0.6594 0.0000
vt 0.8231 0.6577 0.0000
vt 0.0376 0.5356 0.0000
vt 0.0348 0.5204 0.0000
vt 0.0382 0.5249 0.0000
vt 0.0382 0.5245 0.0000
vt 0.3458 0.5514 0.0000
vt 0.3476 0.5519 0.0000
vt 0.3468 0.5527 0.0000
vt 0.2530 0.2274 0.0000
vt 0.3677 0.4333 0.0000
vt 0.3639 0.4440 0.0000
vt 0.3573 0.4315 0.0000
vt 0.6709 0.6862 0.0000
vt 0.3573 0.4184 0.0000
vt 0.3662 0.4200 0.0000
vt 0.6318 0.7931 0.0000
vt 0.6340 0.7802 0.0000
vt 0.6439 0.7931 0.0000
vt 0.3677 0.4202 0.0000
vt 0.3662 0.4199 0.0000
vt 0.6337 0.8043 0.0000
vt 0.4293 0.6263 0.0000
vt 0.4389 0.6263 0.0000
vt 0.4291 0.6297 0.0000
vt 0.4422 0.6297 0.0000
vt 0.4215 0.6266 0.0000
vt 0.6462 0.7802 0.0000
vt 0.5838 0.6790 0.0000
vt 0.5810 0.6868 0.0000
vt 0.5789 0.6781 0.0000
vt 0.5761 0.6860 0.0000
vt 0.5761 0.6955 0.0000
vt 0.5253 0.7295 0.0000
vt 0.5065 0.7295 0.0000
vt 0.5253 0.7199 0.0000
vt 0.6603 0.7477 0.0000
vt 0.6553 0.7682 0.0000
vt 0.6549 0.7478 0.0000
vt 0.5810 0.6964 0.0000
vt 0.6685 0.0520 0.0000
vt 0.6733 0.0602 0.0000
vt 0.6644 0.0544 0.0000
vt 0.0860 0.9001 0.0000
vt 0.0815 0.9001 0.0000
vt 0.0520 0.9001 0.0000
vt 0.3535 0.4422 0.0000
vt 0.6459 0.8043 0.0000
vt 0.2617 0.2606 0.0000
vt 0.2514 0.2363 0.0000
vt 0.2714 0.2312 0.0000
vt 0.0562 0.0941 0.0000
vt 0.0785 0.0851 0.0000
vt 0.0591 0.0682 0.0000
vt 0.0603 0.0567 0.0000
vt 0.0879 0.0683 0.0000
vt 0.4291 0.6039 0.0000
vt 0.4293 0.6075 0.0000
vt 0.4398 0.7060 0.0000
vt 0.4447 0.7080 0.0000
vt 0.4372 0.7258 0.0000
vt 0.6132 0.6887 0.0000
vt 0.6215 0.6924 0.0000
vt 0.6134 0.6936 0.0000
vt 0.6213 0.6874 0.0000
vt 0.6308 0.6887 0.0000
vt 0.4323 0.7238 0.0000
vt 0.5256 0.7373 0.0000
vt 0.5078 0.7373 0.0000
vt 0.6606 0.7681 0.0000
vt 0.4422 0.6039 0.0000
vt 0.4389 0.6075 0.0000
vt 0.9332 0.8664 0.0000
vt 0.9640 0.8652 0.0000
vt 0.9590 0.8772 0.0000
vt 0.6310 0.6937 0.0000
vt 0.5065 0.7199 0.0000
vt 0.6549 0.0850 0.0000
vt 0.0010 0.6006 0.0000
vt 0.0015 0.6006 0.0000
vt 0.0010 0.6294 0.0000
vt 0.2968 0.6079 0.0000
vt 0.3077 0.6199 0.0000
vt 0.2946 0.6199 0.0000
vt 0.2206 0.8955 0.0000
vt 0.2908 0.2586 0.0000
vt 0.2839 0.6167 0.0000
vt 0.2861 0.6047 0.0000
vt 0.2210 0.8972 0.0000
vt 0.6650 0.0869 0.0000
vt 0.6678 0.1145 0.0000
vt 0.6699 0.1143 0.0000
vt 0.6721 0.1128 0.0000
vt 0.6723 0.1134 0.0000
vt 0.6722 0.1140 0.0000
vt 0.6725 0.1140 0.0000
vt 0.7114 0.5076 0.0000
vt 0.3092 0.5859 0.0000
vt 0.3092 0.5854 0.0000
vt 0.9383 0.8544 0.0000
vt 0.3099 0.6079 0.0000
vt 0.0825 0.0780 0.0000
vt 0.0971 0.1074 0.0000
vt 0.1051 0.1028 0.0000
vt 0.0545 0.8868 0.0000
vt 0.0703 0.1000 0.0000
vt 0.0791 0.1177 0.0000
vt 0.9215 0.9471 0.0000
vt 0.9248 0.9471 0.0000
vt 0.9215 0.9838 0.0000
vt 0.2959 0.4347 0.0000
vt 0.2886 0.4479 0.0000
vt 0.2886 0.4331 0.0000
vt 0.7875 0.8141 0.0000
vt 0.7802 0.8165 0.0000
vt 0.7802 0.8073 0.0000
vt 0.9286 0.9838 0.0000
vt 0.9286 0.9471 0.0000
vt 0.9327 0.9838 0.0000
vt 0.2959 0.4519 0.0000
vt 0.9327 0.9471 0.0000
vt 0.9373 0.9838 0.0000
vt 0.9990 0.9838 0.0000
vt 0.9957 0.9838 0.0000
vt 0.9990 0.9471 0.0000
vt 0.9174 0.9838 0.0000
vt 0.9174 0.9471 0.0000
vt 0.9870 0.9838 0.0000
vt 0.9128 0.9838 0.0000
vt 0.9248 0.9838 0.0000
vt 0.9419 0.9838 0.0000
vt 0.9419 0.9471 0.0000
vt 0.9460 0.9838 0.0000
vt 0.9460 0.9471 0.0000
vt 0.9373 0.9471 0.0000
vt 0.9957 0.9471 0.0000
vt 0.9916 0.9838 0.0000
vt 0.9916 0.9471 0.0000
vt 0.8234 0.6351 0.0000
vt 0.8219 0.6395 0.0000
vt 0.8191 0.6432 0.0000
vt 0.8153 0.6459 0.0000
vt 0.8109 0.6473 0.0000
vt 0.8062 0.6472 0.0000
vt 0.8018 0.6457 0.0000
vt 0.7981 0.6429 0.0000
vt 0.7954 0.6391 0.0000
vt 0.7941 0.6346 0.0000
vt 0.2205 0.8953 0.0000
vt 0.2436 0.8776 0.0000
vt 0.2205 0.8950 0.0000
vt 0.9345 0.6869 0.0000
vt 0.9345 0.6915 0.0000
vt 0.9054 0.6869 0.0000
vt 0.3349 0.2133 0.0000
vt 0.5089 0.1403 0.0000
vt 0.5065 0.1401 0.0000
vt 0.5354 0.1401 0.0000
vt 0.9054 0.6915 0.0000
vt 0.7431 0.6638 0.0000
vt 0.3610 0.5297 0.0000
vt 0.3654 0.5311 0.0000
vt 0.3563 0.5298 0.0000
vt 0.3519 0.5313 0.0000
vt 0.3482 0.5341 0.0000
vt 0.0912 0.1107 0.0000
vt 0.0010 0.5639 0.0000
vt 0.0143 0.5637 0.0000
vt 0.1051 0.1295 0.0000
vt 0.7710 0.7523 0.0000
vt 0.7716 0.7576 0.0000
vt 0.7707 0.7524 0.0000
vt 0.2930 0.9572 0.0000
vt 0.7942 0.6536 0.0000
vt 0.7944 0.6577 0.0000
vt 0.2961 0.9379 0.0000
vt 0.3068 0.9398 0.0000
vt 0.2961 0.9538 0.0000
vt 0.3191 0.9564 0.0000
vt 0.9054 0.6961 0.0000
vt 0.9345 0.6961 0.0000
vt 0.2030 0.1753 0.0000
vt 0.2029 0.1740 0.0000
vt 0.2060 0.1748 0.0000
vt 0.2018 0.1675 0.0000
vt 0.0018 0.5547 0.0000
vt 0.0010 0.5545 0.0000
vt 0.0010 0.5591 0.0000
vt 0.3191 0.9557 0.0000
vt 0.3193 0.9519 0.0000
vt 0.3199 0.9398 0.0000
vt 0.7502 0.5109 0.0000
vt 0.3349 0.1845 0.0000
vt 0.3398 0.1819 0.0000
vt 0.3349 0.1848 0.0000
vt 0.5351 0.1402 0.0000
vt 0.5338 0.1403 0.0000
vt 0.7875 0.8034 0.0000
vt 0.2886 0.4189 0.0000
vt 0.2886 0.4071 0.0000
vt 0.2959 0.4182 0.0000
vt 0.2959 0.4045 0.0000
vt 0.0791 0.1313 0.0000
vt 0.0912 0.1305 0.0000
vt 0.0683 0.1479 0.0000
vt 0.0971 0.1300 0.0000
vt 0.7434 0.6547 0.0000
vt 0.7197 0.3859 0.0000
vt 0.7944 0.6594 0.0000
vt 0.4338 0.7400 0.0000
vt 0.4231 0.7387 0.0000
vt 0.4348 0.7410 0.0000
vt 0.4231 0.7433 0.0000
vt 0.4364 0.7425 0.0000
vt 0.4308 0.7537 0.0000
vt 0.4271 0.7512 0.0000
vt 0.4359 0.7420 0.0000
vt 0.4244 0.7476 0.0000
vt 0.4354 0.7416 0.0000
vt 0.4380 0.7441 0.0000
vt 0.4397 0.7548 0.0000
vt 0.4351 0.7549 0.0000
vt 0.4370 0.7431 0.0000
vt 0.5102 0.3210 0.0000
vt 0.5233 0.3218 0.0000
vt 0.7451 0.0325 0.0000
vt 0.3943 0.4903 0.0000
vt 0.6362 0.6290 0.0000
vt 0.0400 0.6043 0.0000
vt 0.0502 0.6175 0.0000
vt 0.8637 0.9340 0.0000
vt 0.8637 0.9349 0.0000
vt 0.8857 0.8653 0.0000
vt 0.8867 0.8653 0.0000
vt 0.8920 0.6783 0.0000
vt 0.3943 0.4509 0.0000
vt 0.3517 0.5476 0.0000
vt 0.3442 0.5424 0.0000
vt 0.8948 0.8523 0.0000
vt 0.8951 0.8653 0.0000
vt 0.3498 0.5497 0.0000
vt 0.3443 0.5470 0.0000
vt 0.7663 0.7653 0.0000
vt 0.7693 0.7528 0.0000
vt 0.3668 0.5320 0.0000
vt 0.7139 0.4236 0.0000
vt 0.7181 0.4257 0.0000
vt 0.7102 0.4452 0.0000
vt 0.2533 0.9004 0.0000
vt 0.7721 0.6531 0.0000
vt 0.7181 0.3974 0.0000
vt 0.7096 0.4557 0.0000
vt 0.7562 0.4581 0.0000
vt 0.7030 0.4580 0.0000
vt 0.2720 0.8987 0.0000
vt 0.2724 0.8986 0.0000
vt 0.2713 0.9025 0.0000
vt 0.2566 0.9075 0.0000
vt 0.2562 0.9222 0.0000
vt 0.6874 0.4489 0.0000
vt 0.6874 0.3878 0.0000
vt 0.2733 0.9091 0.0000
vt 0.2790 0.9229 0.0000
vt 0.7108 0.4549 0.0000
vt 0.4928 0.8868 0.0000
vt 0.4954 0.8920 0.0000
vt 0.4920 0.8880 0.0000
vt 0.4888 0.8926 0.0000
vt 0.0143 0.3925 0.0000
vt 0.0010 0.3904 0.0000
vt 0.0143 0.3580 0.0000
vt 0.0010 0.3852 0.0000
vt 0.7611 0.4646 0.0000
vt 0.6967 0.4646 0.0000
vt 0.7078 0.4116 0.0000
vt 0.7085 0.4162 0.0000
vt 0.7102 0.4194 0.0000
vt 0.7106 0.4203 0.0000
vt 0.8696 0.6863 0.0000
vt 0.8406 0.6863 0.0000
vt 0.8405 0.6854 0.0000
vt 0.7721 0.6457 0.0000
vt 0.7721 0.6490 0.0000
vt 0.7432 0.6490 0.0000
vt 0.7154 0.4517 0.0000
vt 0.7167 0.4509 0.0000
vt 0.7481 0.4557 0.0000
vt 0.4880 0.8962 0.0000
vt 0.4954 0.9206 0.0000
vt 0.4880 0.9211 0.0000
vt 0.7526 0.4531 0.0000
vt 0.8473 0.0576 0.0000
vt 0.8358 0.0586 0.0000
vt 0.8474 0.0232 0.0000
vt 0.5689 0.4039 0.0000
vt 0.5689 0.3906 0.0000
vt 0.6087 0.4039 0.0000
vt 0.6985 0.4784 0.0000
vt 0.7597 0.4784 0.0000
vt 0.7102 0.3873 0.0000
vt 0.7102 0.4037 0.0000
vt 0.7085 0.4070 0.0000
vt 0.7106 0.4028 0.0000
vt 0.7137 0.3998 0.0000
vt 0.7139 0.3995 0.0000
vt 0.2664 0.9702 0.0000
vt 0.2831 0.9686 0.0000
vt 0.2835 0.9834 0.0000
vt 0.2607 0.9840 0.0000
vt 0.2684 0.9636 0.0000
vt 0.2670 0.9587 0.0000
vt 0.2677 0.9588 0.0000
vt 0.2864 0.9615 0.0000
vt 0.0056 0.9479 0.0000
vt 0.0155 0.9447 0.0000
vt 0.0298 0.9797 0.0000
vt 0.8231 0.6652 0.0000
vt 0.8231 0.6685 0.0000
vt 0.7942 0.6655 0.0000
vt 0.7941 0.6685 0.0000
vt 0.8405 0.6697 0.0000
vt 0.8405 0.6689 0.0000
vt 0.8696 0.6689 0.0000
vt 0.4833 0.3304 0.0000
vt 0.4965 0.3650 0.0000
vt 0.4833 0.3650 0.0000
vt 0.0523 0.9865 0.0000
vt 0.0562 0.9784 0.0000
vt 0.4947 0.3306 0.0000
vt 0.5072 0.3650 0.0000
vt 0.4833 0.3830 0.0000
vt 0.6061 0.3906 0.0000
vt 0.5483 0.4039 0.0000
vt 0.5499 0.3906 0.0000
vt 0.8626 0.0090 0.0000
vt 0.8360 0.0180 0.0000
vt 0.0221 0.9881 0.0000
vt 0.6556 0.0500 0.0000
vt 0.6578 0.0436 0.0000
vt 0.6588 0.0432 0.0000
vt 0.8292 0.6980 0.0000
vt 0.8292 0.7051 0.0000
vt 0.8219 0.6967 0.0000
vt 0.8219 0.7049 0.0000
vt 0.8752 0.0210 0.0000
vt 0.8864 0.0318 0.0000
vt 0.8730 0.0349 0.0000
vt 0.9012 0.0159 0.0000
vt 0.9025 0.0208 0.0000
vt 0.8699 0.0162 0.0000
vt 0.8995 0.0088 0.0000
vt 0.9310 0.0656 0.0000
vt 0.9292 0.0781 0.0000
vt 0.9274 0.0685 0.0000
vt 0.9231 0.0702 0.0000
vt 0.9152 0.0772 0.0000
vt 0.9039 0.0738 0.0000
vt 0.9139 0.0692 0.0000
vt 0.9184 0.0704 0.0000
vt 0.9101 0.0667 0.0000
vt 0.9071 0.0631 0.0000
vt 0.8908 0.0663 0.0000
vt 0.9055 0.0587 0.0000
vt 0.8779 0.0552 0.0000
vt 0.9052 0.0541 0.0000
vt 0.9770 0.7045 0.0000
vt 0.9471 0.7045 0.0000
vt 0.9770 0.6951 0.0000
vt 0.8659 0.6408 0.0000
vt 0.8685 0.6446 0.0000
vt 0.8699 0.6490 0.0000
vt 0.8698 0.6537 0.0000
vt 0.8219 0.9838 0.0000
vt 0.8219 0.9471 0.0000
vt 0.8252 0.9838 0.0000
vt 0.4734 0.3190 0.0000
vt 0.4603 0.3190 0.0000
vt 0.4708 0.3117 0.0000
vt 0.8817 0.9838 0.0000
vt 0.8817 0.9471 0.0000
vt 0.8863 0.9471 0.0000
vt 0.8776 0.9471 0.0000
vt 0.4555 0.3117 0.0000
vt 0.8776 0.9838 0.0000
vt 0.8863 0.9838 0.0000
vt 0.8909 0.9838 0.0000
vt 0.8252 0.9471 0.0000
vt 0.8293 0.9471 0.0000
vt 0.8683 0.6581 0.0000
vt 0.8655 0.6618 0.0000
vt 0.8621 0.6380 0.0000
vt 0.4845 0.3117 0.0000
vt 0.5001 0.3190 0.0000
vt 0.4852 0.3190 0.0000
vt 0.8950 0.9471 0.0000
vt 0.8909 0.9471 0.0000
vt 0.5075 0.3328 0.0000
vt 0.8530 0.9471 0.0000
vt 0.8530 0.9838 0.0000
vt 0.8497 0.9471 0.0000
vt 0.6087 0.6314 0.0000
vt 0.8497 0.9838 0.0000
vt 0.8950 0.9838 0.0000
vt 0.6302 0.6859 0.0000
vt 0.6226 0.6831 0.0000
vt 0.6311 0.6809 0.0000
vt 0.9474 0.6874 0.0000
vt 0.9471 0.6951 0.0000
vt 0.4278 0.7309 0.0000
vt 0.3966 0.5854 0.0000
vt 0.3892 0.5792 0.0000
vt 0.3969 0.5795 0.0000
vt 0.6363 0.6315 0.0000
vt 0.6092 0.6355 0.0000
vt 0.6132 0.6831 0.0000
vt 0.6140 0.6781 0.0000
vt 0.8339 0.9838 0.0000
vt 0.8293 0.9838 0.0000
vt 0.8572 0.9838 0.0000
vt 0.8572 0.9471 0.0000
vt 0.8618 0.9838 0.0000
vt 0.8572 0.6658 0.0000
vt 0.8526 0.6657 0.0000
vt 0.8617 0.6645 0.0000
vt 0.6356 0.0458 0.0000
vt 0.6362 0.0468 0.0000
vt 0.6309 0.0532 0.0000
vt 0.6465 0.0451 0.0000
vt 0.6570 0.0437 0.0000
vt 0.8556 0.0270 0.0000
vt 0.7052 0.8219 0.0000
vt 0.7159 0.8251 0.0000
vt 0.7052 0.8532 0.0000
vt 0.7159 0.8547 0.0000
vt 0.6920 0.8532 0.0000
vt 0.6920 0.8219 0.0000
vt 0.4965 0.3830 0.0000
vt 0.5072 0.3818 0.0000
vt 0.8555 0.0571 0.0000
vt 0.0889 0.9720 0.0000
vt 0.0010 0.4544 0.0000
vt 0.0143 0.4858 0.0000
vt 0.0010 0.4903 0.0000
vt 0.0881 0.9657 0.0000
vt 0.0143 0.4523 0.0000
vt 0.4473 0.7498 0.0000
vt 0.5018 0.3117 0.0000
vt 0.5164 0.3190 0.0000
vt 0.5208 0.3117 0.0000
vt 0.8780 0.0373 0.0000
vt 0.8730 0.0557 0.0000
vt 0.5715 0.1101 0.0000
vt 0.5810 0.1025 0.0000
vt 0.5760 0.1135 0.0000
vt 0.7822 0.0294 0.0000
vt 0.4972 0.3274 0.0000
vt 0.3920 0.4848 0.0000
vt 0.9857 0.7901 0.0000
vt 0.7346 0.0317 0.0000
vt 0.7587 0.0294 0.0000
vt 0.1004 0.8497 0.0000
vt 0.1020 0.8504 0.0000
vt 0.1019 0.8508 0.0000
vt 0.8205 0.0072 0.0000
vt 0.8221 0.0074 0.0000
vt 0.8221 0.0205 0.0000
vt 0.3645 0.3018 0.0000
vt 0.3592 0.3019 0.0000
vt 0.3634 0.2700 0.0000
vt 0.3581 0.2702 0.0000
vt 0.3859 0.5850 0.0000
vt 0.3892 0.5510 0.0000
vt 0.3859 0.5455 0.0000
vt 0.4063 0.5795 0.0000
vt 0.4098 0.5436 0.0000
vt 0.4098 0.5854 0.0000
vt 0.2752 0.1680 0.0000
vt 0.3170 0.1831 0.0000
vt 0.3101 0.1824 0.0000
vt 0.2746 0.1695 0.0000
vt 0.0652 0.6750 0.0000
vt 0.0652 0.7105 0.0000
vt 0.0520 0.6711 0.0000
vt 0.6235 0.0729 0.0000
vt 0.5831 0.0845 0.0000
vt 0.5801 0.0738 0.0000
vt 0.6363 0.6314 0.0000
vt 0.8116 0.0187 0.0000
vt 0.8190 0.0312 0.0000
vt 0.8590 0.6321 0.0000
vt 0.8608 0.6271 0.0000
vt 0.8891 0.6374 0.0000
vt 0.8873 0.6424 0.0000
vt 0.3966 0.5436 0.0000
vt 0.3969 0.5496 0.0000
vt 0.8086 0.0294 0.0000
vt 0.4063 0.5496 0.0000
vt 0.6602 0.6781 0.0000
vt 0.6563 0.6861 0.0000
vt 0.6552 0.6783 0.0000
vt 0.6613 0.6860 0.0000
vt 0.8202 0.0072 0.0000
vt 0.6600 0.6953 0.0000
vt 0.6549 0.6954 0.0000
vt 0.9757 0.6874 0.0000
vt 0.8116 0.0056 0.0000
vt 0.3813 0.4929 0.0000
vt 0.3817 0.4713 0.0000
vt 0.3824 0.4757 0.0000
vt 0.0982 0.8591 0.0000
vt 0.3164 0.1847 0.0000
vt 0.8205 0.0071 0.0000
vt 0.0652 0.7168 0.0000
vt 0.0653 0.7184 0.0000
vt 0.0653 0.7168 0.0000
vt 0.5863 0.0907 0.0000
vt 0.5859 0.0915 0.0000
vt 0.7837 0.0187 0.0000
vt 0.7837 0.0056 0.0000
vt 0.9418 0.0955 0.0000
vt 0.9663 0.0701 0.0000
vt 0.9463 0.1017 0.0000
vt 0.0520 0.7159 0.0000
vt 0.9944 0.8544 0.0000
vt 0.9946 0.8577 0.0000
vt 0.9658 0.8587 0.0000
vt 0.0696 0.8645 0.0000
vt 0.0713 0.8719 0.0000
vt 0.0010 0.7751 0.0000
vt 0.0143 0.7709 0.0000
vt 0.0143 0.8029 0.0000
vt 0.0010 0.8050 0.0000
vt 0.7588 0.0187 0.0000
vt 0.0472 0.8825 0.0000
vt 0.3845 0.4797 0.0000
vt 0.7588 0.0056 0.0000
vt 0.3878 0.4828 0.0000
vt 0.3918 0.4848 0.0000
vt 0.9163 0.0812 0.0000
vt 0.9182 0.0941 0.0000
vt 0.8991 0.0883 0.0000
vt 0.9326 0.0822 0.0000
vt 0.0246 0.9112 0.0000
vt 0.3071 0.2603 0.0000
vt 0.3195 0.2190 0.0000
vt 0.3251 0.2207 0.0000
vt 0.0320 0.9126 0.0000
vt 0.6884 0.0170 0.0000
vt 0.7297 0.0170 0.0000
vt 0.6874 0.0195 0.0000
vt 0.6927 0.0056 0.0000
vt 0.6369 0.6355 0.0000
vt 0.9657 0.8554 0.0000
vt 0.9659 0.8628 0.0000
vt 0.0010 0.9026 0.0000
vt 0.0010 0.8656 0.0000
vt 0.0143 0.8678 0.0000
vt 0.0143 0.9073 0.0000
vt 0.8651 0.0838 0.0000
vt 0.9192 0.1000 0.0000
vt 0.9205 0.1084 0.0000
vt 0.8947 0.1007 0.0000
vt 0.9523 0.1104 0.0000
vt 0.0517 0.8876 0.0000
vt 0.0143 0.8314 0.0000
vt 0.0010 0.8317 0.0000
vt 0.7272 0.0056 0.0000
vt 0.7315 0.0298 0.0000
vt 0.8772 0.0758 0.0000
vt 0.8879 0.0686 0.0000
vt 0.9031 0.0773 0.0000
vt 0.8973 0.0935 0.0000
vt 0.8722 0.0791 0.0000
vt 0.3866 0.7309 0.0000
vt 0.3866 0.7553 0.0000
vt 0.3835 0.7340 0.0000
vt 0.6037 0.0857 0.0000
vt 0.6222 0.0805 0.0000
vt 0.6209 0.0808 0.0000
vt 0.8432 0.9335 0.0000
vt 0.8438 0.9332 0.0000
vt 0.8449 0.9347 0.0000
vt 0.9881 0.7890 0.0000
vt 0.3921 0.4578 0.0000
vt 0.8897 0.6504 0.0000
vt 0.7339 0.0303 0.0000
vt 0.7321 0.0304 0.0000
vt 0.6431 0.0911 0.0000
vt 0.6330 0.0859 0.0000
vt 0.6471 0.0849 0.0000
vt 0.8896 0.6784 0.0000
vt 0.8896 0.6504 0.0000
vt 0.8822 0.8674 0.0000
vt 0.8828 0.8670 0.0000
vt 0.8832 0.8681 0.0000
vt 0.3920 0.4578 0.0000
vt 0.3878 0.4598 0.0000
vt 0.3813 0.4516 0.0000
vt 0.3824 0.4669 0.0000
vt 0.3845 0.4629 0.0000
vt 0.3855 0.4620 0.0000
vt 0.3617 0.5535 0.0000
vt 0.2498 0.8927 0.0000
vt 0.6607 0.1082 0.0000
vt 0.6552 0.1128 0.0000
vt 0.6547 0.1120 0.0000
vt 0.7433 0.6531 0.0000
vt 0.9664 0.8761 0.0000
vt 0.9663 0.8720 0.0000
vt 0.9952 0.8710 0.0000
vt 0.8892 0.8783 0.0000
vt 0.8860 0.8809 0.0000
vt 0.9438 0.0629 0.0000
vt 0.6839 0.0312 0.0000
vt 0.6847 0.0310 0.0000
vt 0.6849 0.0359 0.0000
vt 0.6713 0.0372 0.0000
vt 0.9332 0.0367 0.0000
vt 0.9329 0.0482 0.0000
vt 0.9299 0.0446 0.0000
vt 0.9440 0.0498 0.0000
vt 0.9345 0.0525 0.0000
vt 0.9348 0.0572 0.0000
vt 0.9260 0.0421 0.0000
vt 0.9215 0.0409 0.0000
vt 0.9225 0.0319 0.0000
vt 0.9169 0.0411 0.0000
vt 0.9126 0.0428 0.0000
vt 0.9090 0.0457 0.0000
vt 0.9057 0.0345 0.0000
vt 0.3127 0.2620 0.0000
vt 0.9661 0.8674 0.0000
vt 0.9950 0.8664 0.0000
vt 0.8832 0.6517 0.0000
vt 0.8855 0.6510 0.0000
vt 0.8855 0.6790 0.0000
vt 0.8822 0.6799 0.0000
vt 0.8822 0.6520 0.0000
vt 0.7287 0.0195 0.0000
vt 0.9948 0.8618 0.0000
vt 0.9954 0.8751 0.0000
vt 0.9336 0.0617 0.0000
vt 0.8895 0.0347 0.0000
vt 0.9064 0.0496 0.0000
vt 0.8231 0.6610 0.0000
vt 0.7113 0.0294 0.0000
vt 0.6960 0.0282 0.0000
vt 0.7065 0.0265 0.0000
vt 0.7069 0.0265 0.0000
vt 0.3482 0.5537 0.0000
vt 0.6205 0.0623 0.0000
vt 0.4333 0.6427 0.0000
vt 0.4221 0.6446 0.0000
vt 0.4221 0.6340 0.0000
vt 0.6234 0.6781 0.0000
vt 0.4092 0.6408 0.0000
vt 0.4092 0.6318 0.0000
vt 0.3835 0.6086 0.0000
vt 0.3966 0.6086 0.0000
vt 0.3944 0.6206 0.0000
vt 0.4091 0.6423 0.0000
vt 0.4092 0.6407 0.0000
vt 0.4073 0.6124 0.0000
vt 0.3661 0.7515 0.0000
vt 0.3757 0.7515 0.0000
vt 0.3759 0.7549 0.0000
vt 0.3628 0.7549 0.0000
vt 0.3835 0.7518 0.0000
vt 0.3813 0.6206 0.0000
vt 0.6414 0.6876 0.0000
vt 0.6428 0.6958 0.0000
vt 0.6378 0.6958 0.0000
vt 0.6364 0.6876 0.0000
vt 0.6381 0.6782 0.0000
vt 0.5254 0.6967 0.0000
vt 0.5254 0.7155 0.0000
vt 0.5158 0.7155 0.0000
vt 0.6526 0.7510 0.0000
vt 0.6318 0.7480 0.0000
vt 0.6338 0.7431 0.0000
vt 0.6430 0.6781 0.0000
vt 0.2630 0.8661 0.0000
vt 0.2591 0.8747 0.0000
vt 0.2548 0.8727 0.0000
vt 0.0653 0.6706 0.0000
vt 0.0653 0.6751 0.0000
vt 0.0653 0.6410 0.0000
vt 0.4333 0.6321 0.0000
vt 0.4051 0.6244 0.0000
vt 0.6530 0.0732 0.0000
vt 0.6294 0.0613 0.0000
vt 0.6229 0.0808 0.0000
vt 0.9495 0.0647 0.0000
vt 0.9667 0.0480 0.0000
vt 0.9743 0.0726 0.0000
vt 0.9853 0.0761 0.0000
vt 0.9859 0.0462 0.0000
vt 0.3759 0.7292 0.0000
vt 0.3757 0.7327 0.0000
vt 0.4834 0.6930 0.0000
vt 0.4833 0.6877 0.0000
vt 0.5027 0.6927 0.0000
vt 0.5692 0.6877 0.0000
vt 0.5717 0.6964 0.0000
vt 0.5668 0.6955 0.0000
vt 0.5741 0.6886 0.0000
vt 0.5741 0.6790 0.0000
vt 0.5027 0.6874 0.0000
vt 0.5332 0.7158 0.0000
vt 0.5332 0.6980 0.0000
vt 0.6506 0.7559 0.0000
vt 0.3628 0.7292 0.0000
vt 0.3661 0.7327 0.0000
vt 0.6981 0.6371 0.0000
vt 0.7097 0.6086 0.0000
vt 0.7111 0.6365 0.0000
vt 0.5692 0.6781 0.0000
vt 0.5158 0.6967 0.0000
vt 0.2422 0.8433 0.0000
vt 0.0015 0.3823 0.0000
vt 0.0010 0.3822 0.0000
vt 0.0010 0.3535 0.0000
vt 0.7114 0.8613 0.0000
vt 0.6986 0.8712 0.0000
vt 0.6985 0.8590 0.0000
vt 0.2728 0.8955 0.0000
vt 0.6490 0.1021 0.0000
vt 0.6874 0.8603 0.0000
vt 0.6875 0.8725 0.0000
vt 0.2724 0.8972 0.0000
vt 0.2520 0.8404 0.0000
vt 0.2519 0.8126 0.0000
vt 0.2540 0.8126 0.0000
vt 0.2565 0.8133 0.0000
vt 0.2563 0.8138 0.0000
vt 0.2563 0.8127 0.0000
vt 0.2566 0.8127 0.0000
vt 0.7067 0.4541 0.0000
vt 0.7069 0.8951 0.0000
vt 0.7068 0.8956 0.0000
vt 0.6967 0.6092 0.0000
vt 0.7115 0.8735 0.0000
vt 0.9748 0.0472 0.0000
vt 0.9540 0.0219 0.0000
vt 0.9614 0.0165 0.0000
vt 0.0520 0.6435 0.0000
vt 0.9498 0.0494 0.0000
vt 0.9372 0.0342 0.0000
vt 0.8459 0.9838 0.0000
vt 0.8427 0.9838 0.0000
vt 0.8427 0.9471 0.0000
vt 0.4602 0.5013 0.0000
vt 0.4675 0.5144 0.0000
vt 0.4602 0.5160 0.0000
vt 0.7782 0.8165 0.0000
vt 0.7709 0.8141 0.0000
vt 0.7782 0.8073 0.0000
vt 0.9518 0.9838 0.0000
vt 0.9518 0.9471 0.0000
vt 0.9559 0.9471 0.0000
vt 0.4675 0.4973 0.0000
vt 0.9559 0.9838 0.0000
vt 0.9605 0.9471 0.0000
vt 0.8705 0.9471 0.0000
vt 0.8738 0.9471 0.0000
vt 0.8738 0.9838 0.0000
vt 0.8385 0.9471 0.0000
vt 0.8385 0.9838 0.0000
vt 0.8618 0.9471 0.0000
vt 0.8339 0.9471 0.0000
vt 0.8459 0.9471 0.0000
vt 0.9651 0.9838 0.0000
vt 0.9651 0.9471 0.0000
vt 0.9692 0.9471 0.0000
vt 0.9692 0.9838 0.0000
vt 0.9605 0.9838 0.0000
vt 0.8705 0.9838 0.0000
vt 0.8663 0.9838 0.0000
vt 0.8663 0.9471 0.0000
vt 0.8578 0.6365 0.0000
vt 0.8531 0.6364 0.0000
vt 0.8487 0.6378 0.0000
vt 0.8449 0.6404 0.0000
vt 0.8421 0.6441 0.0000
vt 0.8405 0.6485 0.0000
vt 0.8405 0.6532 0.0000
vt 0.8418 0.6576 0.0000
vt 0.8445 0.6614 0.0000
vt 0.8482 0.6642 0.0000
vt 0.2728 0.8953 0.0000
vt 0.2498 0.8776 0.0000
vt 0.2728 0.8950 0.0000
vt 0.8696 0.6776 0.0000
vt 0.8696 0.6822 0.0000
vt 0.8405 0.6822 0.0000
vt 0.4880 0.8939 0.0000
vt 0.3349 0.7338 0.0000
vt 0.3351 0.7361 0.0000
vt 0.3349 0.7626 0.0000
vt 0.8405 0.6776 0.0000
vt 0.7431 0.6457 0.0000
vt 0.3678 0.5334 0.0000
vt 0.3693 0.5378 0.0000
vt 0.3694 0.5424 0.0000
vt 0.3680 0.5469 0.0000
vt 0.3654 0.5507 0.0000
vt 0.9485 0.0260 0.0000
vt 0.0010 0.4190 0.0000
vt 0.0143 0.4192 0.0000
vt 0.9370 0.0056 0.0000
vt 0.7008 0.8126 0.0000
vt 0.7058 0.8145 0.0000
vt 0.7056 0.8147 0.0000
vt 0.7942 0.6652 0.0000
vt 0.7944 0.6610 0.0000
vt 0.2792 0.9398 0.0000
vt 0.2899 0.9379 0.0000
vt 0.2899 0.9538 0.0000
vt 0.2670 0.9564 0.0000
vt 0.8696 0.6730 0.0000
vt 0.8405 0.6730 0.0000
vt 0.1153 0.9604 0.0000
vt 0.1166 0.9601 0.0000
vt 0.1171 0.9631 0.0000
vt 0.1089 0.9617 0.0000
vt 0.0018 0.4282 0.0000
vt 0.0010 0.4284 0.0000
vt 0.0010 0.4237 0.0000
vt 0.2669 0.9557 0.0000
vt 0.2668 0.9519 0.0000
vt 0.2661 0.9398 0.0000
vt 0.7455 0.4509 0.0000
vt 0.4928 0.9254 0.0000
vt 0.4880 0.9228 0.0000
vt 0.4880 0.9225 0.0000
vt 0.3350 0.7623 0.0000
vt 0.3351 0.7610 0.0000
vt 0.7709 0.8034 0.0000
vt 0.4602 0.5421 0.0000
vt 0.4602 0.5303 0.0000
vt 0.4675 0.5310 0.0000
vt 0.4675 0.5447 0.0000
vt 0.9305 0.0179 0.0000
vt 0.9247 0.0286 0.0000
vt 0.9052 0.0317 0.0000
vt 0.9333 0.0127 0.0000
vt 0.4321 0.7293 0.0000
vt 0.4367 0.7292 0.0000
vt 0.4447 0.7329 0.0000
vt 0.4474 0.7365 0.0000
vt 0.4410 0.7304 0.0000
vt 0.4488 0.7408 0.0000
vt 0.4488 0.7454 0.0000
vt 0.4972 0.3218 0.0000
vt 0.6132 0.0242 0.0000
vt 0.6273 0.0330 0.0000
vt 0.8409 0.9357 0.0000
vt 0.8405 0.9349 0.0000
vt 0.3573 0.5550 0.0000
vt 0.8948 0.8783 0.0000
vt 0.3526 0.5551 0.0000
vt 0.6920 0.8160 0.0000
vt 0.7049 0.8161 0.0000
# 1331 texture coords

o TorsoBoss
g TorsoBoss
s off
f 1/1/1 2/2/1 3/3/1 
f 4/4/2 5/5/2 3/3/2 
f 6/6/3 1/1/3 7/7/3 
f 8/8/4 9/9/4 10/10/4 
f 11/11/5 12/12/5 13/13/5 
f 14/14/6 15/15/6 16/16/6 
f 17/17/7 18/18/7 19/19/7 
f 20/20/8 21/21/8 19/22/8 
f 22/23/9 23/24/9 24/25/9 
f 4/26/10 3/27/10 25/28/10 
f 26/29/11 27/30/11 3/3/11 
f 23/24/12 3/27/12 28/31/12 
f 3/27/13 27/32/13 28/31/13 
f 19/22/14 23/24/14 28/31/14 
f 19/22/15 9/9/15 23/24/15 
f 19/22/16 21/21/16 9/9/16 
f 29/33/17 18/18/17 17/17/17 
f 30/34/18 18/35/18 29/36/18 
f 29/36/19 31/37/19 30/34/19 
f 30/38/20 32/39/20 33/40/20 
f 33/40/21 18/41/21 30/38/21 
f 34/42/22 19/19/22 28/43/22 
f 35/44/11 26/29/11 36/45/11 
f 26/29/23 3/3/23 36/45/23 
f 37/46/11 36/45/11 3/3/11 
f 37/46/24 3/3/24 38/47/24 
f 2/2/1 38/47/1 3/3/1 
f 38/48/25 39/49/25 37/50/25 
f 40/51/26 39/52/26 2/53/26 
f 41/54/27 31/55/27 42/56/27 
f 31/55/28 29/33/28 17/17/28 
f 43/57/29 44/58/29 45/59/29 
f 30/34/30 44/58/30 43/57/30 
f 42/56/31 17/17/31 46/60/31 
f 19/19/32 34/42/32 17/17/32 
f 47/61/33 48/62/33 49/63/33 
f 50/64/34 51/65/34 52/66/34 
f 28/43/35 27/67/35 34/42/35 
f 27/67/36 26/68/36 34/42/36 
f 53/69/23 26/29/23 54/70/23 
f 55/71/37 54/70/37 26/29/37 
f 35/44/37 55/71/37 26/29/37 
f 54/70/38 56/72/38 53/69/38 
f 56/72/39 57/73/39 53/69/39 
f 53/69/39 57/73/39 58/74/39 
f 58/74/40 16/16/40 53/69/40 
f 59/75/41 34/76/41 53/77/41 
f 53/77/42 34/76/42 26/78/42 
f 60/79/43 61/80/43 53/77/43 
f 62/81/44 59/75/44 63/82/44 
f 46/83/45 17/84/45 64/85/45 
f 17/84/46 34/76/46 65/86/46 
f 62/81/47 66/87/47 59/75/47 
f 34/76/48 59/75/48 65/86/48 
f 67/88/49 52/89/49 68/90/49 
f 69/91/50 70/92/50 57/93/50 
f 56/94/51 69/91/51 57/93/51 
f 56/95/52 54/96/52 69/97/52 
f 71/98/53 67/99/53 68/100/53 
f 68/90/54 72/101/54 73/102/54 
f 74/103/55 71/98/55 75/104/55 
f 73/105/56 71/98/56 68/100/56 
f 49/63/57 49/63/57 49/63/57 
f 49/63/57 49/63/57 49/63/57 
f 49/63/57 49/63/57 49/63/57 
f 47/106/58 50/64/58 52/66/58 
f 72/107/59 50/64/59 76/108/59 
f 49/63/57 76/109/57 49/63/57 
f 49/63/57 49/63/57 50/110/57 
f 49/63/60 50/110/60 47/61/60 
f 51/111/61 72/101/61 68/90/61 
f 51/65/62 50/64/62 72/107/62 
f 52/89/49 51/111/49 68/90/49 
f 77/112/63 78/113/63 79/114/63 
f 80/115/64 81/116/64 82/117/64 
f 80/115/65 82/117/65 83/118/65 
f 82/119/66 84/120/66 83/121/66 
f 85/122/67 84/120/67 86/123/67 
f 87/124/68 88/125/68 85/122/68 
f 89/126/69 90/127/69 91/128/69 
f 91/128/69 92/129/69 89/126/69 
f 93/130/69 94/131/69 95/132/69 
f 96/133/69 95/132/69 94/131/69 
f 89/126/69 92/129/69 94/131/69 
f 96/133/69 94/131/69 92/129/69 
f 95/132/69 97/134/69 93/130/69 
f 98/135/69 93/130/69 97/134/69 
f 93/130/69 98/135/69 99/136/69 
f 98/135/69 100/137/69 99/136/69 
f 101/138/69 99/136/69 100/137/69 
f 100/137/69 102/139/69 101/138/69 
f 103/140/70 104/141/70 105/142/70 
f 106/143/69 107/144/69 108/145/69 
f 109/146/69 108/145/69 107/144/69 
f 106/147/71 92/148/71 91/149/71 
f 89/150/72 94/151/72 110/152/72 
f 96/153/73 108/154/73 95/155/73 
f 96/153/74 92/156/74 108/154/74 
f 110/152/75 111/157/75 89/150/75 
f 106/158/74 108/154/74 92/156/74 
f 95/155/76 109/159/76 112/160/76 
f 95/155/73 108/154/73 109/159/73 
f 91/149/71 107/161/71 106/147/71 
f 107/161/77 91/149/77 113/162/77 
f 114/163/69 112/164/69 113/165/69 
f 107/144/69 113/165/69 112/164/69 
f 107/144/69 112/164/69 109/146/69 
f 99/166/78 115/167/78 93/168/78 
f 112/160/79 98/169/79 97/170/79 
f 97/170/76 95/155/76 112/160/76 
f 116/171/80 117/172/80 118/173/80 
f 119/174/81 100/175/81 98/176/81 
f 120/177/82 121/178/82 122/179/82 
f 98/176/81 114/180/81 119/174/81 
f 114/181/79 98/169/79 112/160/79 
f 123/182/83 124/183/83 125/184/83 
f 105/142/84 124/185/84 123/186/84 
f 122/187/85 126/188/85 127/189/85 
f 125/190/86 128/191/86 129/192/86 
f 130/193/87 131/194/87 122/179/87 
f 103/195/88 123/182/88 132/196/88 
f 90/197/89 133/198/89 113/162/89 
f 102/199/90 134/200/90 135/201/90 
f 134/200/91 102/199/91 119/174/91 
f 100/175/91 119/174/91 102/199/91 
f 91/149/77 90/197/77 113/162/77 
f 135/202/69 134/203/69 113/165/69 
f 134/203/69 119/204/69 113/165/69 
f 119/204/69 114/163/69 113/165/69 
f 136/205/92 137/206/92 75/207/92 
f 75/207/93 138/208/93 136/205/93 
f 77/112/94 139/209/94 78/113/94 
f 140/210/95 49/63/95 48/62/95 
f 83/121/96 84/120/96 140/210/96 
f 84/120/97 85/122/97 88/125/97 
f 140/210/98 84/120/98 88/125/98 
f 76/109/99 49/63/99 88/125/99 
f 78/211/100 141/212/100 142/213/100 
f 142/213/101 143/214/101 78/211/101 
f 73/215/102 144/216/102 141/212/102 
f 71/98/103 141/217/103 78/218/103 
f 71/98/56 73/105/56 141/217/56 
f 78/218/104 75/104/104 71/98/104 
f 48/62/95 145/219/95 140/210/95 
f 88/125/98 49/63/98 140/210/98 
f 50/110/105 49/63/105 76/109/105 
f 146/220/106 73/102/106 72/101/106 
f 76/221/107 146/222/107 72/223/107 
f 73/102/108 146/220/108 144/224/108 
f 146/222/109 76/221/109 87/225/109 
f 88/125/110 87/124/110 76/109/110 
f 141/212/102 144/216/102 142/213/102 
f 147/226/111 148/227/111 149/228/111 
f 101/229/112 150/230/112 99/166/112 
f 151/231/112 150/230/112 101/229/112 
f 151/232/113 80/233/113 83/121/113 
f 101/138/114 80/233/114 151/232/114 
f 145/219/115 83/121/115 140/210/115 
f 152/234/116 153/235/116 154/236/116 
f 155/237/117 154/238/117 153/239/117 
f 156/240/118 117/172/118 157/241/118 
f 158/242/119 159/243/119 160/244/119 
f 161/245/120 162/246/120 163/247/120 
f 164/248/121 165/249/121 166/250/121 
f 164/251/122 167/252/122 165/253/122 
f 168/254/123 169/255/123 170/256/123 
f 171/257/124 169/255/124 168/254/124 
f 172/258/125 173/259/125 174/260/125 
f 175/261/126 172/262/126 176/263/126 
f 103/264/127 132/265/127 177/266/127 
f 104/267/128 103/264/128 177/266/128 
f 178/268/129 125/190/129 179/269/129 
f 178/268/130 179/269/130 180/270/130 
f 175/271/131 132/272/131 181/273/131 
f 175/274/132 181/275/132 182/276/132 
f 183/277/133 182/276/133 181/275/133 
f 182/278/134 183/279/134 184/280/134 
f 185/281/135 186/282/135 180/283/135 
f 122/179/136 131/194/136 162/284/136 
f 176/263/137 187/285/137 180/286/137 
f 125/287/138 124/288/138 179/289/138 
f 124/288/139 188/290/139 179/289/139 
f 176/291/140 180/270/140 179/269/140 
f 179/269/141 189/292/141 176/291/141 
f 185/293/142 180/286/142 187/285/142 
f 177/294/143 175/271/143 176/291/143 
f 189/292/143 177/294/143 176/291/143 
f 105/295/144 179/296/144 188/297/144 
f 105/295/145 189/298/145 179/296/145 
f 176/263/146 174/299/146 187/285/146 
f 189/298/147 105/295/147 177/300/147 
f 104/301/147 177/300/147 105/295/147 
f 124/185/148 105/142/148 188/302/148 
f 177/294/149 132/272/149 175/271/149 
f 172/262/150 174/299/150 176/263/150 
f 190/303/151 187/285/151 174/299/151 
f 191/304/152 118/173/152 117/172/152 
f 126/305/153 122/179/153 121/178/153 
f 157/241/154 117/172/154 192/306/154 
f 116/171/155 192/306/155 117/172/155 
f 122/179/156 193/307/156 120/177/156 
f 122/179/157 194/308/157 193/307/157 
f 195/309/158 196/310/158 197/311/158 
f 174/260/159 173/259/159 190/312/159 
f 182/276/132 198/313/132 175/274/132 
f 198/314/160 172/262/160 175/261/160 
f 182/278/161 184/280/161 198/315/161 
f 173/316/162 198/315/162 184/280/162 
f 198/315/163 173/316/163 172/317/163 
f 199/318/164 185/281/164 200/319/164 
f 201/320/165 153/239/165 185/293/165 
f 185/293/166 187/285/166 201/320/166 
f 190/303/167 202/321/167 187/285/167 
f 203/322/168 204/323/168 205/324/168 
f 173/316/169 184/280/169 206/325/169 
f 207/326/170 208/327/170 209/328/170 
f 173/259/171 210/329/171 190/312/171 
f 145/219/172 151/232/172 83/121/172 
f 210/329/173 202/330/173 190/312/173 
f 173/331/174 206/332/174 210/333/174 
f 206/332/175 211/334/175 210/333/175 
f 201/320/176 212/335/176 153/239/176 
f 202/330/177 210/329/177 213/336/177 
f 197/311/178 196/310/178 207/337/178 
f 201/320/179 202/321/179 214/338/179 
f 131/339/180 208/340/180 196/310/180 
f 153/239/181 212/335/181 169/255/181 
f 201/320/167 187/285/167 202/321/167 
f 115/167/182 110/152/182 94/151/182 
f 215/341/183 110/342/183 216/343/183 
f 111/344/184 110/342/184 215/341/184 
f 111/344/185 215/341/185 204/323/185 
f 207/337/186 196/310/186 208/340/186 
f 196/310/187 162/246/187 131/339/187 
f 52/89/188 67/88/188 217/345/188 
f 117/172/189 74/103/189 75/104/189 
f 158/242/190 74/103/190 117/172/190 
f 71/98/191 74/103/191 67/99/191 
f 196/346/192 218/347/192 158/348/192 
f 217/345/188 67/88/188 219/349/188 
f 220/350/193 74/351/193 158/352/193 
f 220/350/194 67/353/194 74/351/194 
f 131/194/195 130/193/195 208/354/195 
f 130/355/196 209/328/196 208/327/196 
f 209/328/197 221/356/197 207/326/197 
f 222/357/198 47/358/198 217/359/198 
f 47/358/199 52/360/199 217/359/199 
f 49/63/57 49/63/57 48/62/57 
f 47/61/200 222/361/200 48/62/200 
f 204/323/201 223/362/201 205/324/201 
f 204/323/202 215/341/202 223/362/202 
f 211/363/203 223/362/203 224/364/203 
f 205/324/204 223/362/204 211/363/204 
f 206/365/205 205/324/205 211/363/205 
f 202/330/206 213/336/206 214/366/206 
f 210/333/207 211/334/207 213/367/207 
f 211/334/208 224/368/208 213/367/208 
f 214/338/209 220/350/209 212/335/209 
f 213/336/210 219/349/210 214/366/210 
f 214/338/211 219/369/211 220/350/211 
f 212/335/179 201/320/179 214/338/179 
f 169/255/212 212/335/212 225/370/212 
f 115/167/78 99/166/78 150/230/78 
f 115/167/213 94/151/213 93/168/213 
f 150/371/214 226/372/214 216/343/214 
f 216/343/214 115/373/214 150/371/214 
f 216/343/215 110/342/215 115/373/215 
f 151/232/216 226/372/216 150/371/216 
f 227/374/217 223/362/217 215/341/217 
f 227/374/218 215/341/218 216/343/218 
f 227/374/219 216/343/219 226/372/219 
f 228/375/220 227/374/220 226/372/220 
f 228/375/221 224/364/221 227/374/221 
f 223/362/222 227/374/222 224/364/222 
f 229/376/223 230/377/223 231/378/223 
f 199/318/224 232/379/224 185/281/224 
f 233/380/225 234/381/225 186/282/225 
f 235/382/226 236/383/226 237/384/226 
f 238/385/227 237/386/227 239/387/227 
f 240/388/228 241/389/228 242/390/228 
f 242/391/229 243/392/229 240/393/229 
f 237/394/230 225/370/230 235/395/230 
f 244/396/231 245/397/231 246/398/231 
f 247/399/232 148/400/232 242/391/232 
f 236/401/233 235/402/233 225/403/233 
f 248/404/228 247/405/228 218/406/228 
f 195/309/234 249/407/234 218/406/234 
f 250/408/235 218/406/235 249/407/235 
f 251/409/236 218/406/236 250/408/236 
f 252/410/237 253/411/237 254/412/237 
f 255/413/237 253/411/237 252/410/237 
f 256/414/238 257/415/238 258/416/238 
f 256/417/239 258/418/239 259/419/239 
f 255/413/237 260/420/237 253/411/237 
f 261/421/237 254/412/237 253/411/237 
f 262/422/237 253/411/237 260/420/237 
f 2/53/240 1/423/240 40/51/240 
f 263/424/237 261/421/237 253/411/237 
f 195/309/241 218/406/241 196/310/241 
f 264/425/242 265/426/242 249/427/242 
f 220/428/243 266/429/243 225/403/243 
f 266/429/244 267/430/244 268/431/244 
f 248/404/245 218/406/245 251/409/245 
f 219/349/246 213/336/246 217/345/246 
f 89/126/69 269/432/69 90/127/69 
f 270/433/247 271/434/247 143/435/247 
f 271/434/248 272/436/248 143/435/248 
f 273/437/69 274/438/69 275/439/69 
f 276/440/69 277/441/69 273/437/69 
f 276/440/69 278/442/69 277/441/69 
f 275/439/69 274/438/69 279/443/69 
f 274/438/69 273/437/69 277/441/69 
f 280/444/69 279/443/69 281/445/69 
f 274/438/69 281/445/69 279/443/69 
f 282/446/69 280/444/69 281/445/69 
f 283/447/69 284/448/69 285/449/69 
f 281/445/69 285/449/69 282/446/69 
f 213/367/249 222/357/249 217/359/249 
f 266/450/192 158/348/192 218/347/192 
f 286/451/250 264/425/250 195/452/250 
f 248/453/251 251/454/251 287/455/251 
f 250/456/252 265/457/252 251/454/252 
f 287/455/253 148/400/253 248/453/253 
f 225/370/254 212/335/254 220/350/254 
f 158/352/193 266/458/193 220/350/193 
f 288/459/255 289/460/255 65/86/255 
f 67/353/256 220/350/256 219/369/256 
f 65/86/257 289/460/257 290/461/257 
f 197/462/258 286/451/258 195/452/258 
f 249/427/250 195/452/250 264/425/250 
f 288/459/259 65/86/259 291/463/259 
f 250/464/242 249/427/242 265/426/242 
f 133/465/69 90/127/69 269/432/69 
f 278/442/69 133/465/69 269/432/69 
f 269/432/69 277/441/69 278/442/69 
f 207/326/197 221/356/197 197/462/197 
f 284/448/69 282/446/69 285/449/69 
f 197/462/258 221/356/258 286/451/258 
f 285/449/69 81/466/69 283/447/69 
f 101/138/69 292/467/69 81/466/69 
f 81/466/69 80/233/69 101/138/69 
f 102/139/69 292/467/69 101/138/69 
f 283/447/69 81/466/69 292/467/69 
f 293/468/260 294/469/260 295/470/260 
f 296/471/261 297/472/261 298/473/261 
f 298/473/262 297/472/262 299/474/262 
f 295/475/237 300/476/237 293/477/237 
f 178/478/263 180/283/263 186/282/263 
f 128/479/264 178/480/264 301/481/264 
f 123/182/265 125/184/265 129/482/265 
f 123/186/70 103/140/70 105/142/70 
f 128/191/266 125/190/266 178/268/266 
f 302/483/267 303/484/267 301/481/267 
f 304/485/268 305/486/268 301/487/268 
f 128/479/269 301/481/269 303/484/269 
f 181/488/270 128/479/270 303/484/270 
f 183/489/271 181/488/271 303/484/271 
f 181/273/272 132/272/272 128/191/272 
f 129/192/272 128/191/272 132/272/272 
f 129/482/88 132/196/88 123/182/88 
f 229/490/273 304/485/273 301/487/273 
f 306/491/274 307/492/274 304/493/274 
f 305/494/274 304/493/274 307/492/274 
f 308/495/275 306/491/275 304/493/275 
f 287/455/276 251/454/276 265/457/276 
f 308/495/277 304/493/277 229/376/277 
f 247/399/278 248/453/278 148/400/278 
f 229/376/279 231/378/279 308/495/279 
f 302/496/268 301/487/268 305/486/268 
f 309/497/280 310/498/280 308/499/280 
f 306/500/280 308/499/280 310/498/280 
f 307/501/281 306/500/281 310/498/281 
f 145/219/282 226/372/282 151/232/282 
f 228/375/283 145/219/283 48/62/283 
f 145/219/284 228/375/284 226/372/284 
f 310/502/285 311/503/285 312/504/285 
f 312/505/286 313/506/286 307/507/286 
f 213/367/287 224/368/287 222/357/287 
f 310/498/281 312/508/281 307/501/281 
f 228/375/288 222/361/288 224/364/288 
f 48/62/289 222/361/289 228/375/289 
f 303/509/290 302/510/290 314/511/290 
f 303/512/291 314/513/291 183/279/291 
f 315/514/292 184/280/292 314/513/292 
f 301/481/293 178/480/293 186/515/293 
f 186/516/294 229/490/294 301/487/294 
f 186/282/295 230/517/295 229/518/295 
f 246/398/286 230/517/286 186/282/286 
f 234/381/296 316/519/296 186/282/296 
f 203/322/297 317/520/297 204/323/297 
f 203/322/298 318/521/298 317/520/298 
f 205/324/299 319/522/299 203/322/299 
f 314/513/300 184/280/300 183/279/300 
f 184/523/301 319/522/301 206/365/301 
f 319/522/302 205/324/302 206/365/302 
f 184/523/303 33/524/303 319/522/303 
f 231/378/304 230/377/304 320/525/304 
f 321/526/305 231/378/305 320/525/305 
f 309/527/306 308/528/306 231/529/306 
f 231/530/307 311/531/307 322/532/307 
f 311/531/308 231/530/308 321/533/308 
f 321/533/309 313/534/309 311/531/309 
f 309/527/310 231/529/310 322/535/310 
f 311/503/311 310/502/311 309/536/311 
f 311/503/312 309/536/312 322/537/312 
f 312/505/286 323/538/286 313/506/286 
f 307/492/313 324/539/313 305/494/313 
f 313/540/314 324/539/314 307/492/314 
f 321/526/315 320/525/315 313/540/315 
f 324/541/316 302/542/316 305/543/316 
f 311/531/309 313/534/309 323/544/309 
f 312/504/285 311/503/285 323/545/285 
f 314/511/317 302/510/317 315/546/317 
f 21/547/318 20/548/318 315/549/318 
f 324/539/315 313/540/315 320/525/315 
f 325/550/319 324/551/319 320/552/319 
f 9/9/320 326/553/320 258/416/320 
f 246/398/321 245/397/321 327/554/321 
f 230/555/322 325/550/322 320/552/322 
f 325/550/322 230/555/322 246/556/322 
f 326/553/323 9/9/323 328/557/323 
f 21/21/324 328/557/324 9/9/324 
f 315/546/19 329/558/19 21/559/19 
f 328/560/325 21/559/325 329/558/325 
f 33/40/21 315/549/21 20/548/21 
f 330/561/326 331/562/326 328/560/326 
f 329/558/327 330/561/327 328/560/327 
f 326/563/328 328/560/328 331/562/328 
f 332/564/329 326/563/329 331/562/329 
f 18/18/7 20/565/7 19/19/7 
f 18/41/330 33/40/330 20/548/330 
f 325/550/331 246/556/331 330/566/331 
f 331/567/332 330/566/332 246/556/332 
f 329/568/333 302/542/333 324/541/333 
f 324/551/319 325/550/319 329/569/319 
f 315/546/334 302/510/334 329/558/334 
f 325/550/335 330/566/335 329/569/335 
f 319/522/336 333/570/336 203/322/336 
f 203/322/337 333/570/337 318/521/337 
f 319/522/338 33/524/338 333/570/338 
f 318/521/339 333/570/339 334/571/339 
f 32/572/340 333/570/340 33/524/340 
f 33/573/341 184/280/341 315/514/341 
f 269/432/342 89/126/342 111/344/342 
f 317/520/343 269/432/343 111/344/343 
f 335/574/344 277/441/344 269/432/344 
f 111/344/345 204/323/345 317/520/345 
f 277/441/346 335/574/346 336/575/346 
f 277/441/347 336/575/347 274/438/347 
f 269/432/348 317/520/348 335/574/348 
f 276/576/349 273/577/349 337/578/349 
f 338/579/350 81/580/350 285/581/350 
f 338/582/351 285/583/351 281/584/351 
f 282/585/352 339/586/352 280/587/352 
f 338/579/353 82/588/353 81/580/353 
f 280/587/354 340/589/354 279/590/354 
f 282/591/355 284/592/355 339/593/355 
f 341/594/356 133/198/356 278/595/356 
f 276/576/357 337/578/357 278/595/357 
f 341/594/357 278/595/357 337/578/357 
f 318/521/358 335/574/358 317/520/358 
f 102/199/90 135/201/90 292/596/90 
f 113/162/89 133/198/89 342/597/89 
f 342/597/356 133/198/356 341/594/356 
f 273/577/349 343/598/349 337/578/349 
f 275/599/359 344/600/359 273/601/359 
f 343/602/359 273/601/359 344/600/359 
f 345/603/360 344/600/360 279/590/360 
f 275/599/360 279/590/360 344/600/360 
f 345/603/354 279/590/354 340/589/354 
f 280/587/352 339/586/352 340/589/352 
f 346/604/355 339/593/355 284/592/355 
f 283/605/361 347/606/361 346/604/361 
f 283/605/361 346/604/361 284/592/361 
f 292/596/362 135/201/362 347/606/362 
f 292/596/362 347/606/362 283/605/362 
f 113/165/69 342/607/69 341/608/69 
f 113/165/69 341/608/69 337/609/69 
f 113/165/69 337/609/69 343/610/69 
f 113/165/69 343/610/69 344/611/69 
f 113/165/69 344/611/69 345/612/69 
f 113/165/69 345/612/69 340/613/69 
f 113/165/69 340/613/69 339/614/69 
f 113/165/69 339/614/69 346/615/69 
f 113/165/69 346/615/69 347/616/69 
f 113/165/69 347/616/69 135/202/69 
f 11/11/240 40/51/240 1/423/240 
f 258/416/363 326/553/363 332/617/363 
f 246/618/364 258/416/364 331/619/364 
f 332/617/365 331/619/365 258/416/365 
f 17/17/366 42/56/366 31/55/366 
f 348/620/367 349/621/367 36/622/367 
f 36/622/368 37/50/368 348/620/368 
f 44/58/369 30/34/369 41/623/369 
f 31/37/328 41/623/328 30/34/328 
f 44/624/370 41/625/370 350/626/370 
f 348/620/368 37/50/368 39/49/368 
f 35/627/367 36/622/367 349/621/367 
f 38/628/26 2/53/26 39/52/26 
f 40/629/237 11/630/237 39/631/237 
f 39/631/237 11/630/237 348/632/237 
f 348/632/237 11/630/237 349/633/237 
f 351/634/371 336/575/371 335/574/372 
f 335/574/371 318/521/371 351/634/371 
f 334/571/339 351/634/339 318/521/339 
f 32/39/373 30/38/373 43/635/373 
f 352/636/374 32/39/374 43/635/374 
f 32/572/375 334/571/375 333/570/375 
f 32/572/376 352/637/376 334/571/376 
f 299/638/377 297/639/377 353/640/377 
f 59/75/378 66/87/378 354/641/378 
f 58/642/379 70/92/379 16/643/379 
f 143/644/380 142/645/380 297/646/380 
f 17/84/381 65/86/381 297/646/381 
f 295/470/379 16/643/379 70/92/379 
f 297/646/382 64/85/382 17/84/382 
f 355/647/383 64/85/383 297/646/383 
f 55/648/384 253/649/384 54/96/384 
f 355/650/385 356/651/385 64/652/385 
f 356/651/386 357/653/386 64/652/386 
f 87/225/387 46/654/387 146/222/387 
f 87/225/388 352/636/388 43/635/388 
f 64/655/387 146/222/387 46/654/387 
f 43/635/389 42/656/389 87/225/389 
f 46/654/390 87/225/390 42/656/390 
f 356/657/391 297/646/391 142/645/391 
f 297/646/391 356/657/391 355/647/391 
f 146/220/386 64/652/386 357/653/386 
f 144/224/392 146/220/392 357/653/392 
f 356/657/393 142/645/393 357/658/393 
f 144/659/394 357/658/394 142/645/394 
f 350/660/395 41/54/395 42/56/395 
f 69/97/384 54/96/384 253/649/384 
f 350/661/396 42/662/396 43/57/396 
f 45/59/397 358/663/397 43/57/397 
f 350/661/398 43/57/398 358/663/398 
f 44/624/399 350/626/399 358/664/399 
f 58/642/51 57/93/51 70/92/51 
f 358/664/400 45/665/400 44/624/400 
f 35/627/401 349/621/401 55/648/401 
f 253/649/401 55/648/401 349/621/401 
f 349/633/237 11/630/237 253/411/237 
f 338/582/402 281/584/402 359/666/402 
f 281/667/403 274/668/403 359/669/403 
f 359/669/404 274/668/404 336/670/404 
f 359/671/405 360/672/405 338/673/405 
f 86/123/406 84/120/406 82/119/406 
f 86/123/407 338/673/407 360/672/407 
f 86/123/408 82/119/408 338/673/408 
f 334/571/409 361/674/409 351/634/409 
f 336/575/410 360/672/410 359/671/410 
f 336/575/410 351/634/410 360/672/410 
f 360/672/411 351/634/411 361/674/411 
f 334/571/412 352/637/412 361/674/412 
f 360/672/413 361/674/413 85/122/413 
f 85/122/414 86/123/414 360/672/414 
f 85/122/415 361/674/415 352/637/415 
f 87/124/416 85/122/416 352/637/416 
f 7/7/417 1/1/417 3/3/417 
f 3/3/417 5/5/417 7/7/417 
f 12/12/418 11/11/418 1/423/418 
f 1/423/418 6/675/418 12/12/418 
f 60/676/417 53/69/417 16/16/417 
f 16/16/417 15/15/417 60/676/417 
f 14/677/260 16/643/260 295/470/260 
f 295/470/260 294/469/260 14/677/260 
f 24/25/419 23/24/419 9/9/419 
f 9/9/419 8/8/419 24/25/419 
f 25/28/420 3/27/420 23/24/420 
f 23/24/420 22/23/420 25/28/420 
f 63/82/421 59/75/421 53/77/421 
f 53/77/421 61/80/421 63/82/421 
f 362/678/422 130/679/422 122/187/422 
f 122/187/422 127/189/422 362/678/422 
f 363/680/423 209/681/423 130/679/423 
f 130/679/423 362/678/423 363/680/423 
f 79/114/63 78/113/63 143/435/63 
f 143/435/63 272/436/63 79/114/63 
f 138/208/424 75/207/424 78/113/424 
f 78/113/424 139/209/424 138/208/424 
f 364/682/425 264/683/425 286/684/425 
f 286/684/425 365/685/425 364/682/425 
f 365/685/426 286/684/426 221/686/426 
f 221/686/426 366/687/426 365/685/426 
f 367/688/427 287/689/427 265/690/427 
f 265/690/427 368/691/427 367/688/427 
f 366/687/428 221/686/428 209/681/428 
f 209/681/428 363/680/428 366/687/428 
f 368/691/429 265/690/429 264/683/429 
f 264/683/429 364/682/429 368/691/429 
f 159/243/430 158/242/430 117/172/430 
f 117/172/430 156/240/430 159/243/430 
f 369/692/431 196/693/431 158/242/431 
f 158/242/431 160/244/431 369/692/431 
f 166/250/432 165/249/432 237/386/432 
f 237/386/432 238/385/432 166/250/432 
f 225/370/433 237/394/433 370/694/433 
f 370/694/434 237/394/434 165/253/434 
f 165/253/434 167/252/434 370/694/434 
f 163/247/158 162/246/158 196/310/158 
f 196/310/158 369/695/158 163/247/158 
f 194/308/435 122/179/435 162/284/435 
f 162/284/435 161/696/435 194/308/435 
f 200/319/116 185/281/116 153/235/116 
f 153/235/116 152/234/116 200/319/116 
f 155/237/124 153/239/124 169/255/124 
f 169/255/124 171/257/124 155/237/124 
f 191/697/436 117/698/436 75/207/436 
f 75/207/436 137/206/436 191/697/436 
f 170/256/437 169/255/437 225/370/437 
f 225/370/437 370/694/437 170/256/437 
f 233/380/225 186/282/225 185/281/225 
f 185/281/225 232/379/225 233/380/225 
f 239/699/438 237/384/438 236/383/438 
f 236/383/438 371/700/438 239/699/438 
f 371/701/439 236/401/439 225/403/439 
f 225/403/439 372/702/439 371/701/439 
f 247/405/440 242/390/440 241/389/440 
f 243/392/441 242/391/441 148/400/441 
f 148/400/441 147/703/441 243/392/441 
f 373/704/442 218/406/442 247/405/442 
f 247/405/442 241/389/442 373/704/442 
f 374/705/237 69/706/237 253/411/237 
f 253/411/237 262/422/237 374/705/237 
f 267/430/443 266/429/443 218/707/443 
f 218/707/443 373/708/443 267/430/443 
f 372/702/444 225/403/444 266/429/444 
f 266/429/444 268/431/444 372/702/444 
f 375/709/237 70/710/237 69/706/237 
f 69/706/237 374/705/237 375/709/237 
f 300/476/237 295/475/237 70/710/237 
f 70/710/237 375/709/237 300/476/237 
f 149/228/445 148/227/445 287/689/445 
f 287/689/445 367/688/445 149/228/445 
f 244/396/446 246/398/446 186/282/446 
f 186/282/446 316/519/446 244/396/446 
f 259/419/239 258/418/239 246/398/239 
f 246/398/239 327/554/239 259/419/239 
f 10/10/447 9/9/447 258/416/447 
f 258/416/447 257/415/447 10/10/447 
f 291/463/448 65/86/448 59/75/448 
f 59/75/448 354/641/448 291/463/448 
f 353/640/449 297/639/449 65/711/449 
f 65/711/449 290/712/449 353/640/449 
f 270/433/247 143/435/247 297/472/247 
f 297/472/247 296/471/247 270/433/247 
f 263/424/237 253/411/237 11/630/237 
f 11/630/237 13/713/237 263/424/237 
f 376/714/450 377/715/450 378/716/450 
f 5/5/451 4/4/451 378/716/451 
f 377/715/452 6/6/452 7/7/452 
f 379/717/453 8/8/453 10/10/453 
f 12/12/454 380/718/454 13/13/454 
f 15/15/455 14/14/455 381/719/455 
f 382/720/456 383/721/456 384/722/456 
f 385/723/457 386/724/457 384/725/457 
f 387/726/458 22/23/458 24/25/458 
f 378/727/459 4/26/459 25/28/459 
f 388/728/460 389/729/460 378/716/460 
f 378/727/461 387/726/461 390/730/461 
f 388/731/462 378/727/462 390/730/462 
f 387/726/463 384/725/463 390/730/463 
f 379/717/464 384/725/464 387/726/464 
f 385/723/465 384/725/465 379/717/465 
f 382/720/466 391/732/466 383/721/466 
f 382/733/467 392/734/467 391/735/467 
f 393/736/468 391/735/468 392/734/468 
f 394/737/469 392/738/469 395/739/469 
f 382/740/470 395/739/470 392/738/470 
f 384/722/471 396/741/471 390/742/471 
f 389/729/460 397/743/460 398/744/460 
f 378/716/472 389/729/472 398/744/472 
f 398/744/460 399/745/460 378/716/460 
f 378/716/473 399/745/473 400/746/473 
f 400/746/450 376/714/450 378/716/450 
f 401/747/474 400/748/474 399/749/474 
f 401/750/475 402/751/475 376/752/475 
f 393/753/476 403/754/476 404/755/476 
f 391/732/477 393/753/477 383/721/477 
f 405/756/478 406/757/478 407/758/478 
f 405/756/479 392/734/479 406/757/479 
f 383/721/480 404/755/480 408/759/480 
f 396/741/481 384/722/481 383/721/481 
f 409/760/482 410/761/482 411/762/482 
f 412/763/483 413/764/483 414/765/483 
f 388/766/484 390/742/484 396/741/484 
f 389/767/485 388/766/485 396/741/485 
f 389/729/472 415/768/472 416/769/472 
f 416/769/486 417/770/486 389/729/486 
f 417/770/486 397/743/486 389/729/486 
f 418/771/487 416/769/487 415/768/487 
f 419/772/488 418/771/488 415/768/488 
f 419/772/488 415/768/488 420/773/488 
f 381/719/489 420/773/489 415/768/489 
f 396/774/490 421/775/490 415/776/490 
f 396/774/491 415/776/491 389/777/491 
f 61/80/492 60/79/492 415/776/492 
f 421/775/493 62/81/493 63/82/493 
f 383/778/494 408/779/494 422/780/494 
f 396/774/495 383/778/495 423/781/495 
f 66/87/496 62/81/496 421/775/496 
f 421/775/497 396/774/497 423/781/497 
f 414/782/498 424/783/498 425/784/498 
f 426/785/499 427/786/499 419/787/499 
f 427/786/500 418/788/500 419/787/500 
f 416/789/501 418/790/501 427/791/501 
f 424/792/53 428/793/53 425/794/53 
f 429/795/502 425/784/502 430/796/502 
f 428/793/503 431/797/503 432/798/503 
f 428/793/56 430/799/56 425/794/56 
f 411/762/69 411/762/69 411/762/69 
f 411/762/69 411/762/69 411/762/69 
f 411/762/69 411/762/69 411/762/69 
f 413/764/504 410/800/504 414/765/504 
f 413/764/505 429/801/505 433/802/505 
f 433/803/69 411/762/69 411/762/69 
f 411/762/69 411/762/69 413/804/69 
f 413/804/506 411/762/506 410/761/506 
f 429/795/507 412/805/507 425/784/507 
f 413/764/508 412/763/508 429/801/508 
f 412/805/498 414/782/498 425/784/498 
f 434/806/509 77/807/509 79/808/509 
f 435/809/510 436/810/510 437/811/510 
f 437/811/511 436/810/511 438/812/511 
f 439/813/512 437/814/512 438/815/512 
f 439/813/513 440/816/513 441/817/513 
f 442/818/514 443/819/514 440/816/514 
f 444/820/57 445/821/57 446/822/57 
f 447/823/57 446/822/57 445/821/57 
f 448/824/57 449/825/57 450/826/57 
f 450/826/57 451/827/57 448/824/57 
f 447/823/57 445/821/57 448/824/57 
f 448/824/57 451/827/57 447/823/57 
f 452/828/57 450/826/57 449/825/57 
f 449/825/57 453/829/57 452/828/57 
f 453/829/57 449/825/57 454/830/57 
f 455/831/57 453/829/57 454/830/57 
f 454/830/57 456/832/57 455/831/57 
f 457/833/57 455/831/57 456/832/57 
f 458/834/70 459/835/70 460/836/70 
f 461/837/57 462/838/57 463/839/57 
f 463/839/57 464/840/57 461/837/57 
f 447/841/71 462/842/71 446/843/71 
f 448/844/515 445/845/515 465/846/515 
f 463/847/73 451/848/73 450/849/73 
f 447/850/74 451/848/74 463/847/74 
f 466/851/516 465/846/516 445/845/516 
f 463/847/74 462/852/74 447/850/74 
f 464/853/76 450/849/76 467/854/76 
f 463/847/73 450/849/73 464/853/73 
f 461/855/71 446/843/71 462/842/71 
f 446/843/77 461/855/77 468/856/77 
f 467/857/57 469/858/57 468/859/57 
f 468/859/57 461/837/57 467/857/57 
f 467/857/57 461/837/57 464/840/57 
f 470/860/517 454/861/517 449/862/517 
f 453/863/79 467/854/79 452/864/79 
f 450/849/76 452/864/76 467/854/76 
f 471/865/518 116/171/518 118/173/518 
f 455/866/81 472/867/81 453/868/81 
f 121/178/519 120/177/519 473/869/519 
f 469/870/81 453/868/81 472/867/81 
f 453/863/79 469/871/79 467/854/79 
f 474/872/520 475/873/520 476/874/520 
f 474/875/521 460/836/521 475/876/521 
f 126/188/522 473/877/522 127/189/522 
f 477/878/523 476/879/523 478/880/523 
f 479/881/524 480/882/524 473/869/524 
f 475/873/88 459/883/88 481/884/88 
f 482/885/89 444/886/89 468/856/89 
f 483/887/90 457/888/90 484/889/90 
f 457/888/91 483/887/91 472/867/91 
f 472/867/91 455/866/91 457/888/91 
f 444/886/77 446/843/77 468/856/77 
f 483/890/57 484/891/57 468/859/57 
f 472/892/57 483/890/57 468/859/57 
f 469/858/57 472/892/57 468/859/57 
f 137/893/525 136/894/525 432/895/525 
f 138/896/526 432/895/526 136/894/526 
f 139/897/527 77/807/527 434/806/527 
f 411/762/528 485/898/528 409/760/528 
f 439/813/529 438/815/529 485/898/529 
f 440/816/530 439/813/530 442/818/530 
f 439/813/531 485/898/531 442/818/531 
f 411/762/532 433/803/532 442/818/532 
f 486/899/533 434/900/533 487/901/533 
f 488/902/534 487/901/534 434/900/534 
f 489/903/102 430/904/102 486/899/102 
f 486/905/535 428/793/535 434/906/535 
f 430/799/56 428/793/56 486/905/56 
f 432/798/536 434/906/536 428/793/536 
f 490/907/528 409/760/528 485/898/528 
f 411/762/531 442/818/531 485/898/531 
f 411/762/537 413/804/537 433/803/537 
f 430/796/538 491/908/538 429/795/538 
f 491/909/539 433/910/539 429/911/539 
f 491/908/540 430/796/540 489/912/540 
f 433/910/541 491/909/541 443/913/541 
f 443/819/542 442/818/542 433/803/542 
f 489/903/102 486/899/102 487/901/102 
f 492/914/543 147/226/543 149/228/543 
f 493/915/544 456/916/544 454/861/544 
f 493/915/544 494/917/544 456/916/544 
f 436/918/545 494/919/545 438/815/545 
f 436/918/546 456/832/546 494/919/546 
f 438/815/547 490/907/547 485/898/547 
f 495/920/548 152/921/548 154/922/548 
f 154/238/549 155/237/549 495/923/549 
f 471/865/550 156/240/550 157/241/550 
f 159/243/551 496/924/551 160/244/551 
f 497/925/552 161/245/552 163/247/552 
f 498/926/553 164/248/553 166/250/553 
f 167/252/554 164/251/554 498/927/554 
f 499/928/555 168/254/555 170/256/555 
f 499/928/556 171/257/556 168/254/556 
f 500/929/557 501/930/557 502/931/557 
f 501/932/126 503/933/126 504/934/126 
f 481/935/558 459/936/558 505/937/558 
f 459/936/559 458/938/559 505/937/559 
f 476/879/560 506/939/560 507/940/560 
f 507/940/561 506/939/561 508/941/561 
f 481/942/562 503/943/562 509/944/562 
f 509/945/563 503/946/563 510/947/563 
f 510/947/564 511/948/564 509/945/564 
f 511/949/565 510/950/565 512/951/565 
f 513/952/566 514/953/566 508/954/566 
f 479/881/567 473/869/567 497/955/567 
f 515/956/568 504/934/568 508/957/568 
f 474/958/569 476/959/569 507/960/569 
f 516/961/570 474/958/570 507/960/570 
f 508/941/571 504/962/571 507/940/571 
f 517/963/572 507/940/572 504/962/572 
f 508/957/573 514/964/573 515/956/573 
f 503/943/143 505/965/143 504/962/143 
f 505/965/143 517/963/143 504/962/143 
f 507/966/574 460/967/574 516/968/574 
f 517/969/575 460/967/575 507/966/575 
f 502/970/151 504/934/151 515/956/151 
f 460/967/147 517/969/147 505/971/147 
f 505/971/147 458/972/147 460/967/147 
f 460/836/576 474/875/576 516/973/576 
f 481/942/577 505/965/577 503/943/577 
f 502/970/578 501/932/578 504/934/578 
f 515/956/151 518/974/151 502/970/151 
f 118/173/579 191/304/579 471/865/579 
f 473/869/580 126/305/580 121/178/580 
f 471/865/581 157/241/581 192/306/581 
f 192/306/582 116/171/582 471/865/582 
f 193/307/583 473/869/583 120/177/583 
f 194/308/584 473/869/584 193/307/584 
f 519/975/585 520/976/585 521/977/585 
f 500/929/586 502/931/586 518/978/586 
f 522/979/563 510/947/563 503/946/563 
f 501/932/587 522/980/587 503/933/587 
f 512/951/588 510/950/588 522/981/588 
f 522/981/589 500/982/589 512/951/589 
f 500/982/590 522/981/590 501/983/590 
f 514/953/591 199/984/591 200/985/591 
f 495/923/592 523/986/592 514/964/592 
f 515/956/593 514/964/593 523/986/593 
f 524/987/167 518/974/167 515/956/167 
f 525/988/594 526/989/594 527/990/594 
f 512/951/595 500/982/595 528/991/595 
f 529/992/596 530/993/596 531/994/596 
f 532/995/597 500/929/597 518/978/597 
f 494/919/598 490/907/598 438/815/598 
f 524/996/599 532/995/599 518/978/599 
f 528/997/600 500/998/600 532/999/600 
f 533/1000/601 528/997/601 532/999/601 
f 534/1001/602 523/986/602 495/923/602 
f 532/995/603 524/996/603 535/1002/603 
f 519/975/604 521/977/604 530/1003/604 
f 524/987/179 523/986/179 536/1004/179 
f 529/1005/605 479/1006/605 519/975/605 
f 534/1001/606 495/923/606 499/928/606 
f 515/956/167 523/986/167 524/987/167 
f 465/846/607 470/860/607 448/844/607 
f 465/1007/608 537/1008/608 538/1009/608 
f 465/1007/609 466/1010/609 537/1008/609 
f 537/1008/610 466/1010/610 525/988/610 
f 519/975/611 530/1003/611 529/1005/611 
f 497/925/612 519/975/612 479/1006/612 
f 424/783/613 414/782/613 539/1011/613 
f 431/797/614 471/865/614 432/798/614 
f 431/797/615 496/924/615 471/865/615 
f 431/797/616 428/793/616 424/792/616 
f 540/1012/617 519/1013/617 496/1014/617 
f 424/783/613 539/1011/613 541/1015/613 
f 431/1016/618 542/1017/618 496/1018/618 
f 424/1019/619 542/1017/619 431/1016/619 
f 480/882/620 479/881/620 529/1020/620 
f 531/994/621 480/1021/621 529/992/621 
f 543/1022/622 531/994/622 530/993/622 
f 410/1023/623 544/1024/623 539/1025/623 
f 414/1026/624 410/1023/624 539/1025/624 
f 411/762/69 411/762/69 409/760/69 
f 544/1027/625 410/761/625 409/760/625 
f 545/1028/626 525/988/626 527/990/626 
f 537/1008/627 525/988/627 545/1028/627 
f 545/1028/628 533/1029/628 546/1030/628 
f 545/1028/629 527/990/629 533/1029/629 
f 527/990/630 528/1031/630 533/1029/630 
f 535/1002/631 524/996/631 536/1032/631 
f 533/1000/632 532/999/632 535/1033/632 
f 546/1034/633 533/1000/633 535/1033/633 
f 542/1017/209 536/1004/209 534/1001/209 
f 541/1015/634 535/1002/634 536/1032/634 
f 541/1035/635 536/1004/635 542/1017/635 
f 523/986/179 534/1001/179 536/1004/179 
f 534/1001/636 499/928/636 547/1036/636 
f 454/861/517 470/860/517 493/915/517 
f 448/844/637 470/860/637 449/862/637 
f 548/1037/638 493/1038/638 538/1009/638 
f 470/1039/638 538/1009/638 493/1038/638 
f 465/1007/639 538/1009/639 470/1039/639 
f 548/1037/640 494/919/640 493/1038/640 
f 545/1028/641 549/1040/641 537/1008/641 
f 537/1008/642 549/1040/642 538/1009/642 
f 538/1009/643 549/1040/643 548/1037/643 
f 549/1040/644 550/1041/644 548/1037/644 
f 546/1030/645 550/1041/645 549/1040/645 
f 549/1040/646 545/1028/646 546/1030/646 
f 551/1042/647 552/1043/647 553/1044/647 
f 232/1045/648 199/984/648 514/953/648 
f 234/1046/649 233/1047/649 513/952/649 
f 554/1048/650 555/1049/650 556/1050/650 
f 556/1051/651 238/385/651 239/387/651 
f 241/389/652 240/388/652 557/1052/652 
f 243/392/653 557/1053/653 240/393/653 
f 547/1036/654 556/1054/654 555/1055/654 
f 245/1056/655 244/1057/655 558/1058/655 
f 492/1059/656 559/1060/656 557/1053/656 
f 555/1061/657 554/1062/657 547/1063/657 
f 559/1064/652 560/1065/652 540/1066/652 
f 561/1067/658 520/976/658 540/1066/658 
f 540/1066/659 562/1068/659 561/1067/659 
f 540/1066/660 563/1069/660 562/1068/660 
f 564/1070/237 252/410/237 254/412/237 
f 564/1070/237 255/413/237 252/410/237 
f 257/415/661 256/414/661 565/1071/661 
f 565/1072/662 256/1073/662 259/1074/662 
f 260/420/237 255/413/237 564/1070/237 
f 254/412/237 261/421/237 564/1070/237 
f 564/1070/237 262/422/237 260/420/237 
f 377/1075/663 376/752/663 402/751/663 
f 261/421/237 263/424/237 564/1070/237 
f 540/1066/664 520/976/664 519/975/664 
f 566/1076/665 567/1077/665 561/1078/665 
f 568/1079/666 542/1080/666 547/1063/666 
f 267/430/667 568/1079/667 268/431/667 
f 540/1066/668 560/1065/668 563/1069/668 
f 535/1002/669 541/1015/669 539/1011/669 
f 569/1081/57 445/821/57 444/820/57 
f 271/1082/670 270/1083/670 488/1084/670 
f 272/1085/671 271/1082/671 488/1084/671 
f 570/1086/57 571/1087/57 572/1088/57 
f 573/1089/57 574/1090/57 571/1087/57 
f 575/1091/57 574/1090/57 573/1089/57 
f 570/1086/57 572/1088/57 576/1092/57 
f 571/1087/57 570/1086/57 573/1089/57 
f 576/1092/57 577/1093/57 578/1094/57 
f 578/1094/57 570/1086/57 576/1092/57 
f 577/1093/57 579/1095/57 578/1094/57 
f 580/1096/57 581/1097/57 582/1098/57 
f 582/1098/57 578/1094/57 579/1095/57 
f 544/1024/672 535/1033/672 539/1025/672 
f 496/1014/617 568/1099/617 540/1012/617 
f 567/1077/673 583/1100/673 520/1101/673 
f 563/1102/674 560/1103/674 584/1104/674 
f 566/1105/675 562/1106/675 563/1102/675 
f 492/1059/676 584/1104/676 560/1103/676 
f 534/1001/677 547/1036/677 542/1017/677 
f 568/1107/618 496/1018/618 542/1017/618 
f 289/460/678 288/459/678 423/781/678 
f 542/1017/679 424/1019/679 541/1035/679 
f 289/460/680 423/781/680 290/461/680 
f 583/1100/681 521/1108/681 520/1101/681 
f 520/1101/673 561/1078/673 567/1077/673 
f 423/781/682 288/459/682 291/463/682 
f 561/1078/665 562/1109/665 566/1076/665 
f 444/820/57 482/1110/57 569/1081/57 
f 482/1110/57 575/1091/57 569/1081/57 
f 573/1089/57 569/1081/57 575/1091/57 
f 543/1022/622 530/993/622 521/1108/622 
f 579/1095/57 580/1096/57 582/1098/57 
f 543/1022/681 521/1108/681 583/1100/681 
f 435/1111/57 582/1098/57 581/1097/57 
f 585/1112/57 456/832/57 435/1111/57 
f 436/918/57 435/1111/57 456/832/57 
f 585/1112/57 457/833/57 456/832/57 
f 435/1111/57 581/1097/57 585/1112/57 
f 294/469/683 293/468/683 586/1113/683 
f 587/1114/684 296/1115/684 298/1116/684 
f 587/1114/685 298/1116/685 299/1117/685 
f 300/476/237 586/1118/237 293/477/237 
f 508/954/686 506/1119/686 513/952/686 
f 506/1120/687 477/1121/687 588/1122/687 
f 476/874/688 475/873/688 478/1123/688 
f 459/835/70 475/876/70 460/836/70 
f 476/879/689 477/878/689 506/939/689 
f 589/1124/267 590/1125/267 588/1122/267 
f 591/1126/268 592/1127/268 588/1128/268 
f 588/1122/690 477/1121/690 589/1124/690 
f 477/1121/270 509/1129/270 589/1124/270 
f 509/1129/691 511/1130/691 589/1124/691 
f 481/942/272 509/944/272 477/878/272 
f 477/878/272 478/880/272 481/942/272 
f 481/884/88 478/1123/88 475/873/88 
f 592/1127/692 552/1131/692 588/1128/692 
f 593/1132/274 594/1133/274 592/1134/274 
f 592/1134/274 591/1135/274 593/1132/274 
f 594/1133/693 595/1136/693 592/1134/693 
f 563/1102/694 584/1104/694 566/1105/694 
f 592/1134/695 595/1136/695 552/1043/695 
f 560/1103/696 559/1060/696 492/1059/696 
f 553/1044/697 552/1043/697 595/1136/697 
f 588/1128/268 590/1137/268 591/1126/268 
f 596/1138/698 597/1139/698 595/1140/698 
f 595/1140/698 594/1141/698 596/1138/698 
f 594/1141/281 593/1142/281 596/1138/281 
f 548/1037/699 490/907/699 494/919/699 
f 490/907/700 550/1041/700 409/760/700 
f 550/1041/701 490/907/701 548/1037/701 
f 598/1143/285 596/1144/285 599/1145/285 
f 600/1146/702 599/1147/702 593/1148/702 
f 546/1034/703 535/1033/703 544/1024/703 
f 599/1149/281 596/1138/281 593/1142/281 
f 544/1027/704 550/1041/704 546/1030/704 
f 544/1027/705 409/760/705 550/1041/705 
f 590/1150/706 589/1151/706 601/1152/706 
f 601/1153/707 589/1154/707 511/949/707 
f 512/951/708 602/1155/708 601/1153/708 
f 506/1120/709 588/1122/709 513/1156/709 
f 552/1131/710 513/1157/710 588/1128/710 
f 551/1158/711 513/952/711 552/1159/711 
f 551/1158/702 558/1058/702 513/952/702 
f 316/1160/712 234/1046/712 513/952/712 
f 603/1161/713 526/989/713 525/988/713 
f 604/1162/714 526/989/714 603/1161/714 
f 605/1163/715 527/990/715 526/989/715 
f 512/951/716 601/1153/716 511/949/716 
f 605/1163/717 512/1164/717 528/1031/717 
f 527/990/718 605/1163/718 528/1031/718 
f 395/1165/719 512/1164/719 605/1163/719 
f 551/1042/720 553/1044/720 606/1166/720 
f 553/1044/721 607/1167/721 606/1166/721 
f 595/1168/722 597/1169/722 553/1170/722 
f 598/1171/723 553/1172/723 608/1173/723 
f 553/1172/724 598/1171/724 607/1174/724 
f 600/1175/309 607/1174/309 598/1171/309 
f 553/1170/725 597/1169/725 608/1176/725 
f 596/1144/726 598/1143/726 597/1177/726 
f 597/1177/727 598/1143/727 608/1178/727 
f 609/1179/702 599/1147/702 600/1146/702 
f 610/1180/728 593/1132/728 591/1135/728 
f 610/1180/729 600/1181/729 593/1132/729 
f 606/1166/315 607/1167/315 600/1181/315 
f 590/1182/730 610/1183/730 591/1184/730 
f 600/1175/309 598/1171/309 609/1185/309 
f 598/1143/285 599/1145/285 609/1186/285 
f 590/1150/731 601/1152/731 602/1187/731 
f 386/1188/732 385/1189/732 602/1190/732 
f 600/1181/315 610/1180/315 606/1166/315 
f 610/1191/319 611/1192/319 606/1193/319 
f 612/1194/733 379/717/733 565/1071/733 
f 245/1056/734 558/1058/734 327/1195/734 
f 611/1192/735 551/1196/735 606/1193/735 
f 551/1196/735 611/1192/735 558/1197/735 
f 379/717/736 612/1194/736 613/1198/736 
f 613/1198/737 385/723/737 379/717/737 
f 614/1199/468 602/1187/468 385/1200/468 
f 385/1200/738 613/1201/738 614/1199/738 
f 602/1190/470 395/739/470 386/1188/470 
f 615/1202/739 616/1203/739 613/1201/739 
f 616/1203/740 614/1199/740 613/1201/740 
f 613/1201/741 612/1204/741 615/1202/741 
f 612/1204/742 617/1205/742 615/1202/742 
f 386/1206/456 382/720/456 384/722/456 
f 395/739/743 382/740/743 386/1188/743 
f 558/1197/744 611/1192/744 616/1207/744 
f 616/1207/745 615/1208/745 558/1197/745 
f 590/1182/746 614/1209/746 610/1183/746 
f 611/1192/319 610/1191/319 614/1210/319 
f 590/1150/747 602/1187/747 614/1199/747 
f 616/1207/335 611/1192/335 614/1210/335 
f 618/1211/748 605/1163/748 526/989/748 
f 618/1211/749 526/989/749 604/1162/749 
f 395/1165/750 605/1163/750 618/1211/750 
f 618/1211/751 604/1162/751 619/1212/751 
f 618/1211/752 394/1213/752 395/1165/752 
f 512/951/753 395/1214/753 602/1155/753 
f 445/821/754 569/1081/754 466/1010/754 
f 569/1081/755 603/1161/755 466/1010/755 
f 573/1089/756 620/1215/756 569/1081/756 
f 525/988/757 466/1010/757 603/1161/757 
f 620/1215/758 573/1089/758 621/1216/758 
f 621/1216/759 573/1089/759 570/1086/759 
f 603/1161/760 569/1081/760 620/1215/760 
f 571/1217/349 574/1218/349 622/1219/349 
f 435/1220/761 623/1221/761 582/1222/761 
f 582/1223/762 623/1224/762 578/1225/762 
f 624/1226/352 579/1227/352 577/1228/352 
f 437/1229/763 623/1221/763 435/1220/763 
f 625/1230/354 577/1228/354 576/1231/354 
f 580/1232/355 579/1233/355 624/1234/355 
f 482/885/356 626/1235/356 575/1236/356 
f 622/1219/357 574/1218/357 575/1236/357 
f 575/1236/357 626/1235/357 622/1219/357 
f 620/1215/764 604/1162/764 603/1161/764 
f 484/889/90 457/888/90 585/1237/90 
f 482/885/89 468/856/89 627/1238/89 
f 482/885/356 627/1238/356 626/1235/356 
f 628/1239/349 571/1217/349 622/1219/349 
f 629/1240/359 572/1241/359 571/1242/359 
f 571/1242/359 628/1243/359 629/1240/359 
f 629/1240/360 630/1244/360 576/1231/360 
f 576/1231/360 572/1241/360 629/1240/360 
f 576/1231/354 630/1244/354 625/1230/354 
f 624/1226/352 577/1228/352 625/1230/352 
f 624/1234/355 631/1245/355 580/1232/355 
f 632/1246/361 581/1247/361 631/1245/361 
f 631/1245/361 581/1247/361 580/1232/361 
f 484/889/362 585/1237/362 632/1246/362 
f 632/1246/362 585/1237/362 581/1247/362 
f 627/1248/57 468/859/57 626/1249/57 
f 626/1249/57 468/859/57 622/1250/57 
f 622/1250/57 468/859/57 628/1251/57 
f 628/1251/57 468/859/57 629/1252/57 
f 629/1252/57 468/859/57 630/1253/57 
f 630/1253/57 468/859/57 625/1254/57 
f 625/1254/57 468/859/57 624/1255/57 
f 624/1255/57 468/859/57 631/1256/57 
f 631/1256/57 468/859/57 632/1257/57 
f 632/1257/57 468/859/57 484/891/57 
f 402/751/663 380/718/663 377/1075/663 
f 612/1194/765 565/1071/765 617/1258/765 
f 565/1071/766 558/1259/766 615/1260/766 
f 615/1260/767 617/1258/767 565/1071/767 
f 404/755/768 383/721/768 393/753/768 
f 633/1261/769 634/1262/769 398/1263/769 
f 399/749/770 398/1263/770 634/1262/770 
f 392/734/771 405/756/771 403/1264/771 
f 403/1264/741 393/736/741 392/734/741 
f 403/1265/772 405/1266/772 635/1267/772 
f 399/749/770 634/1262/770 401/747/770 
f 398/1263/769 397/1268/769 633/1261/769 
f 376/752/475 400/1269/475 401/750/475 
f 380/1270/237 402/1271/237 401/1272/237 
f 380/1270/237 401/1272/237 634/1273/237 
f 380/1270/237 634/1273/237 633/1274/237 
f 621/1216/773 636/1275/773 620/1215/774 
f 604/1162/773 620/1215/773 636/1275/773 
f 636/1275/751 619/1212/751 604/1162/751 
f 392/738/775 394/737/775 406/1276/775 
f 394/737/776 637/1277/776 406/1276/776 
f 619/1212/777 394/1213/777 618/1211/777 
f 637/1278/778 394/1213/778 619/1212/778 
f 587/1279/779 299/1280/779 353/1281/779 
f 66/87/780 421/775/780 354/641/780 
f 426/785/781 420/1282/781 381/1283/781 
f 487/1284/782 488/1285/782 587/1286/782 
f 423/781/783 383/778/783 587/1286/783 
f 381/1283/781 586/1113/781 426/785/781 
f 422/780/784 587/1286/784 383/778/784 
f 422/780/785 638/1287/785 587/1286/785 
f 564/1288/786 417/1289/786 416/789/786 
f 639/1290/787 638/1291/787 422/1292/787 
f 640/1293/788 639/1290/788 422/1292/788 
f 408/1294/789 443/913/789 491/909/789 
f 637/1277/790 443/913/790 406/1276/790 
f 491/909/789 422/1295/789 408/1294/789 
f 404/1296/791 406/1276/791 443/913/791 
f 443/913/792 408/1294/792 404/1296/792 
f 587/1286/793 639/1297/793 487/1284/793 
f 639/1297/793 587/1286/793 638/1287/793 
f 422/1292/788 491/908/788 640/1293/788 
f 491/908/794 489/912/794 640/1293/794 
f 487/1284/795 639/1297/795 640/1298/795 
f 640/1298/394 489/1299/394 487/1284/394 
f 403/754/796 635/1300/796 404/755/796 
f 416/789/786 427/791/786 564/1288/786 
f 404/1301/797 635/1302/797 406/757/797 
f 641/1303/798 407/758/798 406/757/798 
f 406/757/799 635/1302/799 641/1303/799 
f 635/1267/800 405/1266/800 641/1304/800 
f 419/787/500 420/1282/500 426/785/500 
f 407/1305/801 641/1304/801 405/1266/801 
f 633/1261/802 397/1268/802 417/1289/802 
f 417/1289/802 564/1288/802 633/1261/802 
f 380/1270/237 633/1274/237 564/1070/237 
f 578/1225/803 623/1224/803 642/1306/803 
f 570/1307/804 578/1308/804 642/1309/804 
f 570/1307/805 642/1309/805 621/1310/805 
f 643/1311/806 642/1312/806 623/1313/806 
f 439/813/807 441/817/807 437/814/807 
f 623/1313/808 441/817/808 643/1311/808 
f 437/814/809 441/817/809 623/1313/809 
f 644/1314/810 619/1212/810 636/1275/810 
f 643/1311/811 621/1216/811 642/1312/811 
f 636/1275/811 621/1216/811 643/1311/811 
f 636/1275/812 643/1311/812 644/1314/812 
f 637/1278/813 619/1212/813 644/1314/813 
f 644/1314/814 643/1311/814 440/816/814 
f 441/817/815 440/816/815 643/1311/815 
f 644/1314/816 440/816/816 637/1278/816 
f 440/816/817 443/819/817 637/1278/817 
f 378/716/818 377/715/818 7/7/818 
f 7/7/818 5/5/818 378/716/818 
f 377/1075/819 380/718/819 12/12/819 
f 12/12/819 6/675/819 377/1075/819 
f 381/719/818 415/768/818 60/676/818 
f 60/676/818 15/15/818 381/719/818 
f 586/1113/683 381/1283/683 14/677/683 
f 14/677/683 294/469/683 586/1113/683 
f 379/717/820 387/726/820 24/25/820 
f 24/25/820 8/8/820 379/717/820 
f 387/726/821 378/727/821 25/28/821 
f 25/28/821 22/23/821 387/726/821 
f 415/776/822 421/775/822 63/82/822 
f 63/82/822 61/80/822 415/776/822 
f 473/877/823 480/1315/823 362/678/823 
f 362/678/823 127/189/823 473/877/823 
f 480/1315/824 531/1316/824 363/680/824 
f 363/680/824 362/678/824 480/1315/824 
f 488/1084/509 434/806/509 79/808/509 
f 79/808/509 272/1085/509 488/1084/509 
f 434/806/825 432/895/825 138/896/825 
f 138/896/825 139/897/825 434/806/825 
f 583/1317/425 567/1318/425 364/682/425 
f 364/682/425 365/685/425 583/1317/425 
f 543/1319/426 583/1317/426 365/685/426 
f 365/685/426 366/687/426 543/1319/426 
f 566/1320/826 584/1321/826 367/688/826 
f 367/688/826 368/691/826 566/1320/826 
f 531/1316/827 543/1319/827 366/687/827 
f 366/687/827 363/680/827 531/1316/827 
f 567/1318/425 566/1320/425 368/691/425 
f 368/691/425 364/682/425 567/1318/425 
f 471/865/828 496/924/828 159/243/828 
f 159/243/828 156/240/828 471/865/828 
f 496/924/829 519/1322/829 369/692/829 
f 369/692/829 160/244/829 496/924/829 
f 556/1051/830 498/926/830 166/250/830 
f 166/250/830 238/385/830 556/1051/830 
f 556/1054/831 547/1036/831 370/694/831 
f 498/927/832 556/1054/832 370/694/832 
f 370/694/832 167/252/832 498/927/832 
f 519/975/585 497/925/585 163/247/585 
f 163/247/585 369/695/585 519/975/585 
f 497/955/833 473/869/833 194/308/833 
f 194/308/833 161/696/833 497/955/833 
f 495/920/548 514/953/548 200/985/548 
f 200/985/548 152/921/548 495/920/548 
f 499/928/556 495/923/556 155/237/556 
f 155/237/556 171/257/556 499/928/556 
f 432/895/834 471/1323/834 191/1324/834 
f 191/1324/834 137/893/834 432/895/834 
f 547/1036/835 499/928/835 170/256/835 
f 170/256/835 370/694/835 547/1036/835 
f 514/953/649 513/952/649 233/1047/649 
f 233/1047/649 232/1045/649 514/953/649 
f 554/1048/836 556/1050/836 239/1325/836 
f 239/1325/836 371/1326/836 554/1048/836 
f 547/1063/837 554/1062/837 371/701/837 
f 371/701/837 372/702/837 547/1063/837 
f 557/1052/838 559/1064/838 241/389/838 
f 492/1059/839 557/1053/839 243/392/839 
f 243/392/839 147/703/839 492/1059/839 
f 559/1064/840 540/1066/840 373/704/840 
f 373/704/840 241/389/840 559/1064/840 
f 564/1070/237 427/1327/237 374/705/237 
f 374/705/237 262/422/237 564/1070/237 
f 540/1328/841 568/1079/841 267/430/841 
f 267/430/841 373/708/841 540/1328/841 
f 568/1079/842 547/1063/842 372/702/842 
f 372/702/842 268/431/842 568/1079/842 
f 427/1327/237 426/1329/237 375/709/237 
f 375/709/237 374/705/237 427/1327/237 
f 426/1329/237 586/1118/237 300/476/237 
f 300/476/237 375/709/237 426/1329/237 
f 584/1321/843 492/914/843 149/228/843 
f 149/228/843 367/688/843 584/1321/843 
f 513/952/844 558/1058/844 244/1057/844 
f 244/1057/844 316/1160/844 513/952/844 
f 558/1058/662 565/1072/662 259/1074/662 
f 259/1074/662 327/1195/662 558/1058/662 
f 565/1071/845 379/717/845 10/10/845 
f 10/10/845 257/415/845 565/1071/845 
f 421/775/846 423/781/846 291/463/846 
f 291/463/846 354/641/846 421/775/846 
f 423/1330/847 587/1279/847 353/1281/847 
f 353/1281/847 290/1331/847 423/1330/847 
f 587/1114/670 488/1084/670 270/1083/670 
f 270/1083/670 296/1115/670 587/1114/670 
f 380/1270/237 564/1070/237 263/424/237 
f 263/424/237 13/713/237 380/1270/237 
# 1296 faces

